考試,試卷,年度,題號,科目,考點,答案,能力,資料,陷阱,策略,判讀提示,題目文字,代號
會考社會,social,111,1,地理,宗教分布（朝覲）,C,D,S2,T6,G2,由參與國多為伊斯蘭國家（沙烏地、印尼、巴基斯坦）判斷是朝覲,"某宗教的全球年度大型集會 表(一)活動在2017年約有235萬人參 國家 人數 國家 人數與。表(一)為該年參與者的來源 沙烏地阿拉伯600,108 伊朗 86,500國及其人數，此一宗教活動最 印尼 221,000 土耳其 79,000可能為下列何者？ 巴基斯坦 179,210 奈及利亞 79,000 (A)佛教浴佛節 印度 170,000 阿爾及利亞 36,000 (B)印度教大壺節 孟加拉 127,198 摩洛哥 31,000 (C)伊斯蘭教朝覲 埃及 108,000 ",social-111-1
會考社會,social,111,2,地理,地形（泥岩惡地地質公園）,B,R,S3,T7,G1,位於板塊交界、海岸山脈最南端的泥岩惡地，找對應位置,臺灣一處具有特殊泥岩惡地景觀的地點，於2020年7月由地方政府審議通過為地質公園。該地位處板塊交界附近及海岸山脈最南端，泥岩夾雜外來岩塊的地層，為該地質公園主要特色。上述地質公園最可能位於圖(一)中何處？ (A)甲 (B)乙 (C)丙 (D)丁 圖(一) 圖(一),social-111-2
會考社會,social,111,3,地理,氣候空間變化,C,R,S3,T5,G1,由東南沿海往西北內陸，夏季由溼熱轉為乾熱,中國的氣候受地形、緯度、距海遠近等因素影響，而有空間上的差異。圖(二)中甲、乙、丙、丁哪一路線夏季氣候的空間變化趨勢，具有明顯的「由溼熱，變乾熱」的特性？ (A)甲 (B)乙 (C)丙 圖(二) (D)丁 圖(二),social-111-3
會考社會,social,111,4,地理,水庫淤積改善,A,E,S5,T6,G3,淤積來自上游土砂，改善要從集水區植被復育著手,根據經濟部 水利署的統計，截至2019年底，臺灣40座主要水庫中，淤積率超過30%的共有15座，例如霧社水庫淤積率達74.8%、烏山頭水庫達49.2%，顯示臺灣水庫淤積程度嚴重，影響水庫蓄水功能。下列何項策略最能有效改善上述現象？ (A)強化集水區崩塌裸露地的植被復育 (B)擴大在河川下游種植防風林的面積 (C)減少都市不透水鋪面，增加雨水入滲 (D)增加地面水源供應，以取代地下水源,social-111-4
會考社會,social,111,5,歷史,戰後民主運動（黨外雜誌）,D,D,S4,T1,H3,1980 年代黨外雜誌的主要訴求是解除戒嚴，注意時代,圖(三)為1980年代臺灣某雜誌的封底，藉此表達該雜誌社的政治訴求。圖中內容所呈現的訴求，最可能與下列何者有關？ (A)中央民意代表改選以及總統直選 (B)政府應該妥善處理「二二八事件」 (C)政府推行國語運動使得母語式微 圖(三) (D)消弭戒嚴體制對人民權利的限制 圖(三),social-111-5
會考社會,social,111,6,歷史,古代戶籍文件,B,D,S1,T1,H1,戶籍記錄人口，用來徵收賦稅與勞役，不是科舉選才,圖(四)為中國歷史上某種官方文件的內容，根據圖中內容判斷，當時政府製作此官方文件的主要目的最可能為下列何者？ (A)配合科舉選拔人才，促進社會的流動 (B)掌握人力作為徵集賦稅和勞役的依據 (C)推行封建制度並保障貴族世襲的權力 (D)根據儒家思想，實施以仁為政的措施& 建初十二年：西元416 年。 圖(四) 圖( ) 圖(四),social-111-6
會考社會,social,111,7,歷史,亞歷山大帝國,C,K,S0,T7,H8,統一希臘城邦並征服埃及、西亞的是亞歷山大帝國,「柯因奈語」(Koine)，又稱「通用希臘語」，是大約發源於西元前四世紀的國際性語言。此一語言因某帝國在政治上統一了愛琴海地區各希臘城邦，融合了該地區多種方言發展而成；其後又伴隨帝國對外武力征服，向埃及、西亞等地區擴散傳播，對於往後數百年間科學、文學和宗教的發展影響深遠。上述的「某帝國」，最可能為下列何者？ (A)波斯帝國 (B)蒙兀兒帝國 (C)亞歷山大帝國 (D)阿茲提克帝國,social-111-7
會考社會,social,111,8,歷史,史前考古,C,R,S4,T2,H3,要選具有時代特徵的器物，而不是各時代都有的工具,圖(五)是臺灣某考古遺址中，同一文化層出土的四種石器。圖中何者最適合作為判斷該文化層所屬時代的證據？ (A)甲 (B)乙 (C)丙 (D)丁 圖(五) 圖(五),social-111-8
會考社會,social,111,9,公民,法律與宗教規範衝突,B,E,S5,T2,C2,神明指示擴建卻違反法律：法律規範與宗教信仰的衝突,某宮廟因違法擴建道路及廟宇建築，涉嫌竊占國土及濫墾山坡地，相關單位多次介入協調，要求廟方自行拆除，但該廟負責人認為廟地選址及擴建的決定皆為神明指示，堅決不願退讓，於是相關單位除了開罰六萬元外，並將負責人移送法辦。上述內容最可能是關於下列哪二者之間的衝突？ (A)環境保育與經濟發展 (B)法律規範與宗教信仰 (C)傳統習俗與倫理道德觀念 (D)信仰宗教自由與人民財產權是關於下列哪 者之間的衝 (B)法律規範與宗教信仰 ( )法律規範與宗教信仰 (D)信仰宗教自由與人民財產權,social-111-9
會考社會,social,111,10,公民,檢察官職權,C,E,S5,T7,C2,偵辦犯罪並提起公訴的是檢察官,國中生小安寄了一封陳情信給某位公職人員，信中敘述父親因沉迷賭博，導致家中債臺高築，害他的父母離異、家庭破碎，希望有人能幫幫他，讓父親不再沉溺賭海。該名公職人員收到信後立刻啟動偵辦，循線破獲非法賭場，並依法對賭場業者與賭徒提起公訴。根據上述內容判斷，小安寄信的對象應是下列何者？ (A)法官 (B)律師 (C)檢察官 (D)警察局局長容判斷 小 (B)律師 ( )律師 (D)警察局局長,social-111-10
會考社會,social,111,11,公民,廠商行銷策略,B,D,S4,T2,C4,由廣告強調的重點判斷廠商採取的策略,創新科技公司為了讓其產品「LED省電燈泡」的銷售量增加，在各大報紙刊登廣告，內容如圖(六)所示。根據圖中內容判斷，該公司最可能是採取下列何種方式來達成目標？ (A)降低成本 (B)價格競爭 圖(六) (C)建立品牌形象 (D)延長營業時間 圖( ) 圖(六),social-111-11
會考社會,social,111,12,地理,人口政策（生育數）,A,D,S2,T3,G2,各世代生育數下降，政策要鼓勵生育,圖(七)呈現某國不同年分出生的婦女，在育齡期間累積的生育數。為了改變圖中資料呈現的趨勢以維持人口結構穩定，下列何者最可能是未來該國政府採行的作法？ (A)提高幼兒教育補助金額 (B)加強宣導節制生育觀念 (C)提供弱勢學童輔導課程 (D)增設高齡安養照護機構 圖(七) 圖(七),social-111-12
會考社會,social,111,13,公民,國籍,B,E,S2,T2,C5,擔任公職者必具我國國籍，我國國籍以血統主義為主,表(二)是四位同窗好友的 表(二)相關資料。若僅根據表中 出生時姓名 出生地 現況內容判斷，何者最可能 父母的國籍不曾具有我國國籍？ 王大軒 洛杉磯 中華民國 擔任立法委員 (A)王大軒 李大賢 臺中 美國 在澳洲工作 (B)李大賢 陳小涵 臺北 美國 擔任高雄市市議員 (C)陳小涵 林小潔 西雅圖 中華民國 在日本留學 (D)林小潔 表(二)姓名出生地出生時母父母的國籍現況王大軒洛杉磯中華民國擔任立法委員李大賢臺中美國在澳洲工作陳小涵臺北美國擔任高雄市市議員林小潔西雅圖中華,social-111-13
會考社會,social,111,14,公民,價格與市占率（友善雞蛋）,C,R,S5,T6,C4,友善飼養的蛋市占率不高，主因是售價較高,歐盟基於公眾健康及動物福利等理由，於2012年起，禁止境內農民以傳統格子籠方式飼養蛋雞，並立法規定市售雞蛋必須明確標示其飼養方式，讓消費者可以在平飼(即室內放養蛋雞)、放牧(除室內空間外，還提供蛋雞戶外活動空間)等友善生產的蛋品之間做出選擇。上述友善飼養方式逐漸在臺灣推行，但所產出的蛋品在臺灣市占率仍不高，其原因最可能為下列何者？ (A)食安問題頻傳 (B)蛋品品質不佳 (C)蛋品售價較高 (D)飲食習慣改變,social-111-14
會考社會,social,111,15,地理,美國氣候類型,D,R,S3,T5,G1,臺灣屬亞熱帶溼潤氣候，找美國氣候相近的區域,美國具有多樣化的氣候類型，圖(八)是將美國各區域與世界上其他國家的氣候特徵相比，把具有類似氣候特徵的國家標示在該區域上。臺灣最可能標示在圖中甲、乙、丙、丁何處？ (A)甲 (B)乙 (C)丙 (D)丁 圖(八) 圖(八),social-111-15
會考社會,social,111,16,地理,婆羅洲森林變遷,C,D,S2,T3,G2,由原始森林減少的趨勢，找同步擴張的土地利用,婆羅洲島分屬印尼、汶萊與馬來西亞三國，圖(九)為其原始森林不同時期面積的變化。圖中原始森林的變化趨勢與下列該島何種變化趨勢最為相似？ (A)油田開採的面積 (B)都市聚落的範圍 圖(九) (C)野生動物的棲地範圍 (D)熱帶作物的種植面積 圖(九),social-111-16
會考社會,social,111,17,地理,農業轉型（茶園）,B,R,S5,T6,G8,機械化與智慧管理主要是降低勞力成本的比例,臺灣某茶商為了提高自有茶園的茶葉產量，以供應國內日益成長的罐裝茶及手搖茶市場需求，且能與由越南、斯里蘭卡等產區進口的低價茶葉競爭，因而導入滴灌技術，精準計算用水及肥料使用量。此外，也利用農業機具栽種茶苗，並以無人機巡視，噴藥及採收時間則以網路平臺管理。上述各項措施，最主要可達到下列何種成效？ (A)利於傳統茶園轉型成休閒農場 (B)降低勞力成本占總成本的比例 (C)提升茶葉品質以提高單位價格 (D)增加出口至東協國家的茶葉量 圖(十),social-111-17
會考社會,social,111,18,地理,岬角位置判讀,C,D,S3,T5,G1,在地圖上找位於歐亞大陸西岸的岬角,圖(十)為全球四個著名岬角的位置資訊，其中何者位於歐 亞大陸西部海岸？ (A)甲 (B)乙 (C)丙 (D)丁 圖(十) 圖(十),social-111-18
會考社會,social,111,19,歷史,歷史事實與歷史解釋,C,K,S1,T2,H8,歷史事實是客觀發生的事，不含詮釋與評價,「歷史事實」與「歷史解釋」的區別，在於歷史事實是客觀呈現過去發生的事件；而歷史解釋則是後人運用歷史資料，對相關歷史事件進行的詮釋與評價。下列敘述中，何者最適合歸類為「歷史事實」？ (A)甲 (B)乙 (C)丙 (D)丁 &突厥：歐亞大陸上的一支游牧民族；可汗：部分游牧民族統治者的稱號。&突厥：歐亞大陸上的一支游牧民族；可汗：部分游牧民族統治者的稱號。,social-111-19
會考社會,social,111,20,歷史,日治時期社會新聞,A,D,S1,T1,H1,由新聞中的用語與制度判斷時代,圖(十一)為臺灣某年報紙刊登的二則社會新聞。根據內容判斷，新聞報導的事情最早可能發生於下列何時？ (A)日本統治時期 (B)清帝國統治時期 (C)中華民國政府遷臺初期 (D)中華民國政府推動十大建設期間 圖(十一) 圖(十一),social-111-20
會考社會,social,111,21,歷史,新航路與天婦羅,B,R,S1,T1,H1,葡萄牙人到日本傳教與貿易，是新航路開闢的時代,日本料理「天婦羅」，是將食材裹上澱粉漿之後下鍋油炸，這種料理源自於天主教徒在齋戒期間，將食材油炸後食用。在沒有冷凍技術的時代，因為油炸食物容易保存，所以水手於遠洋航行時也會準備油炸魚類作為糧食。葡萄牙的天主教徒最初到日本傳教與貿易時，同時傳入這種料理。「天婦羅」傳入日本的時代背景，最可能是下列何者？ (A)外國艦隊脅迫幕府開港，促使日本推動明治維新 (B)西方各國展開海外探險，建立到達東方的新航線 (C)日本受大唐文化的薰染，效法唐朝推動制度改革 (D)民主陣營為防堵共產勢力,social-111-21
會考社會,social,111,22,歷史,俄國革命與一戰,D,R,S1,T3,H4,德國安排列寧回國，是想讓俄國退出第一次世界大戰,一列火車在德國官方祕密安排下，從蘇黎世出發前往俄國，車上乘客包括列寧及其布爾什維克黨同志，這些人曾因為反對俄國政府而流亡海外。列寧等人沿途經過德國、瑞典、芬蘭，最後抵達俄國的首都彼得格勒(今聖彼得堡)。半年後，他們領導革命，推翻臨時政府，組織新的政權，對俄國產生重大影響。當時德國官方安排這班列車的目的，最可能為下列何者？ (A)與俄國結盟對抗拿破崙 (B)欲緩和冷戰東西對立局勢 (C)遵守《德蘇互不侵犯條約》 (D)為使俄國退出第一次世界大戰,social-111-22
會考社會,social,111,23,公民,新聞自由,D,D,S6,T4,C3,記者證減少、新聞自由排名低：政府在管控媒體,甲國政府自2019年起，要求記者須通過關於國家領袖思想的考試後，才能取得記者證，藉以強化他們對國家領袖的效忠。圖(十二)是近年該國政府核發記者證數量的變化，而表(三)則是無國界記者組織提出的全球新聞自由指數報告中，該國近年的排名狀況，排名越前面代表新聞自由程度越高。根據相關資訊判斷，關於甲國政府的此項作法，下列敘述何者最合理？ 表(三)時間(年) 新聞自由指數排名2015 全球倒數第52016 全球倒數第52017 全球倒數第52018 全球倒數第52019 全球倒數第420,social-111-23
會考社會,social,111,24,公民,選舉資格,B,R,S2,T2,C5,同時失去參選與投票資格，最可能是受監護宣告,表(四)呈現阿森在近三屆我國總統選舉資格的 表(四)變化情形。根據表中內容判斷，阿森在第14屆 總統選舉 總統選舉屆次至第15屆之間，最可能發生了下列哪一件事？ 參選資格 投票資格 (A)被政黨開除黨籍 13 不具備 具備 (B)遭法院監護宣告 14 不具備 具備 (C)遷移戶籍至其他縣市 15 不具備 不具備 (D)遭法院判處褫奪公權 表(四)屆次總統選舉參選資格總統選舉投票資格不具備具備不具備具備不具備不具備,social-111-24
會考社會,social,111,25,公民,大法官職權,C,E,S5,T7,C2,死刑是否違憲屬於大法官的職權,我國國會可對中央政府部分官員的人事提名案行使同意權，並在投票表決前，藉由提問來審查被提名人是否適任。根據我國公職人員的法定職權判斷，下列哪一個問題的提問對象最可能是大法官被提名人？ (A)如何提升違法官員彈劾案件的辦案效率 (B)如何落實嚴謹審核中央政府年度總決算 (C)我國仍維持死刑刑罰是否違反基本人權 (D)公務人員的選才制度是否有改善的空間,social-111-25
會考社會,social,111,26,地理,鐵路海拔剖面,B,D,S3,T5,G1,依路線經過的地形判斷海拔高度變化,圖(十三)為某條鐵路的路線圖，該鐵路全線的海拔高度變化最可能為下列何者？ (A) (B) 圖(十三) (C) (D) 圖(十三),social-111-26
會考社會,social,111,27,地理,東北港口（圖們江出海）,D,R,S3,T5,G1,圖們江出海口經日本海，可通往北極海航線,2014年中國 吉林省與俄羅斯合作擴建圖(十四)中的甲港口，目前出口貨物可不經由大連港，透過甲港口可大幅縮短與鄰近國家部分港口的航運時間。擴建甲港口除上述目的外，最可能還含下列何優勢？ (A)作為俄羅斯船隻通往大西洋的出海口 (B)加速俄羅斯將開發重心轉向歐俄平原 (C)作為中、俄兩國鴨綠江流域貨物出入的港口 (D)提供中國船隻藉由此港口通往北極海的捷徑 圖(十四) 圖(十四),social-111-27
會考社會,social,111,28,地理,世界人口分布,D,D,S3,T5,G1,依人口分布找與深灰區人口數相近的範圍,圖(十四) 28. 2014年世界上只有5%的人口居住在 圖(十五)中的深灰色區域；而相同數量的人口則居住在圖中黑色區域。小齊想要在地圖上的淺灰色區域，以圓圈標示另一個人口數量最相近的範圍，則他標示在下列何地最為適宜？ (A)甲 (B)乙 (C)丙 (D)丁 圖(十五) 圖(十五),social-111-28
會考社會,social,111,29,地理,氣候資料（熱浪）,D,D,S2,T5,G3,熱浪標準：最暖月最高溫平均加 5℃，連續 5 日,世界氣象組織(WMO)定義熱浪標準為連續 5日的每日最高氣溫，皆高於歷年最暖月的最高氣溫平均值5℃以上。表(五)為臺北測站1981至2010年氣溫相關資料，根據上述定義，臺北在下列何種情形即達到此一熱浪標準？ 表(五)月分 1 2 3 4 5 6 7 8 9 10 11 12 年平均氣溫(℃) 16.1 16.5 18.5 21.9 25.2 27.7 29.6 29.2 27.4 24.5 21.5 17.9 23.0最高氣溫(℃) 19.1 19.6 22.1 25.7 ,social-111-29
會考社會,social,111,30,歷史,十年建設,B,R,S1,T1,H1,國民黨黨旗、抵制日貨、破除迷信：十年建設時期,以下是中國 天津某年慶祝元旦的相關報導：「政府要求各機關及各民眾團體，在元旦上午參加慶祝中華民國成立的紀念大會。當晚民眾提燈遍遊街市，高呼『勿忘國恥』、『抵制日貨』、『打倒貪官汙吏』、『打倒燒香化紙、磕頭拜年的惡習』等口號。各街市商號張貼標語、懸燈結綵，國民黨黨旗和國旗飄揚天際，蔚為盛況。」上述內容最可能是描繪下列何時的景象？ (A) 1861-1895年自強運動期間 (B) 1928-1937年十年建設期間 (C) 1958-1961年農工大躍進期間 (D) 1966-19,social-111-30
會考社會,social,111,31,歷史,清代海外貿易,D,R,S2,T3,H4,貿易額大減的階段對應清初海禁、鄭氏抗清,圖(十六)是某時期中國海外貿易的進出口總額統計圖。觀察圖中各區域與中國的貿易概況，分析造成圖中第「Ⅱ」階段變化的主要原因，最可能與下列何者有關？ (A)朝廷驅逐在華的耶穌會傳教士 (B)玉米、馬鈴薯等美洲作物傳入 (C)義和團事變對社會經濟的衝擊 圖(十六) (D)鄭氏勢力擁兵東南與清廷對抗 圖(十六),social-111-31
會考社會,social,111,32,公民,保護令與刑事責任,A,K,S5,T2,C2,違反保護令判拘役是刑事責任；保護令由法院核發,謝先生是王小姐的前夫，但謝先生屢次侵擾王小姐的住處，甚至還到她上班的地方騷擾，最後謝先生因違反保護令的相關規定，被判處拘役四十天。根據上述內容判斷，下列敘述何者正確？ (A)謝先生必須為自己的違法行為負起刑事責任 (B)王小姐因警察局所核發的保護令而獲得保障 (C)謝先生若不服判決可向地方法院提出民事訴訟 (D)王小姐可依《性別平等教育法》向謝先生求償,social-111-32
會考社會,social,111,33,公民,會議規範,A,E,S5,T2,C1,干擾議事的秩序問題要在發生當下提出,開班會時，有些同學在玩牌、有些同學在吃東西，阿偉認為吵雜聲使他聽不清楚其他人的發言內容，影響到他參與會議的權利。圖(十七)是當日班會的部分過程，阿偉應是在圖中哪一階段要求主席處理上述問題？ (A)甲 (B)乙 圖(十七) (C)丙 (D)丁 (B)乙 ( )乙 (D)丁 圖(十七),social-111-33
會考社會,social,111,34,公民,立法院職權,D,K,S0,T7,C2,立法院的轉播是施政報告與質詢；彈劾、糾正不屬立法院,某日阿蔚透過網路觀看立法院的議事實況轉播，根據我國現行法律規定，他最可能看見下列何者的轉播情況？ (A)審理總統、副總統彈劾案 (B)表決對行政院的糾正提案 (C)召開行政院會議規畫施政方針 (D)行政院部會首長進行施政報告？ (B)表決對行政院的糾正提案 ( )表決對行政院的糾 提案 (D)行政院部會首長進行施政報告,social-111-34
會考社會,social,111,35,公民,調解,D,E,S5,T2,C2,調解成立與確定判決有同等效力，符合紓解訟源,「紓解訟源」是近年司法改革的重點之一，其目的是希望讓民眾在提起訴訟前，能透過公正且具有與法院確定判決相同效力的途徑來解決糾紛，這種方式既可避免耗時的訴訟程序，也能減少司法資源的浪費。下列哪種處理方式最符合「紓解訟源」的作法？ (A)不服行政處分，向上級機關提起訴願 (B)偷竊財物遭逮，嫌犯希望失主別追究 (C)車禍無人受傷，雙方私下和解賠償損失 (D)遭友積欠債務，至調解委員會聲請調解,social-111-35
會考社會,social,111,36,公民,機會成本,D,R,S3,T2,C4,機會成本是放棄的次佳選擇的價值,圖(十八)為大華與小年住家附近的地圖，甲、乙二商店均販賣大華與小年想購買的某項商品，且該商品在甲商店的售價比乙商店高。若大華僅想就近買到商品，而小年卻只想以便宜的價格購買，則對此二人而言，到哪一間商店購物的機會成本較高？ (A)皆為甲商店 (B)皆為乙商店 (C)大華：甲商店，小年：乙商店 (D)大華：乙商店，小年：甲商店 圖(十八) 圖(十八),social-111-36
會考社會,social,111,37,歷史,清末保路風潮,C,R,S1,T1,H1,批評預備立憲、鐵路收歸國有：清末革命派的主張,中國近代某一文章提到：「政府假借預備立憲的美名卻實行中央集權，假借推行新政卻搜刮民間錢財，對外則割讓土地，並出賣採礦權與鐵路經營權。人民反對政策，可能會被處死；如果人民自己出錢出力興修鐵路，又會被官方沒收。政府應該要保護人民，結果人民反而受到政府的傷害，如此不顧人民生命、財產的政府，誰還能忍受呢！」上文的主要訴求最可能是下列何者？ (A)因對外戰爭受到挫敗，提倡學習西方的軍事及工業技術 (B)推動制度層面的改革，以解決自強運動改革不彰的問題 (C)對改革結果感到失望，體認到革,social-111-37
會考社會,social,111,38,地理,澳洲原住民語,C,D,S4,T7,G7,南半球、歐洲人移入、原住民語流失：澳洲,圖(十九)中的硬幣為位在南半球的某國於2019年所發行。自歐洲人十八世紀移入該地以來，已有約130種原住民語絕跡。該國希望藉由此硬幣的發行，提醒人民保存、維護和活化原住民語的重要性。上述硬幣最可能由下列何國發行？ (A)印度 (B)秘魯 (C)澳洲 (D)菲律賓 圖(十九) 圖(十九),social-111-38
會考社會,social,111,39,公民,性別平等資料判斷,C,E,S2,T4,C5,要找能直接顯示性別不平等的證據,小強參加辯論比賽，辯論主題是「目前甲國社會尚未達到性別平等」，若他是站在正方的立場，須提出支持主題的論點，下列四張關於甲國不同面向的統計圖，何者最適合小強作為強化論點的證據？ (A) (B) (C) (D)論點的 (C) (D),social-111-39
會考社會,social,111,40,地理,非洲區域貿易,D,R,S2,T6,G2,非洲內部貿易比例低，簽自由貿易協定降低彼此關稅,圖(二十)為小成在研究2017年非洲貿易現況時所發現的某些現象。非洲各國採取下列何項措施，最可能有助於改善非洲這些現象？ 圖(二十) (A)限定與非洲其他國家的進口配額，保護本國產業 (B)改善與其他洲的交通運輸，降低貨物的運輸成本 (C)強化邊境的管制措施，防止鄰國非法貿易的進行 (D)簽署非洲自由貿易協定，降低非洲國家間的關稅 圖(二十),social-111-40
會考社會,social,111,41,歷史,二次大戰形勢圖,B,D,S3,T5,H7,英美使用同一圖例，表示美國已經參戰,圖( 二十一) 是日本繪製的第二次世界大戰形勢圖，三種圖例代表與日本三種不同關係。從圖中標示的圖例，可得知這是1941年底太平洋戰爭爆發後的世界形勢，最主要的判斷依據應為下列何者？ (A)英國和德國使用不同圖例 (B)英國和美國使用相同圖例 (C)朝鮮和日本使用相同圖例 (D)德國和日本使用相同圖例 圖(二十一) 圖(二十一),social-111-41
會考社會,social,111,42,公民,匯率,D,R,S2,T3,C5,匯率變動影響進出口，依貿易對象判斷升貶,圖(二十二)呈現甲、乙、丙三國的貿易情況。若甲國受匯率變動的影響，使得某段時間的進、出口商品數量皆大幅增加，則根據圖中內容判斷，該段時間甲國貨幣的匯率變化，最可能為下列何者？ (A)相對乙、丙兩國貨幣皆升值 (B)相對乙、丙兩國貨幣皆貶值 (C)相對乙國貨幣升值，但相對丙國貨幣貶值 圖(二十二) (D)相對乙國貨幣貶值，但相對丙國貨幣升值 圖(二十二),social-111-42
會考社會,social,111,43,歷史,國際聯盟,A,D,S4,T1,H3,領導各國對抗侵略的國際組織要看漫畫的時代,圖(二十三)是某一時期的政治宣傳漫畫，圖中「大手」代表當時的國際組織，領導各國對抗侵略者。根據內容判斷，該國際組織最可能是下列何者？ (A)聯合國 (B)國際聯盟 (C)華沙公約組織 (D)石油輸出國家組織 圖(二十三),social-111-43
會考社會,social,111,44,歷史,開港前貿易,B,D,S1,T1,H1,1855 年臺灣尚未開港，但官員私下允許洋商貿易,根據上文中裕鐸與洋行的會談結果，當時臺灣對外貿易的情況，最可能是下列何者？ (A)當時臺灣尚未對外開港，裕鐸嚴禁洋商在臺貿易 (B)當時臺灣尚未對外開港，實際上洋商已來臺貿易 (C)當時臺灣已經對外開港，洋商可在臺灣各港口貿易 (D)當時臺灣已經對外開港，裕鐸仍阻撓洋商在臺貿易,social-111-44
會考社會,social,111,45,歷史,郊商,B,R,S1,T3,H4,府城泉州商人（郊）告狀，是為了維護自身利益,根據上文，外國商人分析臺灣道重申外國商船不得在安平附近起卸貨物的原因，最可能與下列何者有關？ (A)安平與鹿耳門泥沙淤積，易造成擱淺 (B)府城商人透過「郊」來維護自身利益 (C)日本出兵臺灣南部，清帝國提高警戒 (D)許多府城商人組成「郊」與洋行合作,social-111-45
會考社會,social,111,46,地理,地名與族群分布,A,D,S3,T5,G1,由地名分布區判斷所屬族群,根據圖(二十四)中「墘」字地名的分布判斷，下列關於「墘」字地名的推論何者最為合理？ (A)分布於閩南族群集中區，屬閩南族系的地名 (B)分布於客家族群集中區，屬客家族系的地名 (C)分布於現今原住民居住地，為原住民的地名 (D)受西班牙占領影響，為西班牙語音譯的地名,social-111-46
會考社會,social,111,47,地理,日治地圖判讀產業,A,D,S3,T5,G1,依日治地圖的水體與土地利用判斷產業,根據圖(二十五)判斷，在日治時期小瑜的家鄉最可能以哪種產業活動為主？ (A)水稻耕作 (B)樟腦提煉 (C)茶葉種植 (D)海鹽晒製,social-111-47
會考社會,social,111,48,地理,地名命名原則,B,R,S3,T5,G1,依命名原則，地名反映旁邊的水體,根據上文中地名的命名原則及圖(二十五)與圖(二十六)的資訊判斷，小瑜的家鄉地名最可能為下列何者？ (A)海墘 (B)潭墘 (C)岸壁墘 (D)黑礁墘,social-111-48
會考社會,social,111,49,公民,文化交流（咖啡）,C,D,S1,T4,C7,文中只能支持飲用咖啡受文化交流影響,文中針對我國咖啡的相關敘述，下列何者最適當？ (A)咖啡產品貿易總額超越茶產品 (B)咖啡豆的進出口貿易呈現出超 (C)飲用咖啡的習慣受到文化交流影響 (D)國小內販售咖啡將會遭受刑罰處罰,social-111-49
會考社會,social,111,50,公民,正向與負向誘因,D,R,S1,T2,C2,立法禁止校內販售咖啡，是透過制度影響販售種類,根據文中內容判斷，南韓政府的作法與下列何項敘述最相符？ (A)透過負向誘因影響校內師生的消費能力 (B)透過正向誘因影響校內商品的販售種類 (C)透過制度變革影響校內師生的消費能力 (D)透過制度變革影響校內商品的販售種類,social-111-50
會考社會,social,111,51,公民,兒少保護規範,C,E,S5,T2,C1,保護兒少身心的規範：不得出入不良場所,文中所提及南韓政府修改法律的目的，與下列我國的何項作法最類似？ (A)受監護宣告者自行訂定的契約不具效力 (B)雇主不得因性別因素而對員工有差別待遇 (C)國小學童不得出入有害身心發展的不良場所 (D)家庭暴力受害者可聲請保護令以避免受到傷害,social-111-51
會考社會,social,111,52,歷史,工業革命,A,K,S1,T1,H1,燃煤、蒸汽機造成空汙，與工業革命相關,文中日本文學家描述的城市現象，與下列何者的關係最密切？ (A)工業革命 (B)宗教改革 (C)啟蒙運動 (D)文藝復興,social-111-52
會考社會,social,111,53,地理,盛行風與城市分區,B,R,S3,T5,G1,盛行西風把汙染吹到下風處，低收入區多在東側,圖(二十八)是文中國家某空氣汙染嚴重的城市示意圖。已知圖中某處為低技術勞動階級居住的區域，根據上文及考量盛行風向的影響，此處最可能位於圖中甲、乙、丙、丁何處？ (A)甲 (B)乙 (C)丙 (D)丁 圖(二十八) 圖(二十八),social-111-53
會考社會,social,111,54,歷史,社會主義,A,K,S1,T7,H8,關懷勞工階級與貧富差距的是社會主義,文中關於城市居民居住區域分布所呈現的問題，是下列何者的關懷重點？ (A)社會主義 (B)民族主義 (C)帝國主義 (D)法西斯主義,social-111-54
會考社會,social,112,1,地理,農業（新米食）,C,E,S5,T6,G5,開發新米食是為了增加稻米消費、減輕過剩壓力,近年來，在政府與民間的努力下，開發出米麵包、米蛋糕、米布丁、米鳳梨酥、米冰淇淋等新米食。上述作法最可能達成下列何項效益？ (A)降低稻米生產成本 (B)減少水稻耕作人力 (C)減輕稻米過剩壓力 (D)確保米食安全管理,social-112-1
會考社會,social,112,2,地理,交通政策（幸福巴士）,D,D,S3,T5,G1,幸福巴士分布在偏鄉，目的是補足公共運輸,交通部 公路總局為了滿足部分地區民眾就學、就醫及洽公的需求，以及達成某項目的，推動「幸福巴士」政策。圖(一)為2019年8月時設有營運路線的行政區分布。根據上述及右圖資訊推論，該目的最可能為下列何者？ (A)串連北中南的工業園區 (B)降低高速公路的車流量 (C)增加高鐵接駁的便利性 (D)彌補公共運輸網的不足 圖(一) 圖(一),social-112-2
會考社會,social,112,3,地理,格陵蘭氣候變遷,A,R,S5,T6,G3,北極地區暖化最直接的影響是冰層變薄，不是珊瑚,格陵蘭島位處北極圈附近，某研究針對島上居民進行「氣候變遷對人類心理影響」的抽樣調查，結果顯示大部分受訪者曾親身經歷全球暖化對生活帶來的影響，氣候變遷正為北極地區居民帶來前所未有的壓力和焦慮。下列何者最可能為當地居民擔憂的事情？ (A)日益變薄的冰層讓雪橇通行變得危險 (B)冰河侵蝕日漸增強導致耕地面積減少 (C)海中珊瑚大量死亡造成觀光收益下滑 (D)氣溫逐年變化使得冬天變長夏天變短,social-112-3
會考社會,social,112,4,地理,人口結構,A,D,S2,T3,G2,2010 到 2020 幼年人口比例微升，對應開放二胎,表(一)為中國不同年分的人口普查部分資料。觀察表中幼年人口比例的變動，下列何者最可能是造成2010到2020年微幅變化的原因之一？ 表(一) 單位：%年分1953 1964 1982 1990 2000 2010 2020 年齡組成0-14 歲 36.28 40.69 33.59 27.69 22.89 16.60 17.9515-64 歲 59.31 55.75 61.50 66.74 70.15 74.53 68.5565 歲以上 4.41 3.56 4.91 5.57 ,social-112-4
會考社會,social,112,5,歷史,清末纏足,A,D,S1,T2,H8,毀壞人體、妨礙女子上學的風俗是纏足,清末一位知識分子提到：「今日多數的中國婦女終身只待在家中，不曾見過什麼人、沒去過其他城市、身邊沒有學習的夥伴而孤陋寡聞，只能學一些無關緊要的東西，而這些東西遠比不上有用的知識。這是因為現在還有毀壞人體的風俗，這樣的風俗沒有廢除，新式的女子學校就無法設立。這項風俗延續了數百年直到今日，是外國人眼中的笑柄。」上述「風俗」最可能是下列何者？ (A)自幼纏足& 剃度出家：是指剃髮並接受佛教戒律，成為僧侶。 (B)吸食鴉片 薙髮留辮：剃除大部分頭髮，僅在腦後編成髮辮的滿族髪式。 (C),social-112-5
會考社會,social,112,6,歷史,戒嚴時期政治案件,C,R,S1,T1,H1,雷震、美麗島案都是挑戰戒嚴時期的言論與集會限制,表(二)為兩個雜誌社的成員，他們在某時期曾 表(二)遭法院判刑入獄。隨著時局更迭，2019年政 雜 誌 社 成 員府公告撤銷原本的有罪判決，讓他們獲得平 自由中國 雷震等人反。表中人員當時被判刑，最可能與下列何 美麗島 黃信介等人者有關？ (A)受威爾遜的影響，主張民族自決 (B)反對皇民化時期推動的統治措施 (C)挑戰戒嚴時期對人民權利的限制 (D)聲援六四天安門事件，發動遊行 表(二)表雜 誌 社成 員自由中國雷震等人美麗島黃信介等人,social-112-6
會考社會,social,112,7,歷史,法國人口與戰爭,C,D,S2,T1,H1,平均壽命驟降的時點對應對外戰爭,圖(二)是法國1750至2000年人民平均壽命曲線圖。下列何者最能合理解釋圖中甲、乙、丙、丁四個箭頭處，平均壽命變動的主要原因？ (A)宗教改革後，教派間對立引發流血衝突 (B)派遣移民前往殖民地，使國內人口減少 (C)參與對外戰爭，造成青壯年人口減損 (D)「經濟大恐慌」蔓延，社會嚴重失序 圖(二) 圖(二),social-112-7
會考社會,social,112,8,歷史,鄭氏政權,D,R,S1,T7,H8,1663 年廈門已被清軍占領，清與鄭氏敵對,李科羅是一位天主教傳教士，1655年前往廈門傳教，並得到當地統治者「國姓爺」的關照；他也為國姓爺父子擔任使者，出使菲律賓。但1663年李科羅結束使者任務返回廈門時，卻遭當地的新統治者逮捕；他擔心被送往北京，因此在洪水氾濫期間，趁亂逃亡，最後輾轉逃到臺灣。李科羅逃亡的原因，最可能與下列何者有關？ (A)日本與荷蘭互相合作 (B)荷蘭與西班牙互相敵對 (C)鄭氏政權與英國互相合作 (D)清帝國與鄭氏政權互相敵對,social-112-8
會考社會,social,112,9,公民,基本人權,C,E,S5,T2,C1,呼籲為外國人施打疫苗：基本人權的普遍性,我國國民在面對新冠肺炎疫情時，可透過接種疫苗來降低染疫風險，但逾期停留或逾期居留的外國人卻無法接種疫苗，一旦染疫後，可能也無法得到適當的醫療服務，甚至危及他們的生命安全，因此有民間團體呼籲政府應將這些人納入公費疫苗施打對象。後來，政府基於防疫需求與風險控管，在國內疫苗供應充足的情況下，以專案方式為這些人施打疫苗。上述民間團體的呼籲隱含下列哪一觀點？ (A)公民參政權應受到重視 (B)政府應得到人民定期授權 (C)基本人權應受到普遍性保障 (D)國家權力應受制衡以免遭濫用 (B,social-112-9
會考社會,social,112,10,公民,領土範圍,C,K,S3,T2,C1,領土包含領陸、領海與領空，不含鄰接區、經濟海域,圖(三)為某島國周邊範圍的示意圖，甲 㰪區塊為該國的土地，乙、丙區塊為環繞在甲周圍的海域，而丁、戊、己區塊則Ҙ ΍ 分別為甲、乙、丙所對應大氣層內的空中領域。根據圖中內容判斷，該國完整 Ό ѹЧ ρ 的領土範圍應為下列何者？ 㰪 (A)甲、丁 (B)甲、乙、丁 圖(三) (C)甲、乙、丁、戊 (D)甲、乙、丙、丁、戊& 大氣層：圍繞地球周圍的空氣。㰪Ҙ ΍Ό ѹЧ ρ 㰪㰪 圖(三),social-112-10
會考社會,social,112,11,公民,網路求助（法律）,B,E,S5,T7,C2,在學校被欺負，找能提供正確法律途徑的回答,圖(四)是小強在網路上張貼的問題 ㊎ ␍⇾及四位網友的回答，根據圖中內 λமǺӕᏢӧ௲࠻ൾբቃעශη܎໒Ǵ্ךຳॹЋဌᔔ໾Ǵך၀ሶा؃ᓭǻ 容判斷，下列何者的回答可以給小強適當的協助？ 䱰⊉▜䨒 (A)小臻 (B)小康 (C)小芬 (D)小俊 圖(四)㊎ ␍⇾λமǺӕᏢӧ௲࠻ൾբቃעශη܎໒Ǵ্ךຳॹЋဌᔔ໾Ǵך၀ሶा؃ᓭǻ䱰⊉▜䨒 圖(四),social-112-11
會考社會,social,112,12,公民,原住民族祭儀入法,D,E,S5,T6,C2,祭儀納入法律，是尊重多元文化、促進傳承,某日，小晴沒來上課，班上同學們問 《紀念日及節日實施辦法》第4條：了老師才知道，因為小晴是太魯閣族下列民俗節日，除春節放假三日的原住民，所以他今天放假和家人一 外，其餘均放假一日：起返回部落參與感恩祭。老師也藉機 一、春節。以圖(五)中的法律規範，向同學們說明小晴可以放假的依據。根據上述內六、原住民族歲時祭儀：各該原住 容判斷，主管機關將原住民族的傳統民族放假日期，由行政院原住 祭儀納入法律規範的原因，其主要考民族委員會參酌各該原住民族量最可能是下列何者？習俗公告，並刊登政府,social-112-12
會考社會,social,112,13,地理,西亞北非農產,A,R,S0,T7,G4,熱帶乾燥、椰棗：西亞與北非,棗椰樹屬於棕櫚科植物，主要分布在熱帶乾燥地區，其果實稱為椰棗，既可作糧食，又是製糖的原料。全球有上億棵棗椰樹，其中前兩大分布區為西亞和甲地區，椰棗也成為這些地區重要的出口農產品。上述甲地區最可能為下列何者？ (A)北非 (B)南歐 (C)中美洲 (D)東南亞,social-112-13
會考社會,social,112,14,地理,季節降水（唐詩）,B,R,S1,T6,G3,河川水位季節變化來自季節性降水差異,圖(六)的詩為唐代詩人登上今湖北 襄陽的一座山頭，見石碑碑文有感而發之作。詩中「水落魚梁淺」指山腳下的魚梁沙洲因水位變化而露出水面，作者藉以說明環境與世事的變化。關於形成「水落魚梁淺」現象的原因，下列推論何者最為適切？ 圖(六) (A)沙洲上游融冰增加造成水位升降 (B)季節性降水差異產生的水位變化 (C)海平面上升海水入侵內陸造成水位改變 (D)在沙洲下游河段興築大型堤壩導致水位的變化 圖(六),social-112-14
會考社會,social,112,15,地理,區域經濟協定（CPTPP）,A,R,S3,T3,G1,協定成員間免關稅，非成員（臺灣）出口至成員國受衝擊,圖(七)為跨太平洋夥伴全面進步協定(CPTPP)的11個成員國。該協定於2018年12月30日生效，各成員國之間將 8階段性的廢除關稅，以促進 12 貿易往來。此協定生效後，5 9 3下列何者最可能因關稅劣勢4 10 而受到衝擊？ 6 (A)臺灣的紡織品出口至越南 7 11 (B)加拿大的小麥出口至日本 &3733ノ⎟◉ (C)墨西哥的汽車出口至智利 圖(七) (D)馬來西亞的石油出口至印度5 9 34 10&3733ノ⎟◉ 圖(七),social-112-15
會考社會,social,112,16,地理,經緯度判讀,C,R,S0,T5,G6,玻里尼西亞、毛利文化：南太平洋，經緯度在南緯、西經,某地區於2017年入選為世界遺產，該地區涵蓋了森林、谷地、潟湖及珊瑚礁等景觀，遺產的中心是玻里尼西亞普遍可見的毛利集會中心，此遺產是毛利文化極具代表性的見證。根據上文描述判斷，該遺產最可能位於下列何處？ (A) (11.88°N，2.49°E) (B) (49.93°N，115.43°E) (C) (16.84°S，151.37°W) (D) (42.85°S，71.87°W),social-112-16
會考社會,social,112,17,歷史,開港後茶葉貿易,A,K,S5,T1,H1,開港後大稻埕的新興出口商品是茶葉,《周成過臺灣》是著名的民間傳說，其時代背景符合史實。故事描述周成拋下故鄉泉州的妻兒，獨自來臺經商。適逢淡水、雞籠開港通商，周成在大稻埕從事新興商品出口而致富。後來周成移情別戀，謀殺了來臺灣探視的妻子，最終受到報應而死。根據上述內容，周成最有可能從事下列何種商品的貿易？ (A)茶葉 (B)鹿皮 (C)蔗糖 (D)鴉片 (B)鹿皮 ( )鹿皮 (D)鴉片,social-112-17
會考社會,social,112,18,歷史,啟蒙運動（盧梭）,A,K,S1,T7,H8,公意、主權在民是盧梭的主張,以下是某歷史人物在其著作中的相關內容：「我們可以假設人類在社會形成以前，所有人都是平等的。然而人們為了解決集體生活所產生的問題，透過公眾的協商形成公意，且將全部的權力，託付由公意組成的政府，因為能夠代表公意的政府，是不受私念限制、必然公正的。政府依循公意制定法律、建立秩序，人們只要守法、服從公意，就能得到真正的自由。」上述內容最可能與下列何者有關？ (A)盧梭關於主權在民的主張 (B)希特勒針對種族主義的論述 (C)馬克思對於工廠制度的批評 (D)孟德斯鳩闡明三權分立的觀點 ,social-112-18
會考社會,social,112,19,歷史,日治理蕃道路,D,D,S3,T1,H7,日治時期修築警備道路，是為了理蕃,圖(八)是霞喀羅國家步道的介紹圖，其舊名為「霞喀羅、薩克亞金警備道路」。此道路的開闢，是因為過去臺灣統治者為達到某一目的而下令修築。根據圖中內容判斷，統治者最初開闢這條道路的目的，最可能與下列何者有關？娤⪝⩖⋍梎◦ヾ弸岟 ą 䔺䊼㽬傸Ʊ悋㤝㢋攡◮弸岟ą ㄼ⃮ 䳻䘡ⵚ⫆审⫾䏝䏠䕂怐䎴㨣弑悊䣉NP NP烋ㆪ唝‥㐶⨕㽸㰵㆒榖ⵤ濕⑬ḋ㽸 ⫸Ʋ 圖(八) (A)劃界封山的施行 (B)新式製糖的推動 (C)海運港口的整建 (D)理蕃政策的實施ㄼ⃮ (B)新式製糖的推動 ( )新式製糖的推,social-112-19
會考社會,social,112,20,歷史,西安事變,A,K,S1,T1,H1,張學良兵諫，訴求停止內戰、聯合抗日,「關於我的『政治主張』，因為和蔣委員長在意見上的衝突，已經沒有和解的跡象。我考慮了三種方法來解決此事，第一是辭職、第二是勸諫、第三是兵諫。第一個方法因為我的國難家仇，和東北軍部下們的反對而不可行。最近我試了第二個方法，但導致蔣委員長極端憤怒。因此我決定採取第三個方法，以武力拘禁蔣委員長。」上述「政治主張」最可能為下列何者？ (A)立即停止內戰，聯合各黨派抗日 & 蔣委員長：此處指蔣中正。 (B)反對洪憲帝制，起兵討伐袁世凱 (C)終結軍閥混戰，完成中國的統一 (D)攘外必先安,social-112-20
會考社會,social,112,21,地理,印尼遷都,B,E,S5,T2,G5,遷都有環境與生態的代價：機會成本,雅加達自十七世紀以來一直是印尼的政治、經濟中心，不過由於人口過於集中加上大量開發，對環境已產生過多負荷。近年來，雅加達的民眾飽受交通壅塞、空氣汙染、地層下陷及水患之苦，因此印尼政府計畫將首都遷至婆羅洲。但有生態專家提出警告，該處是紅毛猩猩的棲息地，遷都計畫所需的開發過程必須謹慎評估，否則反而可能破壞環境，造成生態浩劫。上述討論內容與下列何項議題最相符？ (A)歷史古都的文化保存 (B)遷移首都的機會成本 (C)都市人口結構的變化 (D)群島國家國土的擴張 (B)遷移首都的機會,social-112-21
會考社會,social,112,22,公民,國際組織參與,D,R,S5,T3,C2,無法加入國際刑警組織，情資受限使治安風險升高,國際刑警組織共有195個成員國，總部建有一個存放上百萬名國際刑事罪犯檔案的資料庫供成員國使用。我國目前受限於一個中國原則，無法加入此國際組織，因此未能分享或接收該組織的情報資訊，所以難以確認入境我國的旅客在境外是否有犯罪紀錄，而從我國潛逃出境的犯罪者也較難被繩之以法。上述內容顯示一個中國原則對我國產生下列哪一影響？ (A)兩岸互信不足造成軍事衝突現象頻傳 (B)兩岸交流趨緩使得經濟貿易往來受阻 (C)資訊科技落差造成區域發展程度不均 (D)資訊傳達受限使得國內治安風險升高,social-112-22
會考社會,social,112,23,公民,所得分配,B,D,S2,T5,C5,經濟衰退期間，低所得家庭所得下降更多,圖(九)呈現我國1998至2018年間，收入最高20%家庭與收入最低20% 䱰 悏岭 噋家庭的可支配所得成長率變化，其 㮟 㰵ノ 㭩 ⓭中灰階區塊是曾發生經濟成長率大 搵䉅幅衰退的兩段時間。根據圖中內容判斷，上述兩個灰階區塊的數據，呈現出下列哪一現象？ ⴲ㏴‣㖾榖 ⩴⵫& 家庭可支配所得：家庭可以自由使用 ㏴‣㖾Ḍ ⩴⵫於消費或儲蓄的所得。 圖(九) (A)收入較高者的財富減損情況較嚴重 (B)收入較低者的生活面臨較嚴重衝擊 (C)經濟大幅衰退造成區域間發展不均 (D)經濟大,social-112-23
會考社會,social,112,24,公民,立法委員職權,B,K,S5,T7,C2,質詢部長的是立法委員，職權包含審查預算,甲在質詢行政院 衛生福利部部長時，指出某飲料製造商早已知道自家產品出現變質問題，嚴重影響消費者權益，但該公司卻不主動回收處理，反而繼續販售變質的產品，對於這種明知故犯的行為，政府應予以重罰。關於甲所擔任的公職，下列敘述何者正確？ (A)負責審查法律是否違憲 (B)負責審查中央政府預算 (C)經由地方層級的選舉所產生 (D)由行政院院長提請總統任命 (B)負責審查中央政府預算 ( )負責審查中央政府預算 (D)由行政院院長提請總統任命,social-112-24
會考社會,social,112,25,地理,國家經濟規模,A,D,S2,T5,G2,由面積（人口×人均）判斷經濟規模,"70,000 25. 圖(十)為世界銀行繪製用來展現世界各 60,000國經濟實力的示意圖，圖中矩形面積 ạ✮ 50,000的大小可呈現2011年該國經濟規模的大 '*40,000 㒣㗪小。圖中甲國最可能是下列何者？ 30,000 䏰◉ Ⲳ堽20,000 (A)印度 併K Шѳॶ 13,46010,000 圡䯠㪒ᵜ (B)美國 (C)德國 0 0 10 20 30 40 50 60 70 80 90 100 (D)奈及利亞 ⏫⛲ạ⏊⍇᷽ 䔳ạ⏊䴖䨴䙥⇭㮻 圖(十)0 㒣㗪0 ",social-112-25
會考社會,social,112,26,地理,泛美公路與雨林,B,R,S3,T6,G1,巴拿馬到哥倫比亞之間是熱帶雨林，為保護生態未修建,圖(十) 26. 圖(十一)為貫穿美洲的泛美公路示意圖，主幹線北起美國 阿拉斯加，南至智利。美 ⷛ㋦Ⲳ 榓 洲多國可透過這個公路系統 Ⓦ ㆽ ‒ 1᳹相互連結，但巴拿馬到哥倫 桪 㮻 弉比亞之間的路段至今尚未修 㭱 ẅ建。根據圖中資訊判斷，該 ◉䐊 ⴷ䲘 㗨Ậⶸ岭㩳᳹路段未修建的原因之一最可能為下列何者？ (A)年溫差大施工困難 ⴷ䲘 圖(十一) (B)保護熱帶雨林生態 (C)運河阻隔難以跨越 (D)維護因紐特人文化 :1ⷛ㋦Ⲳ 榓 Ⓦㆽ‒ 桪㮻 弉㭱 ẅ◉䐊 ⴷ䲘 㗨,social-112-26
會考社會,social,112,27,地理,火山地圖判讀,D,D,S3,T5,G1,由熔岩流與火山灰的分布判斷風向與地勢,西班牙海外島嶼的某座火山於2021年9月噴發，圖 ┲䔺◮涜 (十二)為其噴發後熔岩流收◮ 及火山灰落塵分布的狀況。根據圖中資訊判斷， 䁒⭧㯿䪂○下列推論何者較為合理？ 䁒⭧㯿䪂○㰵㯉 (A)當時的主要風向為西風 䁒⭧㯿䪂○NP 㼩⬯㼮勻✳⃄ⳁ 1 (B)該區域的地勢西高東低 圖(十二) (C)火山熔岩流向西流往太平洋 (D)火山噴發地點距海約6公里:┲䔺◮涜收◮䁒⭧㯿䪂○䁒⭧㯿䪂○㰵㯉 䁒⭧㯿䪂○NP 㼩⬯㼮勻✳⃄ⳁ 圖(十二)1,social-112-27
會考社會,social,112,28,地理,降水空間分布,B,R,S3,T5,G1,東北部迎風坡在冬季東北季風下降水最多,臺灣本島的經緯度約介於22°N～25°N， 表(三)120°E～122°E 之間，降水的空間分布受到 測站 緯度 經度 高度(m)地形及季風的影響而有顯著差異。表(三)為 甲 23.98°N 121.61°E 16.0本島四個氣象測站的資料，根據各測站位置 乙 25.13°N 121.74°E 26.7及地形判斷，何者的年降水量可能最多？ 丙 22.99°N 120.20°E 40.8 (A)甲 (B)乙 丁 23.95°N 120.59°E 34.0 (C)丙 (D)丁 表,social-112-28
會考社會,social,112,29,歷史,古埃及曆法,A,R,S1,T3,H4,依天狼星定年、推算氾濫：古埃及的農業需求,「距今六千多年前，此地區的人們觀察到，大約每隔365天，天狼星在拂曉的時候，和太陽同時位於東方的地平線上。因此他們定365天為一年，每年分為12個月，每月30天，年末加上5天。這種遵循太陽週期的曆法，依自然現象將一年分為『阿赫特』、『佩雷特』、『夏矛』三個季節，有別於同時期兩河流域的月亮週期曆法。」根據上文，「此地區」的發明最可能與下列何者有關？ (A)推算河川氾濫情形，掌握農業生產 (B)公民參與城邦事務，展現民主精神 (C)基於因果輪迴觀念，建立階級制度 (D)追尋宇宙創,social-112-29
會考社會,social,112,30,歷史,改革開放,D,K,S1,T1,H1,引進外資與技術，是鄧小平的改革開放,某中共領導人接見日本國會議員時提到：「戰後日本很快就發達起來，這經驗很值得中國學習。當然，別人的經驗照搬也不行，中國有中國的條件，日本有日本的條件。我們不但要引進發達國家的資金和技術，充分利用各國的好經驗，並且要把這種經驗與中國的實際情況結合起來。」上述談話最可能與下列何者有關？ (A)發起文化大革命，破除四舊 (B)推動農工大躍進，超英趕美 (C)沒收地主土地，分配給貧農 (D)實施改革開放，設經濟特區 (B)推動農工大躍進，超英趕美 ( )推動農 大躍進 超英趕美 (D),social-112-30
會考社會,social,112,31,歷史,俄國與兩次大戰,C,R,S6,T1,H1,俄國因國內共產革命而退出第一次世界大戰,表(四)呈現甲國於兩次世界大戰中， 表(四)在歐洲戰場開始參戰與結束參戰的 甲國在歐洲 第一次 第二次原因。表中的「？」最適合填入下 戰場的情形 世界大戰 世界大戰列何者？ 開始 支援「斯拉 德國毀約攻 (A)美國投下原子彈，敵國投降 參戰的原因 夫兄弟」 打國土 (B)簽署《凡爾賽條約》，戰敗投降 結束 ？ 德國投降 (C)國內共產政權成立，向同盟國議和 參戰的原因 (D)美國反對無限制潛艇政策，援助協約國 表(四)甲國在歐洲場 情甲國在 洲戰場的情形第一次界第世界大戰第二,social-112-31
會考社會,social,112,32,歷史,周代封建,D,K,S0,T2,H8,周朝依貴族等級授予土地與爵位：封建制度,西元前十ㄧ世紀周人滅商後，其勢力持續向東方擴展，由於周管轄的土地與人口在短時間內急速增加，為了天下的長治久安，因此周朝的統治者，設計出一套有效的政治制度管理各地。上述政治制度的內容，最可能是下列何者？ (A)在領土內設置郡、縣，官員由國君直接任免 (B)實施科舉制度，促進社會各階層人才的流動 (C)將百姓編入戶籍，並以法律規範人民的義務 (D)依據貴族的身分等級，授予土地與冊封爵位,social-112-32
會考社會,social,112,33,歷史,查理曼文化復興,B,R,S1,T1,H1,西羅馬滅亡後復興拉丁文化的是八世紀的教士,「某位君主為了統治上的考量，需要招募許多能夠書寫的人才。一開始在他的國度中，竟然找不到太多有文化的人，這是因為西羅馬帝國滅亡後，城市生活逐漸消失，文化知識也幾乎被遺忘殆盡。因此這位君主特地聘請知名學者，來主持文化復興工作，諸如設立新學校、抄寫古羅馬的重要拉丁文著作，使拉丁文成為各地共通的文字系統。」上述學者的身分，最可能是下列何者？ (A)西元前五世紀的希臘哲學家 (B)西元八世紀的基督教教士 (C)西元十七世紀的歐洲天文學者 (D)西元十八世紀的啟蒙運動思想家述學者的身分 ,social-112-33
會考社會,social,112,34,地理,區域醫療資源,D,D,S2,T5,G2,比較每位醫師、每張病床負擔人數，判斷醫療資源,"在探討一國國內不同地區醫療資源差異時，通常會先觀察醫師人數和病床數，由相關數據與人口數的相對關係，可大致推論一個地區的醫療資源是否不足。表(五)是某國2018年四個地區關於人口與醫療資源的資料： 表(五)地 人口總數 老年人口 醫師人數 平均每位醫師 病床數 平均每張病床區 (人) 比例(%) (人) 負擔人數(人) (張) 負擔人數(人)甲 2,562,738 19.50 9,719 263.7 19,951 128.5乙 2,272,459 13.26 3,824 594",social-112-34
會考社會,social,112,35,公民,飢餓行銷,D,E,S5,T2,C1,飢餓行銷是非金錢誘因影響購物意願,「飢餓行銷」是一種常見的行銷手法，指的是業者在短時間內利用各種管道宣傳大批民眾排隊購買的熱潮，營造該項商品都會很快被搶購一空的情況，透過媒體將商品炒作成為時下流行的話題，進而引起民眾的消費欲望。關於上述行銷手法對於消費市場的影響，下列敘述何者最適當？ (A)廠商間的競爭使消費者的選擇增加 (B)業者的行銷手法將提高市場競爭程度 (C)消費者受價格誘因影響而增加消費欲望 (D)民眾的購物意願受非金錢誘因影響而提高,social-112-35
會考社會,social,112,36,公民,刑事訴訟,C,E,S5,T2,C2,虛偽遷籍屬非告訴乃論，偵查中可能滿 18 歲,若有人為了在選舉時讓支持的候選人當選，配合動員把戶籍遷移到非實際居住的行政區，企圖影響選舉結果，此種行為可能觸犯《刑法》，檢察官將代表國家主動起訴違法者。根據上述內容判斷，關於某位違法遷移戶籍者在接受偵查、審判的過程中，下列何種情況最可能出現？ (A)遭到落選者提起民事訴訟要求損害賠償 (B)在遭檢察官偵查的過程中度過18歲生日 (C)被查出是在投票日的六個月前遷移戶籍 (D)因為觸犯告訴乃論之罪而受到刑事處罰,social-112-36
會考社會,social,112,37,公民,人口政策（歸化）,B,E,S5,T2,C1,社會增加指移入，鼓勵人才歸化入籍,臺灣少子女化危機惡化的速度超乎想像，面對人口負成長的人口懸崖，有學者認為政府過往提出的相關政策已是緩不濟急，或許可以透過社會增加的方向，思考提高國民人數的對策。根據上述內容判斷，下列何項對策與該學者的意見最相符？ (A)提高外籍移工僱用人數 (B)鼓勵各國人才歸化入籍 (C)推動老人長期照護政策 (D)增加公立幼兒托育中心 (B)鼓勵各國人才歸化入籍 ( )鼓勵各國 才歸化 籍 (D)增加公立幼兒托育中心,social-112-37
會考社會,social,112,38,歷史,日治時期歷史小說,D,R,S1,T1,H1,依事件排序：抗日武裝、文化協會、南洋戰場,表(六)為某作家的三部長篇 表(六)小說內容簡介，該作家藉此 著作 內 容 簡 介構築十九至二十世紀臺灣歷 甲刻畫多位臺灣青年在南洋戰場上被戰爭折史的發展過程。根據表中內 磨至精神崩潰，甚至喪生的悲慘命運。容判斷，這三部小說呈現的 乙敘述客家族群在臺灣中部山區生產樟腦，時代先後順序，最可能是下 為保衛家園參與武裝抗日的故事。列何者？ 丙描繪臺灣人藉由參加文化協會、組織農民 (A)乙→甲→丙 運動，抵抗殖民統治的事蹟。 (B)丙→乙→甲 (C)丙→甲→乙 (D)乙→丙→甲 表(,social-112-38
會考社會,social,112,39,歷史,清代生絲出口,A,D,S2,T1,H1,1830 年代清廷限一口通商，生絲出口規模有限,"明 清時期，蠶絲業是中國 江南地區的重要產業。當時產出的生絲，主要供應國內需求，部分對外出口。下列何者最可能反映1830年代生絲出口的情況？ (A) (B) (C) (D)46,655₸ ₸ ₸ ₸⊡ ⊡ ⊡ ⊡悍 悍 悍 悍13,794 9,998㎒ ㎒ 5,430 5,146 ㎒ 3,444 ㎒ 3,662ⶡⲜ ᳈㰵 ⶡⲜ ᳈㰵 ⶡⲜ ᳈㰵 ⶡⲜ ᳈㰵₸⊡◮ ₸⊡◮ ₸⊡◮ ₸⊡◮₸⊡悍㎒ 5,430 5,146ⶡⲜ ᳈㰵₸⊡悍13,794㎒3,444ⶡⲜ ᳈㰵46,65",social-112-39
會考社會,social,112,40,公民,匯率,A,R,S2,T3,C5,甲幣升值，甲國商品在乙國變貴、銷量下滑,表(七)是甲、乙兩國匯率變動的情形。根據表中 表(七)內容判斷，若其他條件不變，且所有成本完全 時間 1甲幣可兌換的乙幣反應在商品售價上，相較於去年，在今年甲、 去年 10乙兩國的市場中，最可能出現下列何種情形？ 今年 20 (A)甲國商品在乙國的銷售量下滑 (B)乙國商品在甲國的銷售量下滑 (C)甲國進口的乙國商品數量下降 (D)乙國進口的甲國商品價格下降 表(七)時間 表( )1甲幣可兌換的乙幣去年兌換今年,social-112-40
會考社會,social,112,41,歷史,歷史建築判斷,C,D,S4,T1,H3,由建築風格判斷時代與地區（蒙兀兒帝國）,圖(十三)是一座歷史建築，根據圖中內容判斷，該建築最可能興建於下列何時何地？ (A)西元前六世紀的波斯地區 (B)西元六世紀的阿拉伯半島 (C)西元十六世紀的印度半島 (D)西元十九世紀的南美地區 圖(十三) 圖(十三),social-112-41
會考社會,social,112,42,公民,行政罰,D,E,S5,T2,C2,對業者處以罰鍰是行政罰，找同類的處罰,為維護消費者權益，政府制定法律對市場上供應不實有機農產品的業者處以罰鍰，同時也能保障生產真正有機農產品農民的權益。上述主管機關對不實業者的處罰，與下列何者受到的處罰類型相同？ (A)小華拒絕歸還向同事借的相機 (B)大明竊取隔壁鄰居家中的財物 (C)官員制定政策引發許多民眾不滿 (D)父母縱容少年抽菸而遭行政處分罰類型相同？ (B)大明竊取隔壁鄰居家中的財物母,social-112-42
會考社會,social,112,43,公民,女性就業資料,C,D,S2,T4,C5,由表中未就業原因隨年齡的變化解讀，勿延伸,甲國女性的就業率，長期以來皆大幅低於全國平均值，因此該國政府調查女性勞動人口中未就業者的原因，表(八)是調查結果中的部分統計資料。關於此資料的解讀，下列何者最適當？ 表(八) 單位：%原因 需照顧未滿 需照顧65 歲 負責打理 健康狀況 其他歲子女 以上家屬 家務 不佳 年齡(歲) 1230-34 65.37 0.89 11.43 2.98 19.3335-39 55.35 2.60 21.39 4.26 16.4040-44 35.36 5.16 39.70 7.15 12,social-112-43
會考社會,social,112,44,歷史,朝貢體系,C,K,S1,T1,H1,使節團前往中國是朝貢關係,上文中「唐手佐久川」與王國的使節團得以前往中國，最可能與當時中國何項外交政策有關？ (A)聯合西域部族對抗外患 (B)簽訂條約，開放五口通商 (C)與受冊封國家建立朝貢關係 (D)訂定澶淵之盟，以兄弟相稱 (B)簽訂條約，開放五口通商 ( )簽訂條約 開放五 通商 (D)訂定澶淵之盟，以兄弟相稱,social-112-44
會考社會,social,112,45,歷史,琉球併入日本,D,K,S1,T1,H1,十九世紀末琉球被日本併吞（琉球處分）,上文提及「政治局勢發生變化」，造成「唐手」向外傳播，此一變化最可能是指下列何者？ (A)中國因甲午戰爭失敗割讓領土 (B)天皇積極效法唐朝推展新制度 (C)珍珠港事變導致美國對日宣戰 (D)日本藉由牡丹社事件擴張勢力 (B)天皇積極效法唐朝推展新制度 ( )天皇積極效法唐朝推展新制度 (D)日本藉由牡丹社事件擴張勢力,social-112-45
會考社會,social,112,46,地理,富士山積雪,B,R,S1,T6,G4,登山步道 7 月開放，是因為山上積雪已融化,上文中登山步道開放的起始時間，主要是因為此時已具備下列何項條件？ (A)地質穩定且地震較少 (B)山上的積雪大多已融化 (C)乾季雨少，步道不溼滑 (D)西北季風盛行，天氣涼爽,social-112-46
會考社會,social,112,47,地理,等高線判讀,C,D,S3,T5,G6,依等高線判讀路線的起點高度與長度,圖(十四)為其中一條登山路P線，依據圖中資訊判斷，最可能為表(九)中的何者？ (A)甲 (B)乙 (C)丙 P 尵涜 䰀涜 㨣弑 (D)丁 圖(十四)PP 尵涜 䰀涜 㨣弑 圖(十四),social-112-47
會考社會,social,112,48,地理,坡度判斷,D,D,S2,T5,G2,坡度＝高度差÷路線長，算出最陡與最緩,根據表(九)中資訊，小婷與體力、經驗較為不足的民眾，選擇的路線分別為下列何者？ (A)小婷選甲；體力、經驗較為不足的民眾選丁 (B)小婷選乙；體力、經驗較為不足的民眾選丙 (C)小婷選丙；體力、經驗較為不足的民眾選乙 (D)小婷選丁；體力、經驗較為不足的民眾選甲,social-112-48
會考社會,social,112,49,地理,開普敦氣候,B,R,S3,T6,G1,開普敦是地中海型氣候：一月（夏季）溫暖少雨,根據上文及圖(十五)的資訊判斷，上述都市的氣候特色應為下列何者？ (A)一月寒冷且年溫差大 (B)一月溫暖且雨量較少 (C)全年低溫且雨量稀少 (D)終年有雨且夏雨較多,social-112-49
會考社會,social,112,50,歷史,荷蘭殖民與奴隸,A,K,S1,T7,H8,荷蘭在亞洲的殖民地是南洋群島,文中提及奴隸的輸出地最可能包含下列何者？ (A)南洋群島 (B)朝鮮半島 (C)伊比利半島 (D)夏威夷群島,social-112-50
會考社會,social,112,51,地理,蘇伊士運河,A,R,S3,T3,G1,蘇伊士運河大幅縮短歐洲到印度洋的航程,文中提到船隻改走新的通航路線，是因此航路具備下列哪一優勢？ (A)大幅縮短至印度洋周邊的航行路程 (B)可避免通過滿布浮冰的大西洋海域 (C)可藉由北大西洋暖流加快航行速度 (D)有助於疏解前往南美洲擁擠的航路,social-112-51
會考社會,social,112,52,公民,全球化文化交流,D,E,S1,T2,C7,國外的活動理念傳入臺灣：全球化下的文化交流,關於文中活動理念對臺灣帶來影響的過程，最適合以下列何者說明？ (A)法律修改程序的變化 (B)科技發展帶來的衝擊 (C)風俗習慣的文化傳承 (D)全球化下的文化交流,social-112-52
會考社會,social,112,53,公民,社會變遷,B,D,S4,T4,C8,標語訴求家長改變觀念，以帶動社會變遷,根據圖(十六)判斷，關於這則宣傳標語所呈現的意義，下列敘述何者最適當？ (A)主張對實施體罰者提起訴訟加以處罰 (B)藉由改變家長價值觀來帶動社會變遷 (C)上街請願要求國家立法保障兒童福利 (D)推廣法治教育教導兒童保護自身權益,social-112-53
會考社會,social,112,54,公民,法律位階,C,K,S0,T2,C2,兩者都是法律，修法都須經總統公布,關於文末前、後所提及我國的二項法規，下列敘述何者最適當？ (A)以法律位階而言，前者具有最高性 (B)以法律位階而言，後者具有固定性 (C)以修法程序而言，皆須經總統公布後才生效 (D)以修法程序而言，皆可由行政機關自行修訂,social-112-54
會考社會,social,113,1,地理,格外品處理,B,E,S5,T6,G8,格外品品質無虞，加工可延長保存並增加利用,「格外品」意指市場規格之外但品質無虞的農產品，例如規格不符或賣相不佳。格外品會被農民分享給親友或作為肥料跟飼料，盛產時還可能出現遭大量棄置的問題。下列何項作法較能有效解決上述問題？ (A)推動從產地到餐桌的理念，降低食物里程 (B)善用食品加工，以利農產品的保存與食用 (C)鼓勵農民改採有機農法，提高農產品售價 (D)種植基因改造作物，增加單位面積的產量,social-113-1
會考社會,social,113,2,地理,區域經濟（中歐）,A,R,S5,T3,G5,過度依賴德國市場，要產業轉型並分散貿易夥伴,由波蘭、匈牙利、斯洛伐克、捷克組成的維謝格拉德集團，近年來約有20%至30%的商品出口至德國，因此當德國經濟成長減緩時，該集團國家的產業可能衰退。根據上文，集團成員國最可能採取下列何項政策，以減少產業衰退所帶來的負面影響？ (A)加速產業創新轉型及尋找新的貿易夥伴 (B)採取促使各國貨幣升值的政策以利出口 (C)退出歐盟並從非洲國家引進廉價勞動力 (D)鼓勵國內勞力密集產業外移至西歐國家,social-113-2
會考社會,social,113,3,地理,聚落命名,B,D,S3,T5,G6,上營盤在營盤腳的東南方且地勢較高，看等高線,臺灣某些聚落是以相對位置來命名，例如北門。下列為某地區兩個地名由來的描述：在地勢較高處屯兵設營，故稱為上營盤，其西北山腳處則稱為營盤腳，又名下營盤。 圖(一)為營盤腳附近的等高線地形圖，根據上述及圖中資訊判斷，上營盤最可能位在圖中何處？ (A)甲 (B)乙 (C)丙 (D)丁 圖(一) 圖(一),social-113-3
會考社會,social,113,4,地理,世界語言分布,A,D,S3,T5,G1,依語言分布圖面積與使用人數，找第五名的分布區,"圖(二)為某網站繪製的世界語言使用圖，呈現全球23種使用人數超過5,000萬人的語言，其中使用人數排第五名的語言主要分布區為下列何者？ (A)西亞、北非 (B)東亞、南亞 (C)南歐、南美洲 (D)北美洲、大洋洲 圖(二) 圖(二)",social-113-4
會考社會,social,113,5,歷史,清代民間械鬥,B,R,S1,T1,H1,漳客聯合對抗泉州人，反映清代分類械鬥,彰化平原上曾有一個稱為「七十二庄」的組織，由漳州人和客家人聯合成立，他們透過共同的宗教活動，強化組織內部的連結，以抵抗鄰近泉州人的勢力。上述組織的成立，最可能與下列哪一現象有關？ (A)鄭氏推行軍屯制度 (B)清代民間械鬥頻傳 (C)清朝政府開山撫番 (D)日本鎮壓漢人抗日,social-113-5
會考社會,social,113,6,歷史,八國聯軍,C,D,S1,T1,H1,歌詞中的「洋鬼子」與東方戰爭，指八國聯軍,圖(三)為一首歌曲部分歌詞的翻譯，其內容聚焦於中國歷史上某一事件。歌詞中「在東方的血腥戰爭」，最可能是指下列何者？ (A)蒙古大軍南下滅宋，成功入主中國 圖(三) (B)英國為鴉片貿易問題出兵攻打中國 (C)八個國家組成聯軍向中國發動攻擊 & 洋鬼子：鄙視外國人的稱呼。 (D)國民政府誓師北伐，終結軍閥割據 ( )& 洋鬼子：鄙視外國人的稱呼。 圖(三),social-113-6
會考社會,social,113,7,歷史,古代文字,D,R,S4,T1,H3,由古地圖的出土地（兩河流域）判斷使用的文字,古代人們在繪製地圖時，通常會將自己所處的區域放在地圖中央。圖(四)是某地區出土的古世界地圖及其說明，該地區當時所使用的文字，最可能為下列何者？ (A) (B) (C) (D) 圖(四) ( ) ( ) 圖(四),social-113-7
會考社會,social,113,8,歷史,近代日本,C,R,S1,T1,H1,參與甲午戰爭、九一八事變的是日本,「某國在十九世紀末設置一個機構，最初是顧及戰後返國的軍人，身上可能帶有病菌，因而先送往此處進行消毒及隔離，後來也在此處收容戰爭俘虜。在該國曾參與的甲午戰爭、第一次世界大戰、九一八事變，乃至於太平洋戰爭，此機構都曾發揮隔離檢疫的功能。」上述「某國」最可能是下列何者？ (A)美國 (B)德國 (C)日本 (D)法國能 」上述 (B)德國 ( )德國 (D)法國,social-113-8
會考社會,social,113,9,歷史,荷蘭時期土地開發,A,R,S1,T7,H8,十七世紀提供土地、耕牛招募漢人的是荷蘭東印度公司,以下是學者對歷史上臺灣的土地開發模式，所做出的分析：「十七世紀時，『甲』透過提供土地、耕牛、資金借貸，招募『乙』修築城堡、耕種稻米與甘蔗。甲、乙兩者之間雖然互相依賴，但甲常透過強制力懲罰不願受約束的乙。」上述「甲」與「乙」，最可能是下列何者？ (A)荷蘭 聯合東印度公司與漢人 (B)清帝國與福建、廣東的漢人 (C)顏思齊集團與沿海的原住民 (D)鄭氏政權與大肚王國原住民,social-113-9
會考社會,social,113,10,公民,兒少保護法律,C,K,S4,T2,C2,由法律條文判斷立法目的是保障兒少身心發展,圖(五)是老師在黑板上解釋某法律的部分內容，根據圖中內容判斷，下列何者是該法律最主要的立法目的？ (A)避免家庭暴力事件的發生 (B)處理兒童及少年犯罪事件 圖(五) (C)確保兒童及少年身心發展 (D)維護社會秩序及善良風俗 圖(五),social-113-10
會考社會,social,113,11,公民,交易媒介,C,D,S1,T2,C2,國家發行的是法定貨幣，事先儲值的是儲值卡,表(一)是小津整理的交易媒介比較表，表中甲、乙最可能為下列哪一組合？ 表(ㄧ)交易媒介 甲 乙須事先存入足夠金額，並搭配特定特色一 可直接支付各項消費設備才能使用特色二 由國家發行並賦予價值 多由民間企業發行特色三 可能會面臨兌換零錢的困擾 免去購物找零錢的困擾 (A)商品貨幣與儲值卡 (B)商品貨幣與信用卡 (C)法定貨幣與儲值卡 (D)法定貨幣與信用卡 (B)商品貨幣與信用卡 ( )商品貨幣與信用卡 (D)法定貨幣與信用卡表 表中 表(ㄧ)乙須事先存入足夠金額，並搭配特定,social-113-11
會考社會,social,113,12,公民,大法官解釋（同婚）,B,K,S5,T2,C2,法律違憲須修正，顯示憲法位階最高,新聞報導：大法官解釋第748號解釋文，宣告《民法》中未有保障同性婚姻之規定，違反《憲法》保障人民平等權與婚姻自由之意旨，相關機關應在兩年內完成法律修正或制定，若屆時未完成修法，同性二人可依現行《民法》規定辦理結婚登記。上述內容顯示出我國《憲法》的哪一項特性？ (A)規範範圍最廣 (B)法律位階最高 (C)修改程序困難 (D)條文內容簡要我國《憲法》的哪 (B)法律位階最高 ( )法律位階最高 (D)條文內容簡要,social-113-12
會考社會,social,113,13,公民,行為能力,C,K,S5,T2,C2,未成年人訂契約須法定代理人同意，保護限制行為能力人,小央花費數萬元購買限量模型，將商品帶回家後遭到父母反對，並立刻陪同小央返回店家要求退貨。根據我國法律規定，就小央的年齡而言，此項契約須經法定代理人同意才具備效力，因此店家只能辦理退貨。根據上述內容判斷，下列何者最可能是訂立該規定的用意？ (A)維護無行為能力人的權益 (B)矯正未成年人的犯罪行為 (C)保護限制行為能力人的權益 (D)預防未成年人從事犯罪行為的用意？ (B)矯正未成年人的犯罪行為 ( )矯 未成年 的犯罪行為 (D)預防未成年人從事犯罪行為,social-113-13
會考社會,social,113,14,公民,開放進口影響,D,R,S5,T3,C4,開放進口使消費者的選擇更多元,我國原本允許進口新鮮山竹，但2003年時，因新鮮山竹有引進害蟲的疑慮，所以政府禁止進口，於是市面上只能買到進口的冷凍山竹。2019年4月，政府公告將開放經殺蟲處理的新鮮山竹進口；同年9月，新鮮山竹上架銷售，雖然價格高於冷凍山竹，仍在短時間銷售一空，後來各店家也持續補貨販售。根據上述內容判斷，政府的開放政策帶來下列何項影響？ (A)貿易出超金額因而擴大 山竹：一種水果。 & (B)農業出口總額因而上升 (C)購物意願因價格變化而提高 (D)產品選擇因而變得更加多元& 山竹：一種,social-113-14
會考社會,social,113,15,地理,土地利用變遷,C,D,S3,T5,G1,比較兩時期地圖，找魚塭轉為市區的區域,圖(六)顯示臺灣某一沿海地區的土地利用變遷，根據圖中資訊判斷，下列關於該地區土地利用轉變的敘述何者正確？ 圖(六) (A)可利用的土地因海岸侵蝕嚴重而減少 (B)魚塭的面積變化呈現先減後增的趨勢 (C)新的市區用地主要是由魚塭填土而來 (D)聚落的範圍主要是由南向北逐漸擴張 圖(六),social-113-15
會考社會,social,113,16,地理,人口與壽命,C,D,S2,T5,G2,漠南非洲平均壽命最低、人口成長快,隨著醫療衛生的進步，人類的平均壽命正逐漸提高，圖(七)呈現1990年與 2019年全球各區域平均壽命與人口數的變化，圖中未標示的區域有「中南美洲」、「歐洲及北美洲」、「東亞及東南亞」、「漠南非洲」。依據各區域的經濟發展及醫療衛生條件判斷，圖(七)中甲、乙、丙、丁何者最可能為漠南非洲？ (A)甲 (B)乙 (C)丙 圖(七) (D)丁 圖(七),social-113-16
會考社會,social,113,17,地理,日本降雪,A,R,S3,T5,G1,冬季季風迎風面在日本海一側，找面向日本海的山區,日本某地因位處冬季季風迎風面，季風經日本海挾帶豐沛水氣形成大量降雪，待降雪季節結束，積雪剷除後的道路兩側留下垂直壁立高達十多公尺的雪壁，吸引大量遊客前 䏰來。上述雪壁景色最可能位於圖(八)中何地？ ᴗ (A)甲 (B)乙 Ჿ᳗ (C)丙 (D)丁 圖(八)䏰ᴗᲿ᳗ 圖(八),social-113-17
會考社會,social,113,18,地理,中國鐵路,C,R,S3,T5,G1,環繞塔克拉瑪干沙漠的鐵路要防風沙,圖( ) 18. 中國某行政區有一新建鐵路於2022年6月通車，與原有鐵路部分路線共同構成一環形鐵路，其路線圖如圖(九)所示。該新建鐵路通車後為了維持其正常運行，根據沿線環境特色判斷，最可能需要進行下列何種維護措施？ (A)加強防颱工程，預防強風及豪雨損壞鐵路設備 (B)設置加熱系統，克服土壤結凍造成的軌道變形 (C)種植固沙植物，防止風沙危及列車行駛的安全 (D)興建河岸堤防，避免河流定期氾濫而淹沒鐵軌 圖(九) 圖(九),social-113-18
會考社會,social,113,19,歷史,冷戰,D,D,S1,T7,H8,由信函內容判斷冷戰對立的兩國,圖(十)是二十世紀時，甲、乙二國領袖來往的信函，根據內容判斷，甲、乙二國最可能是下列何者？ 圖(十) (A)甲：蘇聯、乙：東德 (B)甲：西德、乙：美國 (C)甲：美國、乙：蘇聯 (D)甲：蘇聯、乙：美國 圖(十) (B)甲：西德、乙：美國 ( )甲 西德 乙 美國 (D)甲：蘇聯、乙：美國 圖(十),social-113-19
會考社會,social,113,20,歷史,中古天文觀,A,K,S4,T2,H3,中古歐洲的主流是地心說：太陽繞地球,圖(十一)是兩張與天體運行有關的示意圖，下列何者及其說明最能夠代表中世紀 (中古)歐洲天文學的主流觀點？ (A)圖左，因為太陽繞行地球 (B)圖左，因為水星繞行太陽 (C)圖右，因為月球繞行地球 圖(十一) (D)圖右，因為木星繞行太陽 圖(十一),social-113-20
會考社會,social,113,21,歷史,元代貿易,B,K,S1,T1,H1,十四世紀外銷、十六世紀經馬尼拉運往美洲的是瓷器,「十四世紀時，由於此物產的生產與銷售，帶動一股商業活動：中國結合自身及波斯生產的原料，製作成具有特色的商品後，由中國銷往印度、埃及、波斯等地。十六世紀起，此物產又由西班牙船隻載運，從馬尼拉運往墨西哥城與利馬；在此同時，歐洲王公貴族對此物產風靡不已，紛紛下單訂作。」此物產最可能是下列何者？& 利馬：位於今秘魯境內。 (A)番薯 (B)瓷器 (C)鴉片 (D)白銀& 利馬：位於今秘魯境內。,social-113-21
會考社會,social,113,22,地理,宗教分布,C,R,S2,T5,G2,信徒比例高的國家都信佛教，發源地在印度北部,表(二)呈現五個國家 表(二)2010年某宗教信徒占 教徒占全國總國家該國總人口數的比 人口比例(%) 䏰䏰例，根據內容判斷， 柬埔寨 96.9 ᲿᲿ ᴗ᳗ᴗ᳗᳗此宗教的發源地最可 泰國 93.2能位於圖(十二)中甲、 緬甸 80.1 圖(十二) 乙、丙、丁何處？ 不丹 74.7 (A)甲 斯里蘭卡 69.3 (B)乙 (C)丙 (D)丁䏰䏰ᲿᲿᴗ᳗ᴗ᳗᳗ 表(二)教徒占全國總教徒占全國總人口比例(%) 96.9 93.2 80.1 74.7 69.3 圖(十二),social-113-22
會考社會,social,113,23,地理,移工來源國,B,D,S2,T4,G2,產業移工多男性、社福移工多女性：工作類別有性別差異,表(三)是2022年8月時，我國前四大外籍移工來源國的部分資料： 表(三)產業移工 社福移工 總人數類別 ( 營建業、製造業、漁業) ( 看護、家庭幫傭) 比例越南 45.4% 12.7% 35.4%國 菲律賓 25.3% 12.2% 21.3%籍 印尼 16.1% 74.9% 34.1%泰國 13.2% 0.2% 9.2%性 男 71.4% 0.8% 49.8%別 女 28.6% 99.2% 50.2%根據表中資料，我們可觀察到關於外籍移工的何種現象？ (A)外籍移工的勞動,social-113-23
會考社會,social,113,24,公民,交易媒介（回數票）,A,E,S5,T2,C1,電子收費取代回數票：科技使交通更順暢,小華整理客廳時發現一疊紙張，如圖(十三)。他拍照上傳到社群網路詢問它的功能，以下是網友的回覆：甲：「我們稱它為高速公路回數票，以前沒有電子收費系統，經過收費站時將它拿給收費員當通行費。在收費站前減速繳交回數票常會造成塞車，現在 圖(十三)用電子收費就沒這個問題了。」乙：「以前忘了帶錢時，把回數票當現金，少數店家也能接受，我還曾經用它來買便當。」關於上述高速公路回數票的說明及收費方式的變革，下列敘述何者最適當？ (A)科技發展使得交通運輸更順暢 (B)高速公路回數票可在銀行換外,social-113-24
會考社會,social,113,25,公民,親屬與選舉,B,E,S5,T2,C3,旁系血親：舅舅、姑姑；再依參選地（市）判斷,小惠在旅行的過程，曾借宿表(四)中四位親 表(四)戚家，其中一位旁系血親參選當地的市民 行程 借宿地點 親戚稱謂代表，因此在借宿的那天晚上，他也參與 第一天 新北市 姨丈了掃街拜票。根據上述內容判斷，參選者 第二天 花蓮縣 舅舅最可能是表中何者？ 第三天 臺南市 姑姑 (A)姨丈 第四天 彰化縣 伯母 (B)舅舅 (C)姑姑 (D)伯母 表(四)行程借宿地點親戚稱謂第一天新北市姨丈第二天花蓮縣舅舅第三天臺南市姑姑第四天彰化縣伯母,social-113-25
會考社會,social,113,26,地理,水庫集水區,C,R,S3,T5,G1,集水區內的土地利用會影響水庫水質,圖(十四)為石門水庫集水區範圍圖，若要針對此水庫的相關問題作整治並進行評估，則下列何者最為合理？ (A)加強玉山山脈的水土保持可增加水庫使用年限 (B)福山站附近的崩塌是造成水庫濁度增加的原因 (C)復興區的土地利用方式將對水庫水質造成影響 (D)疏濬石門(3)站旁河道的淤沙可維持水庫蓄水量,social-113-26
會考社會,social,113,27,地理,工業區位,A,R,S5,T6,G8,製鞋是勞力密集產業，要找人口多、工資低的地方,"臺灣製鞋業在國內及海外約有3,000多家工廠，為了拓展製鞋版圖，國內幾家製鞋大廠持續計畫在其他國家籌設新廠。根據製鞋業的產業特色判斷，最可能前往具備下列何種條件的國家設置新廠？ (A)人口眾多且所得較低 (B)原料豐富且地廣人稀 圖(十四) (C)動力充足且市場廣大 (D)資金豐沛且技術密集 圖(十四)",social-113-27
會考社會,social,113,28,地理,地層下陷,B,D,S3,T5,G1,地層下陷區轉移到高鐵沿線，要減少抽取地下水,圖(十五)呈現雲林縣某一環境災害在前、後兩個時期分布的變化，可以觀察出此災害最嚴重的地區在後期有向某地區轉移的現象，下列何項措施較有助於緩解此災害在後期最嚴重的地區持續惡化？1 ⴲ 1 ⴲ䯭䤋᳉攵悍 ⃄ 䯭䤋᳉攵悍 ⃄NP NP榖拳 傸拳 榖拳 傸拳 圖(十五) (A)提高自來水水費以減少用水 (B)鼓勵在高鐵沿線改種省水作物 (C)補助受影響居民墊高房舍與路基 (D)限制臺鐵通過此路段的運量與班次1 ⴲ䯭䤋᳉攵悍 ⃄NP榖拳 傸拳傸 圖(十五) (B)鼓勵在高鐵沿線改種省水,social-113-28
會考社會,social,113,29,地理,南半球農業（荔枝）,A,R,S3,T5,G1,找與臺灣中南部氣候相近的澳洲東部亞熱帶地區,荔枝為臺灣受歡迎的水果之一，目前主要種植在中南部。政府為了推廣臺灣荔枝，與澳洲合作，推動南半球生產計畫，在澳洲尋找與臺灣荔枝種植的氣候條件相似的地點，並於完成隔離檢疫後開始試種。根據上文，圖(十六)中何處最有可能為試種的地點？ (A)甲 (B)乙 (C)丙 (D)丁 圖(十六) 7 圖(十六),social-113-29
會考社會,social,113,30,歷史,清末女權,C,R,S1,T1,H1,主張女子參政、組織新政權：推翻清朝建立共和,清末某位知識分子提出下述主張：「本世紀女權的問題，關鍵在於政治參與。我認為女子能成為議員，也期望中國在海陸軍、財政部門、外交部門有女性任職，更希望女子能被選舉為總統。我們必須以塑造尊重男女平權的新國民為起點，並追求組織新政權為終極目標。」根據上文，此人認為應採取下列何種作法，最可能創造理想中的女性政治參與環境？ (A)接受西域的胡人文化 (B)維護傳統的皇帝制度 (C)推翻清朝政府建立共和 (D)效法日本推動君主立憲,social-113-30
會考社會,social,113,31,歷史,十八世紀政治漫畫,D,D,S4,T1,H3,十八世紀末無套褲漢的漫畫，反映對法國大革命的不安,圖(十七)是一張十八世紀末的漫畫及其說明，作者所要傳遞的訊息，最可能是下列何者？ (A)對北美十三州宣布獨立表示反對 (B)對德意志帝國擴建海軍備感威脅 (C)對義大利統一建國運動提出異議 (D)對法國大革命向外蔓延感到不安& 無套褲漢：指中下階級平民。 圖(十七) 圖(十七),social-113-31
會考社會,social,113,32,歷史,九品官人法,A,K,S1,T1,H1,設置中正官、分九等選才：九品官人法,「東漢末年戰亂頻仍，知識分子四散遷徙，人才難覓。曹丕在正式建立曹魏政權前，為了改善人才選用方式，於延康元年(220年)實施此方法，在各郡設置中正官，……。」上文中未完的內容，最適合放入下列何者？ (A)挑選各地賢能者，根據才學德行與資歷表現分為九等 (B)與耶穌會傳教士進行交流，引進西方科學知識與技術 (C)長期戰亂導致地方制度轉變，郡縣制度取代封建制度 (D)主辦地方層級的科舉考試，使平民任官機會逐漸增加,social-113-32
會考社會,social,113,33,地理,經緯度（海底電纜）,D,D,S2,T5,G6,橫跨太平洋：一端在臺灣附近、一端在美國西岸,目前的跨洋資訊傳輸多是透 表(五)過海底電纜，表(五)為四條 電纜 西側端點所在位置 東側端點所在位置海底電纜東、西端點的位置 甲 33.73°S，18.44°E 5.42°N，100.33°E資訊。「太平洋光纖電纜網 乙 40.76°N，72.94°W 50.83°N，4.55°W路」為一條橫跨太平洋的海 丙 38.73°N，9.15°W 31.26°N，32.31°E底電纜，該電纜的興建可以 丁 24.86°N，121.83°E 33.91°N，118.42°W提供兩個端,social-113-33
會考社會,social,113,34,公民,契約（動物認養）,D,D,S4,T1,C2,由貼文線索判斷兩次投票的類型與先後,圖(十八)是小安過去的網路貼文，圖(十九)是當時動物之家認養規定的部分內容： 圖(十八) 圖(十九)根據圖(十八)、圖(十九)的內容判斷，小安參與的這兩次投票，先後順序最可能為下列何者？ (A)地方選舉、中央選舉 (B)地方選舉、公民投票 (C)中央選舉、公民投票 (D)公民投票、中央選舉 (B)地方選舉、公民投票 ( )地方選舉 公民投票 (D)公民投票、中央選舉 圖(十九),social-113-34
會考社會,social,113,35,公民,統計資料判讀,B,D,S2,T4,C5,案件數下降但新聞增加：媒體影響公共意見,近年甲國新聞中常見關於殺人案件的報導，許多人因而認為治安不斷惡化，要求主管機關首長下臺負責。曉晴想探究該國社會治安情況，在網路上搜尋到的資料如圖(二十)，圖中顯示甲國近年殺人案件數，以及用「殺人」為關鍵詞搜尋國內網路新聞的搜尋結果數。根 圖(二十)據上述內容判斷，下列何者最可能是他探究的結論？ (A)社會治安不斷惡化顯示媒體未善盡監督政府責任 (B)媒體與社群網路的報導內容會影響公共意見方向變動性＝不穩定性 (C)公共意見雖經過反覆討論但形成後仍具有變動性 & (D)閱聽大眾,social-113-35
會考社會,social,113,36,公民,勞動參與,B,E,S5,T6,C8,提高無酬照顧者就業，需要托育支持,我國少子化與高齡化的情況日益嚴重，未來恐面臨勞動力不足的危機。政府除了促進人口成長以減緩影響程度外，根據人力運用調查資料顯示，2018年時約有150萬的壯年人口，因須承擔無酬勞動而未就業，有學者建議可設法提高這些人參與市場勞動的意願。根據上述內容判斷，下列何者最可能是該學者的建議之一？ (A)延後高齡勞工的退休年齡 (B)廣設優質平價的托育機構 (C)增加中小企業的就業機會 (D)健全國際志工的培訓制度,social-113-36
會考社會,social,113,37,地理,一帶一路,C,R,S3,T5,G1,繞過麻六甲海峽：經巴基斯坦通往波斯灣的走廊,中國實施「一帶一路」政策規畫了許多經濟走廊，圖 (二十一)為部分經濟走廊示意圖。其中有一條的規畫目的，除可降低從波斯灣運石油至中國須經印尼、馬來西亞間海峽及南海的風險外，也兼具促進中國西部地區與西亞、南亞國家的能源和貿易往來，此經濟走廊最可能為圖中何者？ 圖(二十一) (A)甲 (B)乙 (C)丙 (D)丁 圖(二十一),social-113-37
會考社會,social,113,38,歷史,清末租界,D,R,S1,T1,H1,英法租界與自來水：十九世紀末的上海,「自來水管在租界內埋設，沿街每十數步設置四尺高的吸水鐵桶，鐵桶下面與水管連接，使用時將鐵桶上的機關轉開，水就會激射而下。自來水管理單位有兩處，法國租界的管理處設在萬安里，英國租界的管理處就設在儲水的水塔旁邊。管線外需要用水的居民也可以請水夫外送，不論遠近，每擔水都收十文錢。」上述最可能是描寫下列何者的情形？ (A)十八世紀初的北京 (B)十八世紀末的廣州& 四尺：約120 公分。 (C)十九世紀初的廈門 (D)十九世紀末的上海& 四尺：約120 公分。,social-113-38
會考社會,social,113,39,地理,外來種入侵,C,E,S5,T6,G5,同一外來種，兩國漁民處境不同：全球化的影響,藍蟹原產於美洲，因國際貿易蓬勃發展，透過船舶的壓艙水被帶往地中海，由於該地氣候適宜生長又缺乏天敵，藍蟹數量大幅增加，而使原生物種的生存空間受到擠壓。在法國 地中海沿岸，藍蟹已成為常被捕捉到的漁獲，但這項食材在該國的食用者很少，使漁民生計受到衝擊；反觀北非 突尼西亞，在原本漁獲減少的情況下，漁民轉而捕捉藍蟹販售，結果獲得不錯的收入。上述關於二國漁民處境的內容，其所探討的主題最可能為下列何者？ (A)漁民如何在市場競爭中受惠& 壓艙水：為維持船舶穩定而汲取 (B)漁民如何應對外來,social-113-39
會考社會,social,113,40,公民,刑事案件與調解,B,R,S2,T2,C5,調解成立的是告訴乃論案件，改判決只增加總數,我國某地方法院在一段時間內的刑事案件判決件數，ᶴ 䏰 以及其中屬於非告訴乃論刑事案件判決的件數，如圖 㐶 (二十二)。當地調解委員會在同一段時間內，也順利調解 ᶴ ᴗ了許多刑事案件。若上述調解成立的案件，當初都沒能㔀摑 ⴲ調解成功，且這些案件皆改由該地方法院作出判決，則 圖(二十二)關於圖中甲、乙線段的位置，下列何種變化最可能發生？ (A)甲線段上移，乙線段上移 (B)甲線段上移，乙線段不變 (C)甲線段下移，乙線段上移 (D)甲線段下移，乙線段不變ᶴ 䏰㐶ᶴ ᴗ㔀摑 ⴲ何種,social-113-40
會考社會,social,113,41,歷史,一戰紀念,A,R,S1,T7,H8,英國的前殖民地保留紀念日：澳洲,英國的英格蘭足球超級聯賽，在最接近11月11日的比賽日，會舉辦紀念活動：比賽前由軍人、球員與觀眾一起進行默哀儀式，各隊球衣上印有紅花圖案，其餘參與者也在衣服上別著紅花。這是因為英國及其殖民地為紀念第一次世界大戰犧牲將士，將11月11日訂為紀念日，許多殖民地在獨立後，仍保留此節日。根據上文，下列何者最可能保有同樣的紀念活動？ (A)澳洲職業足球聯賽 (B)巴西足球甲級聯賽 (C)荷蘭足球甲級聯賽 (D)韓國職業足球聯賽可能保有同樣的紀念活動 (B)巴西足球甲級聯賽 ( )巴西足,social-113-41
會考社會,social,113,42,地理,恆河沙洲,D,R,S3,T3,G1,河口沙洲是河流帶來的堆積物形成,1970年11月恆河出海口附近出現一座長3.5公里、寬3公里，最高點僅2公尺的沙洲島，因其位處印度與孟加拉領海交界處，引發兩國領土爭議，但在爭議還未解決之前，這座島嶼就消失了。根據當地自然環境判斷，該島嶼形成的原因最可能是下列何者？ (A)位處板塊接觸帶，海底火山噴發 (B)恆河集水區的水土保持持續改善 (C)恆河河口附近的海平面持續上升 (D)豪雨侵襲，河流帶來大量堆積物,social-113-42
會考社會,social,113,43,歷史,日治港口貿易,A,D,S2,T5,H5,打狗港對日輸出大增，與殖民母國投資糖業相關,"表(六)為臺灣某時期四個主要港口，每十年的輸出額總和。根據表中資料，下列何者的推論最恰當？ 表(六) 單位：十萬元年分 1896-1905 年 1906-1915 年 1916-1925 年 1926-1935 年港口 對外國對日本對外國對日本對外國對日本對外國對日本基隆港 90 312 506 1,215 2,112 5,578 2,321 9,260淡水港 708 5 563 7 467 0.5 157 0.2安平港 144 135 49 259 25 67 16 65打",social-113-43
會考社會,social,113,44,公民,社會規範（巫童）,C,E,S1,T2,C6,巫童悲劇反映民眾行為受社會規範影響,文中巫童悲劇的發生，主要反映出下列何種現象？ (A)文化的差異形成文化位階 (B)法律的強制力高於宗教信仰 (C)民眾行為會受到社會規範影響 (D)公共意見是經由反覆辯論而形成下列何種現象？ (B)法律的強制力高於宗教信仰 ( )法律的強制力高於宗教信仰 (D)公共意見是經由反覆辯論而形成,social-113-44
會考社會,social,113,45,公民,基本人權,A,E,S1,T2,C6,巫童受虐，凸顯基本人權應受普遍保障,文中關於巫童所受待遇的描述，最能凸顯下列何者的重要性？ (A)基本人權應受到普遍性的保障 (B)公權力的行使應受到法律約束 (C)自由信仰宗教的權利應受法律保障 (D)政府的權力應相互制衡以避免濫權,social-113-45
會考社會,social,113,46,公民,消費選擇,B,E,S1,T2,C4,不須牌照、駕照、價格低：使用的機會成本較低,根據文中第一段內容判斷，相較於電動機車，部分民眾喜愛使用電動自行車的原因，最可能為下列何者？ (A)該產品的市場競爭程度日漸提升 (B)選擇使用該項產品的機會成本較低 (C)受匯率變化影響，產品販售價格調降 (D)負向誘因增加，民眾使用產品意願提高,social-113-46
會考社會,social,113,47,公民,修法程序,D,K,S1,T2,C2,修改法律須經立法院通過,文中政府於2022年4月所做的變革，其過程須經下列哪一程序？ (A)公民投票複決 (B)憲法法庭審理 (C)行政機關移請覆議 (D)中央立法機關通過,social-113-47
會考社會,social,113,48,公民,法規施行,C,D,S1,T1,C2,施行日 2022/11/30 起算二年；罰鍰是行政罰,根據文中內容判斷，在修正規定施行前已持有微型電動二輪車者，關於其領用車牌的敘述，下列何者最適當？ (A)最晚要在2024年5月3日領用車牌，以免遭受行政處罰 (B)最晚要在2024年5月3日領用車牌，以免遭受刑事處罰 (C)最晚要在2024年11月29日領用車牌，以免遭受行政處罰 (D)最晚要在2024年11月29日領用車牌，以免遭受刑事處罰,social-113-48
會考社會,social,113,49,地理,美國人口變動,A,D,S3,T5,G1,南部州席次增加、東北部減少，反映人口成長差異,根據上文及觀察圖(二十三)中不同年分各州眾議員席次的變化情形，可以推論美國人口在這段期間有下列何項變動？ (A)南部州人口成長速度較東北部的州快 (B)美國各州持續呈現人口負成長的狀態 (C)加州因國際移民眾多而人口成長加快 (D)禁止移民的政策主導德州人口的變化,social-113-49
會考社會,social,113,50,地理,人口分布因素,D,R,S3,T6,G1,席次 1 席的州多在高緯、山地，與殖民地式經濟無關,影響美國各州人口多寡的因素眾多且不相同，觀察圖(二十三)中2020年眾議院席次僅有1席的州，下列何者與這些州人口少的原因較無關聯？ (A)地形崎嶇 (B)工業就業機會少 (C)位居高緯且氣候嚴寒 (D)深受殖民地式經濟影響,social-113-50
會考社會,social,113,51,公民,立委席次分配,B,D,S3,T5,C8,依人口分布判斷各縣市立委席次多寡,根據上文並參考圖(二十四)臺灣人口分布狀況，下列關於各行政區立委席次分配的說明何者正確？ (A)屏東縣區域立委席次少於臺東縣 (B)新北市區域立委席次多於宜蘭縣 (C)彰化縣區域立委席次為全臺最少 (D)臺南市區域立委席次為全臺最多㪍涜圦䟸ᵸ 圖(二十四)㪍涜圦䟸ᵸᵸ 圖(二十四),social-113-51
會考社會,social,113,52,歷史,戰後電影政策,D,R,S1,T1,H1,新電影之前，二二八事件是政治禁忌，不可能播映,根據上文，「新電影」出現之前的戰後臺灣電影，最不可能播映下列何種劇情？ (A)中國 明朝年間，來自各路的武功高手在龍門客棧展開激烈戰鬥 (B)國軍將領對抗日軍時陣亡，蔣中正題字「英烈千秋」表示悼念 (C)男主角與豪門望族的女兒產生戀情，並捲入家族間的恩怨情仇 (D)主角因二二八事件遭到軍警處決，留下妻小長期受到政府監視,social-113-52
會考社會,social,113,53,歷史,臺灣新電影,B,R,S1,T6,H2,新電影融入鄉土文學題材，關注小人物,根據上文，「新電影」發展之初，最可能以下列何者作為電影題材？ (A)宣揚政府推行南進政策所帶來的經濟成就 (B)關注一般農民、勞工等小人物生活中的困頓 (C)受到美援影響，將美國流行文化作為劇情主軸 (D)重視原住民文化，發揚原住民族音樂與神話傳說,social-113-53
會考社會,social,113,54,公民,人權限制,C,E,S1,T2,C6,削蘋果事件限制的是表現自由（出版）,上文「削蘋果事件」中，國家企圖限制的人民權利類型，與下列何者最相似？ (A)對法庭上的被告宣告褫奪公權 (B)剝奪貪污罪犯應考公職的資格 (C)禁止過度血腥暴力影像的出版 (D)要求外國旅客入境應接受審查,social-113-54
會考社會,social,114,1,地理,天然災害與投資,A,R,S5,T7,G3,同時常受地震與颱風影響的國家：日本,一國若發生重大自然災害，可能會直接衝擊該國的經濟活動，而成為較脆弱的投資環境。臺灣因位於地震帶常發生地震，且易受颱風侵襲，於2015年被某金融機構列為最脆弱的十個國家之一。下列哪一國家最可能也因為常發生上述二種自然災害而列名其中？ (A)日本 (B)伊朗 (C)北韓 (D)澳洲 (C)北韓 (D)澳洲,social-114-1
會考社會,social,114,2,地理,農業移工,A,E,S5,T6,G8,引進農業移工是因應農業勞動力老化,2019年底，臺灣的農場與牧場，正式迎來首批合法的農業移工，其中2名是酪農移工，其餘 5名則是外展農業移工。外展農業移工意指由農會、漁會、農林漁牧有關之合作社，或非營利組織等「外展機構」所聘僱的外國人，並由外展機構指派其至服務的場所從事農務工作。上述政策的推行主要是為了因應下列何項問題？ (A)農業勞動力老化 (B)農產品的安全性 (C)農村失業率偏高 (D)稻米的生產過剩述政策的推行主要是為 (B)農產品的安全性 ( )農產品的安全性 (D)稻米的生產過剩,social-114-2
會考社會,social,114,3,公民,移民文化,B,E,S5,T2,C7,移民在異地保存原鄉文化，找新住民慶祝原鄉節慶的例子,某部電影描述主角與母親及只會說華語的祖母，同住在美國 舊金山 華人聚集的街區，並出現拿筷子吃飯、與家人共度春節及清明節等原鄉文化情節，而主角雖然從小在美國長大，但在生活中仍經常使用華語。上述電影情節的文化意涵及傳播方式，與下列何者呈現的概念最相近？ (A)利用國際婦女節倡導家務分工性別平權理念 (B)來自泰、緬的新住民與移工齊聚慶祝潑水節 (C)推行國語運動貶低母語所產生的不平等現象 (D)華人認為烏鴉象徵厄運，在日本則象徵吉祥,social-114-3
會考社會,social,114,4,地理,聚落地名,B,D,S3,T5,G1,由地圖判斷聚落位於溪流轉彎處,圖(一)是某行政區內名為挖仔的聚落地圖。根據該聚落所處環境特色判斷，其地名代表的意義最可能為下列何者？ (A)位於岬灣海岸的灣澳 (B)鄰近溪流河道的轉彎處 (C)位處高山之間的小谷地 (D)台地上的低窪地蓄水成湖 圖(一) 圖(一),social-114-4
會考社會,social,114,5,地理,區域差異,B,R,S5,T6,G8,離島民眾較關切的是醫療資源分配,某研究於2018年調查發現，臺灣不同地區民眾對於各種社會議題的關注傾向與程度有所差異，其中部分地區的民眾對於自身周遭環境的議題更加關切，例如離島地區。下列何者最可能為離島地區民眾較為關注的議題？ (A)適當管制房價，降低民眾租屋或購屋的負擔 (B)落實區域間資源分配，讓民眾獲得同等醫療品質 (C)管制重工業廢水的排放，避免造成土壤重金屬汙染 (D)大規模土石流或崩塌，可能導致建築物毀損及人員傷亡,social-114-5
會考社會,social,114,6,歷史,日治地圖,C,D,S3,T1,H7,由地圖上的行政區名稱（州）判斷是日治時期,圖(二)是臺灣歷史上某地區的地圖。根據內容判斷，此圖最有可能出自下列何者？ (A)大航海時代的〈熱蘭遮城鎮鳥瞰圖〉 (B)清帝國統治時期的《淡水廳志》 (C)日本統治時期的〈臺北州大觀〉 (D)戰後臺灣的《最新版臺灣街道圖》 圖(二) 圖(二),social-114-6
會考社會,social,114,7,歷史,清末女權著作,D,D,S1,T1,H1,提倡女性天賦權利，是晚清歐洲思潮傳入,中國史上某作家發表了一部著作，他在書中提倡 表(ㄧ)六項女性應當恢復的自然權利，如表(一)所示。該著作所提倡的主張，最可能與下列何者有關？ (A)隋 唐時期，西域民族風俗傳入中國 (B)宋 元時期，朱熹學術成就受到推崇 (C)明末清初，中國引入西方科學知識 (D)晚清時期，近代歐洲思潮傳入中國 ( ) 表(ㄧ),social-114-7
會考社會,social,114,8,歷史,宋代外商,C,K,S1,T2,H8,管理外商、收關稅、專賣進口品的是市舶司,「十一世紀時，旅居中國的穆斯林商人，在生活方面可以依照自身的習俗行事，例如他們在廣州的清真寺高塔上，懸掛旗幟、燈火來指引船隻出入港口。但在貿易方面，仍須受到官方機構的管轄，此機構負責收取關稅、接運貢品，並執行香料、珊瑚及象牙等進口商品的專賣，監督商家船隻的活動。」上述的「機構」最可能是下列何者？ (A)洋行 (B)驛站 (C)市舶司 (D)總理各國事務衙門列何者？ (C)市舶司 (D)總理各國事務衙門,social-114-8
會考社會,social,114,9,歷史,五四運動,C,R,S1,T3,H4,五四後轉向俄國革命理論，與中國共產黨成立相關,「巴黎和會引起中國強烈的民族情緒，在部分知識分子的心中，西方角色從啟蒙者轉變為壓迫者，因此他們逐漸對維護帝國主義、資本主義的西方國家感到失望。在五四運動後，有些知識分子開始轉向世界革命理論，試圖從俄國革命家對於受壓迫民族的呼籲，以及俄國新政權宣布放棄沙皇時代在中國特權的聲明中，找到改變中國的出路。」上述內容最可能與下列何者有關？ (A)中華民國的建立 (B)西安事變的發生 (C)中國共產黨的成立 (D)文化大革命的發動ȶᅗᅗΚೢ ೷ဍ,social-114-9
會考社會,social,114,10,歷史,宗教改革,B,D,S4,T7,H3,版畫諷刺教宗，支持路德的因信得救,ȶᅗᅗΚೢ ೷ဍȂңᓁٿᠠȄȷ10. 圖(三)是一幅歷史上的木刻版畫。根據畫中內容判斷，作者的立場最可能是下列何者？ (A)強調君士坦丁堡教會擁有基督教的領導權 (B)支持路德教派所提出因信得救的信仰主張 (C)主張只有希伯來民族能作為耶和華的選民 (D)認同羅耀拉等人所提倡天主教改革的理念 圖(三)ȶᅗᅗΚೢ ೷ဍȂңᓁٿᠠȄȷ 圖(三),social-114-10
會考社會,social,114,11,公民,文化衝突,C,E,S5,T2,C7,改用當地文字與餐點：尊重多元文化,一間跨國咖啡公司打算在某國的傳統文化觀光區設立分店，但卻因為品牌形象與當地建築、傳統飲食習慣不同而引發居民抗議。該公司為此改變店面沿用的品牌風格，除了採用相容於該區環境的色系，還將原本的英文招牌改用當地文字呈現，並增加販售具當地料理特色的創意餐點，希望透過這些舉動降低當地的反彈聲浪。上述跨國公司的舉動，與下列何者最相符？ (A)成立跨國企業，強化國際分工 (B)憑藉強勢文化，推動產業轉型 (C)尊重多元文化，促進文化融合 (D)凝聚社區認同，發展社區組織司的舉動 與下列何者最,social-114-11
會考社會,social,114,12,公民,國際貿易與人權,D,E,S5,T6,C4,禁止強迫勞動產品進口，是避免侵害人權,美國於2022年6月21日起，禁止進口來自中國 新疆的商品，因為美國政府認為這些商品是強迫維吾爾人勞動的產物。如果企業想要繼續將在新疆生產的商品出口至美國，則必須提出充足的證據，證明商品的生產過程沒有涉及強迫勞動問題。美國執行上述管制措施的主要理由，最可能是下列何者？ (A)擴大對外貿易的出超金額 (B)減少全球化下的貿易障礙 (C)保障旅外國民的工作權益 (D)避免侵害人權的商業行為的主要理由 最可能是下列何者 (B)減少全球化下的貿易障礙 ( )減少全球化下的貿易障礙 (,social-114-12
會考社會,social,114,13,公民,市場競爭,D,R,S5,T6,C4,提升競爭程度要增加廠商數，而不是降價,某大學於學期末時，在校內美食街設立意見回饋箱，消費者有任何建議都可以寫在意見單上投入回饋箱中，學校會參考這些回饋的意見，藉以改善未來美食街的營運方式。根據上述內容判斷，下列何項回饋意見最能提升市場的競爭程度？ (A)廠商應提供校內師生購買餐點九折優惠 (B)應要求廠商提供餐點食材的生產履歷證明 (C)希望廠商販售份量較少且價格較便宜的餐點 (D)學校應招募更多廠商進駐美食街提供多元餐點,social-114-13
會考社會,social,114,14,公民,親屬關係,C,D,S4,T2,C1,姊妹各自的配偶之間沒有直系血親關係,一對姊妹先後結婚了，圖(四)是他們之間關係的示意圖。根據圖中內容判斷，甲、乙、丙、丁四人之間最不可能存在下列何種親屬關係？ (A)配偶 (B)姻親 (C)直系血親 (D)旁系血親 圖(四) 圖(四),social-114-14
會考社會,social,114,15,公民,媒體與選舉,C,D,S2,T4,C5,同一候選人正負面報導比例差異大：注意媒體立場,表(二)是恬恬為了製作課堂報告所蒐 表(二)集的資料，統計針對某候選人的新聞 占播報時間比例(%)電視臺在各電視臺報導時間中所占比例。根 總比例正面報導負面報導據表中資料判斷，下列何者最可能是 水果臺 36 28 4恬恬探究這份資料後，建議閱聽人應 F News 12 4 6注意的事項？ 西水新聞 7 3 2 (A)覺察媒體的報導內容與事實不符 W 電視 28 4 21 (B)解讀媒體報導中的性別刻板印象 統計時間： (C)留意媒體業者是否持有特定的立場 5 / 1 - 5 ,social-114-15
會考社會,social,114,16,地理,西部陸海新通道,C,D,S3,T5,G1,通道連接西部與東南亞港口，促進與東協的貿易,圖(五)為中國於2019至2025年間規劃推動的「西部陸海新通道」，該通道利用鐵路、公路及海運等多種運輸方式以促進物流效率與經濟發展。根據圖中資訊判斷，上述通道的推動最可能具有下列何項效益？ (A)連結經北極海通往歐洲的航線 (B)節省與美墨加協定成員的海運時間 (C)增進與東南亞國協成員的貿易往來 (D)避免來自西亞的石油運輸受制於他國 圖(五) 圖(五),social-114-16
會考社會,social,114,17,地理,等高線判讀,A,D,S3,T5,G6,避開溪谷，找不在河谷的地點,小荃想造訪一處風景優美的祕境，但在抵達祕境的入口處，見有一告示牌寫著「上游水壩不定時洩洪，請勿進入溪谷以確保生命安全」，於是決定避開危險另覓他處。圖(六)為上述祕境附近的等高線地形圖，圖中甲、乙、丙、丁何者最可能為該祕境所在地點？ (A)甲 (B)乙 (C)丙 (D)丁 圖(六) 圖(六),social-114-17
會考社會,social,114,18,公民,通貨膨脹,B,R,S5,T7,C4,通膨房價高、鄰國薪資低，可每天通勤：美國與墨西哥,近年來由於新冠肺炎疫情造成嚴重的通貨膨脹，使得甲地的房價及物價高漲，影響其生活品質。此外，因為在鄰國的乙地1天的薪水，在甲地約1小時就賺得到，於是有一部分的甲地人搬至乙地居住，再利用遠距工作或每天通勤至甲地上班，藉以降低房租及生活消費。上述甲地與乙地依序最可能位於何國？ (A)法國、英國 (B)美國、墨西哥 (C)土耳其、希臘 (D)馬來西亞、新加坡 (B)美國、墨西哥 ( )美國 墨 哥 (D)馬來西亞、新加坡,social-114-18
會考社會,social,114,19,地理,人口金字塔,D,D,S2,T5,G2,人口金字塔底寬：出生率高的漠南非洲,圖(七)為2022年世界及甲區域的人口年齡及性別資料，根據人口組成判斷，甲區域最可能為下列何者？ 圖(七) (A)歐洲 (B)北美洲 (C)東北亞 (D)漠南非洲 (C)東北亞 (D)漠南非洲 圖(七),social-114-19
會考社會,social,114,20,歷史,清代製糖,C,D,S4,T1,H3,陶製漏斗用於製糖，清代糖業集中在臺南一帶,圖(八)是博物館展覽對臺灣歷史上某陶製漏斗狀工具使用方式的介紹。此種工具在十八至十九世紀之間，最多被用於 圖(九)中何處？ (A)甲 (B)乙 (C)丙 (D)丁 圖(八) 圖(九) 圖(八) 圖(九),social-114-20
會考社會,social,114,21,歷史,官僚制度,A,K,S1,T2,H8,非世襲官員、中央集權，始於東周、秦全面施行：郡縣制度,以下是學者對於中國史上某制度的論述：「此制度的基本涵義是指統治者透過任用非世襲的官員，建立中央集權的政府。這個制度初步發展於東周，在秦王朝統一天下後全面施行，隋 唐等朝代都繼續沿用，也影響了周遭的日本、朝鮮，是中國重要的制度。」根據上述內容判斷，該制度最可能是下列何者？ (A)郡縣制度 (B)封建制度 (C)科舉制度 (D)九品官人法,social-114-21
會考社會,social,114,22,歷史,抗美援朝,C,D,S1,T1,H1,由報導內容與年代判斷事件,圖(十)是某報紙報導的部分內容，標題中的「？」最適合填入下列何者？ (A)辛亥革命 (B)北伐統一 (C)八年抗戰 (D)抗美援朝 & 援朝：援助朝鮮。 圖(十)& 援朝：援助朝鮮。 圖(十),social-114-22
會考社會,social,114,23,歷史,冷戰結束,A,R,S3,T7,H7,1989 年經奧匈邊界逃往西方的是東德人,「1989年8月19日，奧地利及匈牙利曾在邊界上相鄰的兩個小鎮間，舉辦一場野餐交流活動。活動中，兩鎮之間的木製國界圍籬會被打開三小時，象徵支持沒有隔閡的歐洲。然而，這場野餐會卻成為政治性的脫逃活動。當圍籬一打開，從其他國家特別前來此地的數百男女就迅速衝過邊界，逃離受到共產集團控制、實施計畫經濟的家鄉，抵達了『自由的歐洲』。」上述利用野餐脫逃的民眾，最可能來自圖(十一)中甲、乙、丙、丁何地？ 圖(十一) (A)甲 (B)乙 (C)丙 (D)丁 圖(十 ) 圖(十一),social-114-23
會考社會,social,114,24,公民,選舉投票方式,D,E,S2,T4,C5,網路投票意願高，科技提升參與公共事務的程度,某國中學生自治組織選舉前，針對二種投票 表(三)方式進行調查，其中願意投票的人數比例如 投票方式 實體 網路 表(三)所示。根據上述內容判斷，關於此一 年級 投票 投票調查結果，下列敘述何者最適當？ 七 48% 93% (A)實體投票比網路投票更能形成民意 八 49% 95% (B)使用科技可能有洩漏個人資料的風險 九 42% 90% (C)實體投票比網路投票更符合無記名原則 (D)使用科技能提升學生參與公共事務的程度 & 實體投票：設置投票箱用實體選票圈選。 表(投票方式年,social-114-24
會考社會,social,114,25,公民,勞資糾紛,D,E,S5,T2,C1,勞動事件由雇主負舉證責任，平衡勞資權力,下列是某地方政府勞工局處理一件勞資糾紛的部分過程：勞工局：「根據貴公司的員工出勤紀錄，員工確實常加班工作，依法雇主應給付加班費。」雇主：「可是我又沒強迫員工留下來加班，有時候他們留在公司也不一定是為了工作，只是下班後不想那麼早離開而已。」勞工局：「依照《勞動事件法》規定，出勤紀錄內記載的勞工出勤時間，都預設勞工是經雇主同意而加班工作。若雇主認為員工並非因加班工作而留在公司，則須由雇主提出證明。」根據上述《勞動事件法》的規定判斷，下列何者最可能是當初立法時考量的理由？ (A)消,social-114-25
會考社會,social,114,26,公民,女性勞動參與,A,D,S2,T3,C5,由不同家庭型態女性勞參率的差異，推論家務影響就業,圖(十二)是甲國在近三十年間，三種已婚女性的勞動力參與率。根據圖中資訊，可推論出該國社會存在下列何種現象？& 勞動力參與率：15 歲以上民間人口中，已有工作者及正在找工作者的比率。 圖(十二) (A)家務勞動影響了女性參與市場勞動的機會 (B)外籍配偶增多影響了該國女性的工作機會 (C)家庭型態變遷使女性承擔較多的家務勞動 (D)女性投入家務勞動的總時數比市場勞動多 圖(十二),social-114-26
會考社會,social,114,27,地理,土耳其運河,D,R,S3,T5,G1,新運河分流船隻，減少等候通過海峽的時間,土耳其扼黑海出入馬摩拉海的咽喉，因為原有天然航道的航運交通量日益增加，政府計畫興建圖(十三)中的新運河，該計畫除了引發國內正反意見的討論外，也引起黑海周邊國家的高度關注。上述運河完工後所帶來的影響最可能為下列何者？ (A)土耳其將會喪失原有的「歐 亞陸橋」稱號 圖(十三) (B)土耳其的經濟海域範圍將因此而大幅增加 (C)黑海的海洋生物進入馬摩拉海的機率下降 (D)船隻等候通過博斯普魯斯海峽的時間減少 圖(十三),social-114-27
會考社會,social,114,28,地理,綠色能源,B,R,S3,T5,G1,位處太陽直射範圍：太陽能,圖(十四)中的國家積極發展某一種綠色能源。根據圖中資訊判斷，下列何者最可能為該國所發展的綠色能源及選擇的理由？ (A)水力；因雨量豐沛且山高水深，水力動能大 (B)太陽能；因位處太陽直射範圍，輻射強度大 (C)風力；因位於盛行西風帶，風力強勁且穩定 (D)海洋能；因北大西洋暖流流經，洋流動能大 圖(十四)& 海洋能：利用波浪、潮汐、洋流等海水運動過程產生的能源。 圖(十四),social-114-28
會考社會,social,114,29,地理,降水資料判讀,B,D,S3,T5,G1,中國北方與西北降水少於平均，南方較多,小綸從網站上取得2021年中國各省級行政區年降水量資料，他以當年全國平均降水量691.6毫米作為標準，若省級行政區的年降水量低於此一數值，則在該區塗上深灰色。根據上述原則，小綸繪製出的地圖最可能為下列何者？ (A) (B) (C) (D) ( ) ( ) ( )小綸繪製出 (C)最可能為下 (D),social-114-29
會考社會,social,114,30,地理,碳匯,C,E,S5,T6,G3,碳匯要增加植物與土壤的吸碳能力,碳匯是指能夠吸收及儲存含碳化合物的天然或人工「倉庫」，如森林、草原、濕地、土壤、海洋等。為了達成2050年「碳中和」目標，各國除了減少二氧化碳的排放之外，也積極擴大國家的碳匯。根據上文所述，若要增加一國的碳匯，則下列何種方法最為適切？ (A)以焚林的方式，快速取得種植經濟作物的土地 (B)於屋頂上方設置太陽能發電板，增加電力供給 (C)恢復曾經消失的農地，採友善環境的耕作方式 (D)選用當地食材以減少運輸距離，降低食物里程,social-114-30
會考社會,social,114,31,歷史,日治理蕃,A,D,S1,T1,H1,由碑文內容判斷是日治時期的理蕃措施,莎綺去北大武山登山的時候，看到山路上有一些歷史建築如 圖(十五)所示。根據圖中碑文摘譯的內容判斷，若莎綺上網檢索這些歷史建築興建的時局背景，最可能會出現下列何者？ (A)強化皇民化運動的推展 (B)宣傳日 俄戰爭即將勝利 (C)實施開山撫番推動漢化 (D)發起原住民族正名運動 圖(十五) 圖(十五),social-114-31
會考社會,social,114,32,歷史,荷蘭時期原住民,B,R,S1,T1,H1,濱田彌兵衛事件：十七世紀的大員,理加頭目所屬部落與鄰近部落衝突頻繁，而荷蘭人未能妥善協助調停，心生不滿的他在日本人勸說下，帶族人前往日本尋求援助。理加返鄉後，立即遭到荷蘭人的監禁，進而引發日人挾持臺灣長官的衝突事件，更導致江戶幕府一度關閉荷蘭在日本的商館以作為制裁。上述事件最可能發生於下列何時何地？ (A)十六世紀的澎湖 & 江戶幕府：明治天皇親政以前， (B)十七世紀的大員 實際統治日本的機構。 (C)十八世紀的淡水 (D)十九世紀的卑南 表(四)& 江戶幕府：明治天皇親政以前，實際統治日本的機構。 表(,social-114-32
會考社會,social,114,33,歷史,戰後鳳梨罐頭外銷,D,D,S2,T1,H1,1949 年後對中國大陸貿易歸零，找對應的欄位,"表(四) 33. 表(四)是某一時期臺灣鳳梨罐 貿易頭銷售至美國、日本、中國大 對象 甲 乙 丙 丁陸及西德的官方統計數據。根 年分據表中內容判斷，甲、乙、 1946 0 0 0 60,696丙、丁何者最可能是中國大 1950 38,134 203 0 0陸？1955 182,000 33,836 153,963 0 (A)甲 (B)乙 1960 269,338 676,098 737,723 0 (C)丙 (D)丁單位：箱貿易對象年分甲乙丙丁194660,696195038",social-114-33
會考社會,social,114,34,公民,監察委員職權,C,K,S4,T7,C2,監察委員的職權是彈劾違法失職的官員,圖(十六)是某大學公布欄所張貼的海報，根據圖中所列的演講者經歷判斷，下列何者最可能是他曾經行使過的職權？ (A)為審核各機關送交的決算挑燈夜戰 (B)提請總統任命行政院所屬部會首長 (C)對司法院院長被提名人行使同意權 (D)在掌握事證後彈劾違法失職的法官 圖(十六) 圖(十六),social-114-34
會考社會,social,114,35,公民,法治與人治,B,E,S1,T2,C2,乙資料依法召開公聽會，顯示政府權力受制衡,甲、乙二則資料呈現不同時代官方興建公共建設的相關情況：甲資料：統治者為了加強對國內各地的控制，便於運送物資及兵力，下令修鑿運河，強行徵召數百萬人民從事勞役。乙資料：某地方政府研擬興建社會住宅，當地議會要求依法召開公聽會聽取附近居民的意見，作為後續制定政策的參考。根據甲、乙二項資料判斷，關於不同時代官方興建公共建設作法的敘述，下列何者最適當？ (A)甲資料顯示當時的市場勞動權利受法律保障 (B)乙資料顯示當時的政府權力受到約束與制衡 (C)二則資料皆顯示公共建設以促進公平正義為,social-114-35
會考社會,social,114,36,公民,法庭角色,A,E,S4,T7,C2,依法庭座位判斷角色，檢察官負責起訴,老師安排同學至地方法院參觀，並讓甲、乙、丙、丁四位同學在模擬法庭中扮演不同的角色，如圖(十七)所示。根據我國法律規定及圖中情境判斷，下列關於他們四人的臺詞，何者最適當？ (A)甲：我依據相關犯罪事證依法起訴乙 (B)乙：我承認錯誤，我會儘早償還借款 (C)丙：我希望甲審酌證據後判決乙無罪 (D)丁：我判決原告勝訴，撤銷行政處分 圖(十七) 圖(十七),social-114-36
會考社會,social,114,37,公民,社會企業,C,E,S5,T2,C4,社會企業以商業手段解決社會問題：公平貿易,「社會企業」是近年頗受關注的概念，其中公司型的社會企業透過商業活動營利，以改善社會或環境問題為目標，並非以讓出資者獲利為唯一考量，而企業獲得的利潤，也將繼續投入改善社會或環境問題的商業活動，希望讓社會企業得以永續經營。下列何種作法與上述提及的企業經營模式最相符？ (A)運用低價策略創造企業優勢 (B)制定法律推行友善勞工政策 (C)提倡公平貿易幫助小農發展 (D)募集善心捐款扶助弱勢群體,social-114-37
會考社會,social,114,38,公民,監護宣告,A,K,S5,T2,C1,監護宣告使受宣告者成為無行為能力人，保障財產,某日新聞報導有位失智症患者將土地、房屋贈送給陌生人的糾紛，由於小明的爺爺是中度失智症患者，家人擔心爺爺也會做出類似行為而導致權益受損，便向律師諮詢。律師建議家屬可向法院提出聲請，對爺爺作出監護宣告。上述律師的建議內容應是希望達成下列何項法律效果？ (A)讓爺爺成為無行為能力人，以保障其財產 (B)讓爺爺成為限制行為能力人，以保障其財產 (C)讓爺爺成為無行為能力人，以保障其契約自由 (D)讓爺爺成為限制行為能力人，以保障其契約自由,social-114-38
會考社會,social,114,39,公民,國際移工,A,R,S5,T3,C8,同額日幣換到的披索減少：日幣相對披索貶值,2020年之前，臺灣與日本都面臨勞力短缺的問題，但日本提供比臺灣更高的薪資吸引國際移工，因此許多菲律賓籍移工較願意前往日本工作。不過2022年底時，許多在日本工作的菲律賓籍移工發現，雖然每個月都拿出相同金額的日幣兌換成菲律賓披索匯回家鄉，但年底換到的菲律賓披索卻比年初減少了約10%，因此他們打算改往澳洲工作。上述國際移工變更工作地的考量，其原因之一最可能為下列何者？ (A)菲律賓披索相對日幣升值 & 菲律賓披索：菲律賓貨幣名稱。 (B)菲律賓披索相對新臺幣貶值 (C)去臺灣工,social-114-39
會考社會,social,114,40,地理,加里寧格勒,D,D,S3,T5,G1,加里寧格勒是俄國在波羅的海的軍事據點,「俄 烏戰爭以來，歐盟對俄羅斯採取大規模的制裁措施，其中立陶宛於2022年6月18日，對經其領土進出俄羅斯 加里寧格勒的貨運火車實施限制，因而引發俄羅斯強烈不滿。此一事件也凸顯出加里寧格勒的重要性。」圖 (十八)顯示加里寧格勒的位置，根據上文及圖中資訊判斷，其重要性可用下列何者來說明？ 圖(十八) (A)作為俄羅斯與東北亞國家間的貿易前哨站 (B)為俄羅斯貨物經波羅的海出太平洋的港口 (C)位處俄羅斯天然氣輸送至芬蘭的最短路徑上 (D)是俄羅斯對抗北大西洋公約組織的軍事基地 ,social-114-40
會考社會,social,114,41,地理,水庫蓄水,D,D,S2,T3,G3,各水庫 2021 年 5 月蓄水極低，因 2020 年沒有颱風,表(五)為三個不同日期臺灣部分水 表(五)庫的蓄水量百分比，這些水庫在 蓄水量百分比(%)所在2021年5月31日的蓄水量狀況，可 水庫名稱 2020年 2020年 2021年 行政區能與下列何者關係最為密切？ 5月31日 11月30日 5月31日 (A) 2021年梅雨鋒面提早報到 翡翠水庫新北市 80.9 94.6 62.1 (B) 2021年夏末對流雨較不旺盛 石門水庫桃園市 67.4 49.7 12.5 (C) 2020年冬季迎風面的地形雨偏少 鯉魚潭水庫苗栗縣 53,social-114-41
會考社會,social,114,42,公民,法律諮詢統計,C,D,S2,T2,C5,可調解的是民事與告訴乃論的刑事案件,某民意代表在服務處設立法律諮詢服務站，表(六) 表(六)是2020年及2021年法律諮詢服務件數的統計資料， 時間 2020 2021在2020年的刑事案件中，超過半數屬於告訴乃論， 類型 年 年而2021年則有過半數的刑事案件屬於非告訴乃論。 民事事件 200 230根據上述內容判斷，在2020年及2021年的諮詢服務 刑事案件 180 150中，可採調解方式處理的件數可能為下列何者？ 法律諮詢380 380 (A) 2020年70件，2021年100件 服務總數 (B) ,social-114-42
會考社會,social,114,43,歷史,墨西哥古文明,B,D,S4,T1,H3,墨西哥古文明（阿茲提克、馬雅）的展品,下列何項展品，最可能屬於該博物館的主要館藏？ (A) (B) (C) (D) ( ) ( )館的主 (C) (D),social-114-43
會考社會,social,114,44,地理,美洲作物,A,K,S4,T1,G7,美洲原產的主食作物是玉米,圖(十九)神官雕像手中所持的物品，最可能是下列何者？ (A)玉米 (B)橄欖 (C)小麥 (D)稻米最可能是 (C)小麥者？ (D)稻米,social-114-44
會考社會,social,114,45,歷史,殖民與語言,D,K,S1,T1,H1,墨西哥曾受西班牙殖民，官方語言是西班牙文,文中博物館的展品說明，最可能以何種語文為主？ (A)英文 (B)法文 (C)葡萄牙文 (D)西班牙文何種語文為主？ (C)葡萄牙文 (D)西班牙文,social-114-45
會考社會,social,114,46,公民,社會規範（車牌）,D,E,S1,T2,C6,避用數字 4 是回應民意：施政受社會規範影響,多數國家使用0～9這十個數字作為車牌編碼的組合，但我國僅使用其中九個數字。根據文中內容判斷，其原因最可能為下列何者？ (A)倫理價值具有約束力 (B)民間習俗具有強制力 (C)法律規定受宗教信仰影響 (D)政府施政受社會規範影響,social-114-46
會考社會,social,114,47,公民,市場選擇,D,E,S1,T2,C4,有人花錢買號碼、有人不在意：不同人對誘因感受不同,文中關於民眾選擇車牌號碼的敘述，最適合用來說明下列哪一觀點？ (A)廠商之間的價格競爭將使消費者受惠 (B)市場的競爭程度越高對消費者越有利 (C)負向誘因促使民眾的行為發生改變 (D)不同人對同一誘因的感受有所不同,social-114-47
會考社會,social,114,48,公民,行政救濟,C,E,S5,T2,C2,不服行政處分，走行政救濟途徑,某民眾的車牌被別人惡意拔走，導致他違反文末所述的規定而受罰。若該民眾對此處罰不服，依法採行下列何種處理方式最適當？ (A)向中央立法機關提出訴願 (B)向地方行政機關提出請願 (C)透過行政救濟途徑維護權益 (D)透過刑事訴訟途徑維護權益,social-114-48
會考社會,social,114,49,歷史,祆教,A,K,S1,T1,H1,發源於伊朗高原的宗教是祆教,巴斯人的宗教信仰，最可能是下列何者？ (A)祆教 (B)佛教 (C)猶太教 (D)基督教,social-114-49
會考社會,social,114,50,歷史,鴉片貿易,B,K,S1,T1,H1,十九世紀上半葉的貿易是鴉片換白銀,十九世紀上半葉，巴斯人與中國商人的主要貿易模式，最可能是下列何者？ (A)巴斯人賣瓷器到中國以換取茶葉 (B)巴斯人賣鴉片到中國以取得白銀 (C)巴斯人賣鹿皮到中國以獲得棉花 (D)巴斯人賣茶葉到中國以交換工業品,social-114-50
會考社會,social,114,51,歷史,南京條約,D,D,S4,T1,H3,由碑刻的紀年方式判斷巴斯人重視的歷史,關於圖(二十)墓碑文字的解讀，下列何者最適當？ (A)當時類似的巴斯墓葬，多集中於今日山東 青島一帶 (B)根據時間可確認，此人於《南京條約》簽訂前來華 (C)此人為孟買出身，顯示其生前主要與日本商行合作 (D)碑刻的紀年方式，反映巴斯人珍視薩珊王朝的歷史,social-114-51
會考社會,social,114,52,地理,領土紛爭,C,R,S3,T7,G1,鄰近南喬治亞島、與英國開戰的是阿根廷,根據圖(二十一)中的資訊判斷，與英國產生領土紛爭的國家應為下列何者？ (A)南非 (B)澳洲 (C)阿根廷 (D)紐西蘭,social-114-52
會考社會,social,114,53,地理,洋流判讀,B,D,S3,T5,G1,依冰山不同時間的位置判斷漂流方向,依據上文及圖(二十一)中的資訊判斷，該冰山漂流的方向應為下列何者？ (A)東北向西南 (B)西南向東北 (C)東南向西北 (D)西北向東南,social-114-53
會考社會,social,114,54,地理,冰山影響,D,R,S3,T6,G1,冰山撞島會破壞海岸，危及動物棲地,上述冰山若撞上南喬治亞島，其產生的影響最可能為下列何者？ (A)巨浪侵襲島嶼陸地，阻礙工業發展 (B)附近海水鹽度上升，改變海洋生態 (C)威脅北美洲與非洲之間的船隻安全 (D)島嶼海岸遭受破壞，危及動物棲地,social-114-54
會考社會,social,115,1,地理,颱風農損,A,R,S5,T6,G3,7 月下旬、雲嘉南農損最重：颱風帶來豪雨,農業部統計，受發生於2024年7月下旬的某次災害影響，全臺農業損失估計高達33億元，其中以雲林縣、臺南市、嘉義縣的損失尤為慘重，三個行政區農損合計超過全臺農損的一半。根據上述災害發生時間及受影響地區判斷，此災害最可能為下列何者？ (A)颱風帶來的豪大雨淹沒農田 (B)強勁東北季風吹襲造成水稻倒伏 (C)梅雨季節的連續降雨造成果樹浸水 (D)強勁西南風越過山脈形成熱風使作物枯黃,social-115-1
會考社會,social,115,2,地理,移工來源,D,R,S5,T7,G8,同樣缺工且移工來自東南亞的是臺灣,日本於2019年4月起，擴大從越南、菲律賓、印尼、泰國、柬埔寨、中國、緬甸、尼泊爾和蒙古招募外籍移工，以補充其看護、餐飲和建築等行業嚴重短缺的勞動力。下列何者因同樣面臨勞動力短缺及外籍移工來源國高度重疊的關係，而受上述政策執行的衝擊最大？ (A)印度 (B)美國 (C)德國 (D)臺灣,social-115-2
會考社會,social,115,3,地理,熱帶栽培業,C,D,S4,T2,G6,由衛星影像與生產過程判斷：勞力密集的熱帶栽培業,圖(一)是某座農場的衛星影像及其農產品部分生產過程的介紹。根據圖中資訊判斷，該農場的農業活動最可能具有下列何種特色？ (A)作物多樣化的集約農業 (B)單一作物的自給性農業 (C)勞力密集的商業性農業 (D)大規模機械化的粗放農業 圖(一) 圖(一),social-115-3
會考社會,social,115,4,歷史,平埔族,A,R,S0,T7,H8,雪山與中央山脈之間的平原是蘭陽平原,某一平埔族族群居住在雪山山脈與中央山脈之間的平原地區，他們利用竹筏穿梭於溪流與海岸間，進行漁獵及採集活動。依據上述判斷，該平埔族族群的生活空間最可能位於現今哪一行政區？ (A)宜蘭縣 (B)苗栗縣 (C)屏東縣 (D)臺東縣,social-115-4
會考社會,social,115,5,地理,都市化與所得,A,D,S2,T5,G2,西歐都市化程度與人均所得都高於平均,圖(二)為2019年世界多數國家都市化程度與該國人均國民所得的統計圖，圖中以此兩種統計值的世界平均值為基準，劃分成甲、乙、丙、丁四個區塊。根據各洲經濟及都市發展特色判斷，歐洲西半部的國家最可能位於圖中哪一區塊？ (A)甲 (B)乙 (C)丙 (D)丁 圖(二) 圖(二),social-115-5
會考社會,social,115,6,歷史,斯巴達,D,K,S1,T7,H8,重視軍事教育、傳說殺嬰的是斯巴達,羅馬帝國時期的作家普魯塔克在書中提到，西元前八世紀的某政權曾有「殺嬰」習俗，將不夠健壯的嬰兒放在山上等死。然而部分研究指出當時先天有缺陷的人仍受到照顧，所謂的「棄嬰山」可能只是處決罪犯之處，且文獻上也提到該政權曾選出身體有缺陷的國王。普魯塔克的說法，可能是基於當時人們熟知該政權過於重視軍事教育，所產生的錯誤印象。上述政權最可能是下列何者？ (A)埃及 (B)蘇美 (C)巴比倫 (D)斯巴達,social-115-6
會考社會,social,115,7,歷史,政治漫畫,D,D,S4,T1,H3,由漫畫的內容與年代判斷事件,圖(三)是一幅漫畫，其內容最可能與下列何者有關？ (A)戈巴契夫的經濟改革成效有限 (B)二次大戰結束後歐洲百廢待舉 (C)徵稅問題導致波士頓茶葉事件 (D)美國股市崩盤引發經濟大恐慌 圖(三) 圖(三),social-115-7
會考社會,social,115,8,歷史,中美斷交,B,R,S1,T1,H1,《中美共同防禦條約》即將失效：美國宣布與我斷交,「不安的情緒逐漸發酵，社會上出現『牙刷主義』一說：權貴們將資產轉至外國，並取得外國居留權，萬一局勢惡化，只要帶牙刷就能遠走高飛。政府為因應民心浮動、《中美共同防禦條約》不久後失效等危機，再次端出數年前『莊敬自強，處變不驚』口號，發起愛國捐獻、青年從軍報國，電臺日夜播放〈龍的傳人〉等愛國歌曲。」上述內容最可能與下列何者有關？ (A)美國在韓戰後協防臺灣海峽 (B)美國宣布將與中華民國斷交 (C)國 共內戰使政府敗退至臺灣 (D)臺灣受到同盟國軍機的空襲,social-115-8
會考社會,social,115,9,歷史,西班牙時期,A,R,S3,T1,H7,受西班牙影響的原住民分布在臺灣北部,十七世紀中期，臺灣某地區原住民因能說西班牙語，且多人曾受洗為天主教徒，所以被荷蘭 聯合東印度公司認為是「具西班牙人特質」的族群。上述族群最可能分布在圖(四)甲、乙、丙、丁哪一區域？ (A)甲 (B)乙 (C)丙 (D)丁 圖(四) 圖(四),social-115-9
會考社會,social,115,10,公民,文化差異,C,E,S5,T6,C7,符號意義在不同國家不同：文化間存在差異,家住屏東的小萱在觀賞日本動畫時，發現劇中主角的考卷上每一道試題都畫上「 」，但卻是拿到零分，與自己考卷全被畫上「 」時拿到滿分是不一樣的情況。查詢資料後，小萱才知道在日本畫「 」與畫「」代表的都是有錯誤，而把答案畫上「 」才是代表答對的意思。上述內容最適合用來說明下列哪一現象？ (A)各國移民的習俗多元並存 (B)社會制度隨著時間而變動 (C)不同文化間存在些許差異 (D)文化交流後產生位階高低「 」「 」「」」時拿到滿分是不一」與畫「」代表的都是有 (B)社會制度隨著時間而,social-115-10
會考社會,social,115,11,公民,購物網站,C,R,S4,T3,C8,售價大幅調降，才會瞬間賣光並有候補,"圖(五)是新奇科技購物網站更新前的網頁資訊，某日該網頁內容調整後，幾分鐘內商品突然銷售一空，甚至還多了數百筆的訂單等候補貨。下列何者最可能是造成上述情況的原因？ 圖(五) (A)供貨量變更為19臺 (B)供貨量變更為999臺 (C)售價變更為9,999元 (D)售價變更為20,999元 圖(五)",social-115-11
會考社會,social,115,12,地理,臭蟲擴散,D,E,S5,T6,G5,臭蟲隨人群跨國擴散：全球化對生活的影響,臭蟲又稱床蝨，因常躲在床墊中而得名，人類被叮咬後皮膚會紅腫且奇癢無比。臭蟲會隨人群移動而擴散，例如：2023年法國爆發臭蟲危機，因觀光客、商務旅客及國際移工的遷移，使得臭蟲經由藏在行李中，蔓延至許多國家。上述內容最主要在探討下列何項議題？ (A)國際移工引入帶來的文化衝突 (B)區域糾紛擴大引發的民生困境 (C)高度工業化與氣候變遷的關係 (D)經濟全球化對人類生活的影響,social-115-12
會考社會,social,115,13,公民,選舉資格,C,K,S5,T2,C3,設籍未滿 4 個月不能參選；受監護宣告或褫奪公權也不行,表(一)為二位我國某縣縣民的部 表(一)分資料，根據我國法律規定判 姓名 陳小花 吳阿杰斷，關於此二位縣民的敘述，下 年齡 25 歲 28 歲列何者正確？ 設籍時間 7 個月 5 個月 (A)皆具備完全行為能力 現況 受監護宣告 被宣告褫奪公權 (B)皆曾受到刑事處罰判決 (C)皆無法參選該縣公職人員 (D)皆不具備該縣縣長投票資格 表(一)姓名陳小花吳阿杰年齡陳小花25 歲吳阿杰28 歲設籍時間歲7 個月歲5 個月現況受監護宣告被宣告褫奪公權,social-115-13
會考社會,social,115,14,公民,親屬（再婚與收養）,A,K,S5,T2,C1,繼父與繼女沒有收養就是姻親,小蔓一歲時親生父母離婚，之後與母親同住。四歲時，母親與阿德再婚，小蔓和他們兩人一起組成現在的家庭。若阿德婚後未曾進行任何法律程序改變家中成員關係，僅根據上述內容判斷，小蔓與阿德間的親屬關係應為下列何者？ (A)姻親 (B)配偶 (C)旁系血親 (D)直系血親小蔓與阿德 (B)配偶 ( )配偶 (D)直系血親,social-115-14
會考社會,social,115,15,歷史,印加古文明,C,D,S3,T1,H7,打磨石塊、抗震的山城是印加的馬丘比丘,"一處坐落於海拔2,430公尺山脊上的古城遺跡，是美洲三大古文明代表性的建築之一，其建築精妙之處是將打磨過的方形石塊疊砌起來，且在沒有使用砂漿的情況下使其能如拼圖般緊密結合。此外，建築中的梯形門窗和向內微傾斜的牆面等，皆可降低建築物在地震中倒塌的可能性。上述古城遺跡最可能位於圖(六)中何處？ (A)甲 (B)乙 圖(六) (C)丙 (D)丁 圖(六)",social-115-15
會考社會,social,115,16,地理,北極航線,A,R,S2,T3,G2,北極航線次數增加，主因是海冰融化,"表(二)顯示2016至2019年歐洲與亞洲之間，行經北極 表(二)地區某條海運航線的航行次數統計。根據表中數字判 年分航行次數( 次)斷，此種變化除了受到全球經濟持續成長所帶動的海 2016 1,705運需求增加外，最可能還受下列何者的影響？ 2017 1,908 (A)海冰融化大幅增加 2018 2,022 (B)全球生態保育意識興起 2019 2,694 (C)巴拿馬運河通行費調漲 (D)《區域全面經濟夥伴協定》生效 表(二) 表( )年分航行次數( 次)年分2016行 ",social-115-16
會考社會,social,115,17,地理,歐盟能源,B,E,S5,T6,G8,讓 OPEC 減產無助於擺脫對俄國能源的依賴,"報導指出：「在俄 烏戰爭爆發之前的3年裡，歐盟成員國平均每月從俄羅斯進口約1,520萬噸原油和石油產品，到了2023年3月，該值已下降至140萬噸。歐盟預計2027年切斷從俄羅斯的化石燃料進口，擺脫對其能源依賴。」下列何項措施無助於達成上述目標？ (A)制定公共場所更嚴格的暖氣供應標準 (B)促使石油輸出國家組織維持減產政策 (C)與其他第三國簽署天然氣的進口協議 (D)積極發展綠能以增加替代性能源產量",social-115-17
會考社會,social,115,18,地理,黃河,B,R,S1,T6,G4,上游造林固沙減少泥沙，河水才會變清,中國 黃河是世界上含沙量最高的河流，但2024年1月，有遊客在陝西 壺口瀑布拍攝到「清流飛瀑」的壯觀景象，其實早在2020年就曾有報導指出，壺口的黃河河水變清了。事實上「黃河清」很罕見，歷史上的記載只有43次。黃河於2024年1月出現上述景象，最可能與下列何者關係較為密切？ (A)瀑布上游流經黃土高原，支流帶入大量泥沙 (B)瀑布上游實施造林固沙政策，減少泥沙流入 (C)瀑布下游恰逢雨季，大量降水使得流量增加 (D)瀑布下游興築壩堤，以壩堤攔阻泥沙變良田,social-115-18
會考社會,social,115,19,歷史,近代組織文件,A,D,S1,T2,H8,文件稱西方傳教士為「教匪」：義和團,圖(七)摘錄自中國歷史上某一組織的文件，根據內容判斷，此組織最可能為下列何者？ (A)義和團 (B)同盟會 (C)滿洲國 圖(七) (D)中國共產黨& 教匪：此處指西方宗教的傳教士和教徒。& 教匪：此處指西方宗教的傳教士和教徒。 圖(七),social-115-19
會考社會,social,115,20,歷史,生活史,B,D,S1,T1,H1,中亞馬匹、羊肉、婦女戴胡帽：隋唐的民族互動,表(三)是中國歷史上三則與生活相關的資料： 表(三)資料一西元七世紀時，從中亞引進的馬匹最受歡迎，其高大、速度快，深受貴族和皇室喜愛。資料二西元七世紀，羊肉的消費量大為提高。八世紀上半葉，隴右( 今甘肅)飼養的羊隻，成長了二倍多。資料三西元八世紀中期，貴族婦女騎馬出門，戴胡帽並展露出妝容。上述資料最可能與下列何者有關？ (A)商 周到秦 漢的族群交流 (B)魏 晉到隋 唐的民族互動 (C)宋朝到元朝的國際交流 (D)明 清時期東亞世界的變遷關的資料 表(三),social-115-20
會考社會,social,115,21,歷史,官方史料判讀,D,D,S4,T1,H3,由制服樣式判斷是日治時期的公文類纂,圖(八)為臺灣某一官方資料中，所收錄當時四種公務人員制服樣式圖。根據內容判斷，此官方資料最可能是下列何者？ (A)《臺灣府志》 (B)《熱蘭遮城日誌》 (C)《中華民國行政院公報》 (D)《臺灣總督府公文類纂》 圖(八)& 志：記錄地方事物的書籍。類纂：分類整理的檔案。 ( )& 志：記錄地方事物的書籍。類纂：分類整理的檔案。 圖(八),social-115-21
會考社會,social,115,22,歷史,美國殖民菲律賓,C,R,S1,T2,H8,以教化殖民地為由延續統治：社會達爾文主義,十九世紀晚期美國政府取得一處亞洲殖民地，曾陷入要延續先前的殖民體系，或允許該地獨立的兩難。美國總統決定延續殖民體系，結合當時流行的學說，發表一段談話：「美國必須以現代教育和基督教文化，教化欠缺能力的殖民地人民，提升其素質。靠著神的恩典，盡我們所能做到最好。」上述談話，最能體現下列何者？ (A)因信得救 (B)天賦人權 (C)社會達爾文主義 (D)極權政治的興起,social-115-22
會考社會,social,115,23,公民,移民政策,B,E,S5,T2,C1,永久居留者與國民都享有言論自由，但沒有參政權,甲國面臨勞動力不足的窘境，因此該國政府研擬放寬外國籍人士申請永久居留的條件，並開放配偶、親屬可一同移入長期居留，希望提高外國籍勞工居住在該國提供勞動力的意願。藉由上述政策而取得在甲國永久居留資格者，與甲國國民在權利義務的異同，若從我國法律規定的角度分析，下列何項敘述最適當？ (A)皆具有參與公民投票的資格 (B)皆具有發表時事評論的自由 (C)皆具有擔任民意代表的機會 (D)皆具有接受國民教育的義務,social-115-23
會考社會,social,115,24,公民,糾紛處理職權,B,E,S5,T2,C2,車禍受傷可調解、提民事、刑事告訴，三者都可處理,圖(九)是三位好友在通訊軟體上的聊天內容，根據三人的對話判斷其身分，下列何者最可能是圖中提及三種職權範圍內都可處理的糾紛？ (A)甲趁乙不注意時偷拿乙的皮包 (B)甲遭乙騎車撞倒導致手腳擦傷 (C)甲向乙借一百萬元卻逾期不還 (D)甲不服乙開立的交通違規罰單 圖(九) 圖(九),social-115-24
會考社會,social,115,25,公民,關稅,A,R,S5,T3,C4,零關稅開放進口，國內白蝦供給增加、售價下降,「我國原本由宏都拉斯進口大量白蝦，但2023年與該國斷交後，我國恢復對該國產品課徵關稅，部分進口業者的營運遭受衝擊，進口量大幅下滑。我國官員受訪時提及，2025年將開放貝里斯的白蝦零關稅進口至我國，以增加商品供應來源。」僅根據上述內容判斷，關於此二項進口政策變化產生的各別影響，下列何項推論最合理？ (A)受到對貝里斯政策的影響，我國市場上白蝦的售價下降 (B)受到對貝里斯政策的影響，貝里斯的貿易出超金額下降 (C)受到對宏都拉斯政策的影響，宏都拉斯的貿易出超金額上升 (D)受,social-115-25
會考社會,social,115,26,公民,民事紛爭,B,E,S5,T2,C2,民事紛爭的途徑是提告，結果可以是訴訟上和解,在公民課的分組活動中，小華 表(四)與同組同學打算以短劇的方 甲當事人至法院提告對方違反契約途徑式，呈現民眾解決民事紛爭的 乙被害人委任律師向法院提出自訴途徑及結果。表(四)是該組同 丙被告遭到法院判決處以罰金結果學在討論時提出的各種情境， 丁雙方在法院達成訴訟上和解若小華負責編寫劇本，他應選擇下列何項組合才符合我國的法律規定？ (A)甲、丙 (B)甲、丁 (C)乙、丙 (D)乙、丁 表(四)途徑甲當事人至法院提告對方違反契約乙被害人委任律師向法院提出自訴結果丙被告遭到法院判,social-115-26
會考社會,social,115,27,地理,人口金字塔,A,D,S4,T5,G7,壯年人口比例高的人口金字塔：中間寬,因應國際趨勢，跨國企業近年將部分生產線從中國分散至其他國家。其中甲國2020年的人口金字塔顯示壯年人口比例近70%，且未來數十年仍占極高比例，再加上該國工資明顯低於中國，而成為跨國企業布局的主要選擇之一。依據上述資訊，甲國的人口金字塔最可能為下列何者？ (A) (B) (C) (D)最可能為下 (C)？ (D),social-115-27
會考社會,social,115,28,地理,時區,A,R,S3,T5,G6,震央在阿拉斯加南方（太平洋）,「2018年1月23日17時32分(臺灣時間)，於阿拉斯加南方海域發生規模8.0的地震，震央在西經149.20度，北緯56.00度。該區域的海嘯警報中心研判可能引發海嘯，經初步推算，該地震所引發的海嘯，將不會影響臺灣。」根據震央位置判斷，上述海嘯警報中心應是下列何者？ (A)太平洋海嘯警報中心 (B)印度洋海嘯警報中心 (C)加勒比海海嘯警報中心 (D)東北大西洋暨地中海及相連海域海嘯警報中心,social-115-28
會考社會,social,115,29,地理,地名（坑）,B,D,S4,T5,G7,閩南坑頭在上游；客家由下游往上游開墾，坑尾在上游,根據學者研究，臺灣地名中的「坑」為閩南族群與客家族群通用來指稱溪谷的用字，常與「頭」、「尾」連用來辨別聚落在溪谷內的位置。例如閩南族群的地名「坑頭」，是指聚落位在溪流的上游；客家族群則是依開墾順序命名，拓墾通常由河谷下游往上游進行，最後開墾的聚落則以「坑尾」命名。下列哪一示意圖最符合上述兩族群坑頭及坑尾聚落位置的命名原則？ (A) (B) (C) (D) ( ) ( ) ( )坑頭及坑尾 (C)置的命名原 (D),social-115-29
會考社會,social,115,30,歷史,清代番契,A,D,S1,T2,H8,原住民因稅賦繁重賣地，官府賦稅影響土地經營,以下為一份契約的內容：「立賣契人竹塹社 一均。因本社稅賦繁重，加上能捕到的鹿變少，經過內部共同討論，願將本社管轄的貓兒錠一處草地，由漢人郭弈榮承買，時價銀二十兩。該處土地由郭弈榮開築埤圳，招募佃戶，開墾後報官取得土地權利，並且每年仍補貼竹塹社的稅賦銀二十兩。」對於上述契約內容的理解，下列何者最適當？ (A)官府的賦稅，影響原住民土地經營方式 (B)竹塹社原住民，當時被官府歸類為生番 (C)漢人承買土地，是為了捕獵更多的鹿隻 (D)竹塹社受到漢人脅迫，舉社向東部遷徙,social-115-30
會考社會,social,115,31,歷史,法國大革命,B,K,S1,T2,H8,1614 年後未召開的諮詢機關是三級會議,"「法國國王為課徵新稅以解決財政危機，決定重新恢復自1614年以來未再召開的諮詢機關，各界為此選出1,139名代表，來到凡爾賽宮進行稅制改革。代表們帶著來自全國各階層的陳情書，其內容遠遠超出財政危機的問題。」上述「諮詢機關」，最可能是下列何者？ (A)巴黎和會 (B)三級會議 (C)關稅同盟 (D)聯合國大會者？ (B)三級會議 ( ) 級會議 (D)聯合國大會",social-115-31
會考社會,social,115,32,歷史,日治抗日案件,D,R,S1,T1,H1,要求設置臺灣議會時期，日本推行內地延長主義,一位檢察官在法庭陳述意見時提到：「本次的違法事件，就是臺灣人意圖謀反，目的是從帝國手中奪取臺灣。帝國目前對臺灣的統治，實在過於優厚，而臺灣人不知感恩，竟然要求設置臺灣議會。臺灣人如果反對現行統治方針，不願做日本國民，那就離開臺灣吧。」上述「統治方針」應是下列何者？ (A)實施軍事戒嚴 (B)終止動員戡亂 (C)貫徹民族自決 (D)推行內地延長,social-115-32
會考社會,social,115,33,歷史,宋代科舉,A,K,S1,T1,H1,皇帝親授官職、十餘年執掌國政：宋代科舉,以下是中國某時期重要人才選用方式的敘述：「脫穎而出者由皇帝親授官職，經過十餘年的歷練，就有機會執掌國政。當時人為此曾評論道：『就算是今日帶領數十萬大軍伐遼，從契丹人手中奪回燕雲十六州，其榮耀都比不上呢！』」上文「脫穎而出」的方式，最可能為下列何者？ (A)通過科舉考試入仕 (B)向天朝納貢受冊封 (C)奉旨前往德國留學 (D)依九品官人法獲評上品,social-115-33
會考社會,social,115,34,歷史,文物判斷,C,D,S4,T1,H3,由文物的樣式判斷年代與地區,圖(十)是某博物館所展出的文物。根據圖中內容判斷，此文物最可能於何時何地製作？ (A)西元前六世紀的西亞地區 (B)西元前一世紀的南歐地區 (C)西元九世紀的西歐地區 (D)西元十四世紀的中南美洲地區 圖(十) 圖(十),social-115-34
會考社會,social,115,35,公民,權力分立,C,E,S5,T2,C2,行政院對立法院的法案提出覆議是分權制衡,老師在課堂上講解權力分立的概念，說明如何透過分權制衡的機制，以避免政府濫權或侵害人民的權利，這種政府體制運作的原則，廣為多數民主國家所採用。下列何者的互動關係符合上述概念？ (A)總統任命執政黨的黨員擔任行政院院長 (B)縣長推動觀光活動以籌措地方政府財源 (C)行政院對於窒礙難行的法案提出覆議 (D)民眾為表達對政策不滿上街遊行抗議,social-115-35
會考社會,social,115,36,公民,自治條例,C,E,S5,T2,C2,不服罰鍰可提起訴願,臺北市為維護選舉時的市容景觀和秩序，制定《臺北市競選廣告物管理自治條例》，透過地方法規限制競選廣告的設置，違規者將被處以罰鍰，並限期移除廣告。但有人認為該法規的規範不夠明確，參選者仍可以形象廣告的方式刊登廣告，以致許多民眾覺得競選廣告並沒有減少，希望相關單位能予以修正。關於上述法規的敘述，下列何者最適當？ (A)臺北市採行正向誘因，處理競選廣告違規問題 (B)該條例若需修正，應由立法院依照規定三讀通過 (C)違規受罰者若不服處分，可提起訴願進行權利救濟 (D)政府透過刑事處罰,social-115-36
會考社會,social,115,37,公民,立委職權,D,E,S2,T7,C5,評鑑立委，應看質詢內容的品質,甲團體常透過統計數據評鑑某中央政府機關的公職人 表(五)員，並在社群媒體上公布報告，表(五)為其中一位公職 各項會議 91.7% 人員的統計數據。有民眾認為這些數據僅能呈現工作 平均出席率量，無法看出工作品質，因此留言建議可以增列其他 法律修正案12 件 評鑑項目。根據上述內容判斷，增列下列哪一項目最 的提案件數有助於評鑑此種公職人員的表現？ 預算審查 80.3% (A)對不當施政的糾正案件數 參與率 (B)各類訴訟案件的審理進度 (C)公共工程預算的編列金額 (D)對各部會,social-115-37
會考社會,social,115,38,公民,消費行為,D,E,S5,T6,C4,APP 提供資訊，影響偏好而改變消費行為,有環保團體推出「掃了再買」APP，民眾只要使用這個APP掃描商品條碼，就能看到商品製造商有沒有因違反環保法規遭罰的紀錄。該團體希望藉此能提供消費者更充足的資訊，幫助他們在購物時判斷是否要購買，甚至改變原先的選擇，並期許生產者為其生產行為負起責任，而優良企業也能獲得消費者肯定。關於上述環保團體推出的手機APP，下列敘述何者最適當？ (A)有助於增加消費者的購物支出 (B)呈現出法律變革影響科技發展 (C)揭露各企業曾經發生的民事紛爭 (D)藉由影響個人偏好改變消費行為,social-115-38
會考社會,social,115,39,歷史,林爽文事件,B,K,S1,T1,H1,1787 年諸羅改名嘉義：林爽文事件,「官軍從鹿港登陸以後，很快就摧破賊巢、痛殲匪眾。只是現在『逆首』竄入內山，而內山情勢複雜，因此搜捕的工作必須加快。昨日又有官員建議，為了紀念這次事件，除了將諸羅改名嘉義外，臺灣二字也應該一併改名。我認為這就是放著修建城池、增設兵卒的正經事不管，只留心在沒用的地方，以後不許再提臺灣改名的事。」文中「逆首」最可能是下列何者？ (A)朱一貴 (B)林爽文 (C)余清芳 (D)莫那魯道,social-115-39
會考社會,social,115,40,歷史,大航海時代,A,D,S3,T7,H7,依殖民地分布找對應的國家航跡,某研究案根據1750至1850年代各國船隻的航海日誌，將航行軌跡繪製成 圖(十一)。儘管船隻可能前往世界各地，但仍以各國殖民地或勢力範圍為主要目的地，例如圖中法國船隻，軌跡主要集中於北美和西印度群島的法國殖民地。圖中「甲」、「乙」最可能是下列何者？ (A)甲：英國、乙：荷蘭 (B)甲：荷蘭、乙：西班牙 (C)甲：葡萄牙、乙：英國 (D)甲：西班牙、乙：葡萄牙 圖(十一) 表(六) 表(六) 圖(十一),social-115-40
會考社會,social,115,41,公民,匯率,B,D,S2,T3,C5,依成本先降後升判斷甲幣先升值後貶值,表(六) 41. 甲國進口商小莫固定在每星期一、四，以 日期 受訪內容相同乙幣價格，從乙國進口相同數量的某 就匯率來說，6 月初至 6 月8 日 商品至國內販售，並在交易當天將甲幣 今，每次花費的成本一星期一兌換為乙幣完成付款，表(六)是他在2020 次比一次低。年6月8日及6月22日的受訪內容。根據表 就匯率來說，今天所花6 月22 日 中內容判斷，下列何者最可能是該年6月 費的成本是6 月至今各 星期一時，每一甲幣兌換乙幣的匯率變化？ 次中最高的。 (A) (B) (C),social-115-41
會考社會,social,115,42,地理,蘇丹內戰,D,D,S3,T5,G1,尼羅河流經蘇丹，戰事影響下游埃及的用水,「2023年4月15日，北非的蘇丹爆發內戰，民間武裝集團突襲機場，衝突很快就從機場延燒到首都喀土穆，現今戰事已延燒到蘇丹全境，各國也開始撤離境內的外交人員及公民。」根據圖(十二)中的資訊判斷，上述內戰爆發的影響最可能是下列何者？ (A)若內戰惡化，難民將會大量湧入鄰國肯亞 (B)蘇丹港若遭封鎖，將阻斷波斯灣的石油輸出 (C)南部橄欖園若遭破壞，將使全球橄欖油價格飆升 (D)若喀土穆被占領且鄰近大河遭控制，將影響埃及用水 圖(十二) 圖(十二),social-115-42
會考社會,social,115,43,公民,姓氏與性別,B,D,S2,T4,C5,從母姓比例雖上升仍很低：受社會規範影響,"( ) 43. 我國在2007年修正了《民法》中關於子女姓氏的規 表(七)定，將原本子女從父姓的原則，修改為父母應以書 出生登記 約定面方式，約定子女從父姓或從母姓。表(七)是2012至 年分 總人數 從母姓2018年關於新生兒約定從母姓的統計數據。根據表 ( 人) 比例(%)中資料判斷，對於修法後新生兒姓氏的變化，下列 2012 229,760 1.5何種說法最合理？2013 199,113 1.6 (A)新生兒約定從母姓的比例顯示性別歧視日趨嚴重2014 210,383 ",social-115-43
會考社會,social,115,44,地理,新加坡氣候,D,R,S1,T6,G3,熱帶溼熱多雨，騎樓可遮陽避雨,依據上文，建物設置「五腳基」的目的，最可能為下列何者？ (A)防止蚊蟲及毒蛇的侵擾 (B)因應冬季道路積雪行走不便 (C)躲避強風發生時產生的沙塵暴 (D)避免溼熱氣候下強烈日晒及雨淋目的 最可能為下列何者？ (B)因應冬季道路積雪行走不便 ( )因應冬季道路積雪行走不便 (D)避免溼熱氣候下強烈日晒及雨淋,social-115-44
會考社會,social,115,45,地理,東南沿海僑鄉,C,R,S1,T1,G4,下南洋的僑鄉在東南沿海（福建、廣東）,上文中提及的洋樓，最主要分布於下列中國的哪一地區？ (A)西部的高山地區 (B)北部的平原地區 (C)東南部沿海地區 (D)西北部綠洲地帶下列中國的哪 地區 (B)北部的平原地區 ( )北部的平原地區 (D)西北部綠洲地帶,social-115-45
會考社會,social,115,46,公民,公共意見,A,E,S4,T2,C1,在群組轉傳訊息，是透過社群網路影響公共意見,根據圖(十四)中內容判斷，阿華廣傳訊息所達成的效果，最可能是下列何者？ (A)透過社群網路影響公共意見 (B)善用大眾媒體爭取婚姻自由 (C)利用網路科技提供醫學新知 (D)成立民間團體推動法律變革訊息所達成的效果 最可能是下列 (B)善用大眾媒體爭取婚姻自由 ( )善用大眾媒體爭取婚姻自由 (D)成立民間團體推動法律變革,social-115-46
會考社會,social,115,47,公民,資料判讀,C,D,S2,T5,C5,比較統計數據，判斷訊息是否符合事實,根據表(八)與表(九)的資訊判斷，關於圖(十四)中阿華所傳遞的訊息，下列何項解讀最適當？ (A)內容符合事實，因我國通過修法之後導致累積感染者人數增加 (B)內容符合事實，因我國的愛滋病毒盛行率比東南亞鄰近國家高 (C)內容與事實不符，因我國統計數據顯示新增感染者人數逐年減少 (D)內容與事實不符，因我國的愛滋病毒盛行率比歐、美先進國家低,social-115-47
會考社會,social,115,48,公民,媒體識讀,B,E,S5,T2,C7,查證網路訊息：媒體識讀能力,根據文中小明檢視網路訊息的過程判斷，顯示下列何者的重要性？ (A)對於跨越國界傳播的疾病，世界各國應共同合作防堵疫情 (B)對於各種媒體傳播的資訊，閱聽大眾應具備媒體識讀能力 (C)對於行政機關推動的政策，政府施政應秉持性別平等立場 (D)對於網路串流平臺的作品，使用者應避免侵害智慧財產權,social-115-48
會考社會,social,115,49,地理,甘蔗生長環境,D,R,S1,T6,G5,甘蔗是熱帶作物，生長在低緯度,"上文中所述最適合製糖的作物，其主要生長環境最可能為下列何者？ (A)年雨量小於500mm (B)最冷月均溫10°C以下 (C)海拔1,000公尺以上的山坡地 (D)南緯25度到北緯25度之間的地區",social-115-49
會考社會,social,115,50,歷史,糖業發展,A,R,S4,T1,H3,1950 年代以糖等農產品外銷扶植輕工業,上文廠歌歌詞的創作背景及圖(十六)描繪的情景，與下列臺灣哪一產業發展階段的特色最相符？ (A)外銷食品加工產品扶植國內輕工業 (B)設立加工出口區吸引大量外商投資 (C)因應石油危機推動交通、能源等基礎建設 (D)持續推動農業轉型升級並發展高科技產業,social-115-50
會考社會,social,115,51,公民,產業附加價值,C,E,S1,T2,C7,糖廠多元化經營，提高產業附加價值,上文提及糖廠的多元化發展，其最主要的目的為下列何者？ (A)降低生產的運輸成本 (B)減少粗糖的關稅成本 (C)提高產業的附加價值 (D)增加甘蔗的種植面積,social-115-51
會考社會,social,115,52,歷史,清末實業,B,R,S1,T1,H1,配合自強運動的商人投資鐵路、礦業,上述中國商人家族所經營的事業，最可能為下列何者？ (A)調查戶口作為掌握稅收依據 (B)投資鐵路興築與煤鐵礦開採 (C)承辦國營企業，推行大躍進 (D)設置市舶司，造船往來西洋,social-115-52
會考社會,social,115,53,歷史,十年建設,B,K,S1,T1,H1,1933–1937 年是國民政府的十年建設時期,文中「航空公路建設獎券」的發行，最可能與下列何者有關？ (A)改革開放在沿海設經濟特區 (B)北伐結束後十年建設的展開 (C)庚子後新政推動的改革項目 (D)因應能源危機推行十大建設,social-115-53
會考社會,social,115,54,歷史,租界收回,D,R,S1,T1,H1,1941 年後日本控制租界：太平洋戰爭爆發,上文中國人得以自由使用租界內體育場館，最可能與下列何者有關？ (A)甲午戰爭結束，中國對日本割地賠款 (B)一次大戰爆發，日本占領德國租借地 (C)日 俄戰爭結束，日本驅逐俄羅斯勢力 (D)太平洋戰爭爆發，日本向同盟國宣戰,social-115-54
學測社會,xuece-soc,107,1,公民,校園搜查與正當程序,C,E,S5,T2,C1,限制搜查學生身體與物品，是保障人格權與尊嚴,依據教育部頒布的「輔導與管教學生辦法注意事項」，通常學校行政人員或老師 不能搜查學生身體與私人物品，除非發現特定學生涉嫌犯罪或攜帶違法物品，或 為了避免緊急危害等特殊情況，才能進行搜查。對於此種管教行為的約束，最主 要是基於哪一個理由？ (A)保障學生的財產自由權 (B)保障校園的秩序與安全 (C)保障學生尊嚴與人格權 (D)保障校園師生倫理和諧,xuece-soc-107-1
學測社會,xuece-soc,107,2,公民,國家類型比較,C,R,S5,T4,C8,由各國特色推論：乙國結社自由、丁國監控言論，言論自由落差大,假設在2010 年代有甲、乙、丙、丁、戊五個國家，以下為這些國家的一些特色： 甲國：人民需要負擔高額的綜合所得稅，稅率級距最高達百分之四十至五十 乙國：有蓬勃發展的國際與國內的非政府組織，人民可以自由地組織或參加 丙國：以國民生產毛額計算，國營企業對該國的貢獻度為民營企業的1.5 倍 丁國：擁有先進的資訊統計科技，可完全監控該國新聞以及社交媒體的內容 戊國：不論性別或信仰有何差異，國民只要達到一定年齡都有服兵役的義務 比較以上國家的政府與人權保障，下列推論何者最正確？ (A),xuece-soc-107-2
學測社會,xuece-soc,107,3,公民,媒體內容管制,B,E,S5,T2,C7,限制血腥色情內容是保護青少年，性質類似禁止校園販售含糖飲料,為保護青少年身心健康，法律限制媒體刊載過度描述（繪）血腥、色情細節之文 字或圖片，下列敘述何者正確？ (A)此種限制的規範目的主要在於防止妨礙他人自由 (B)此限制手段類似立法禁止在校園內販售含糖飲料 (C)此限制涉及憲法所保障的記者職業自由及工作權 (D)此限制涉及憲法所保障的兒童及青少年人身自由,xuece-soc-107-3
學測社會,xuece-soc,107,4,公民,行政救濟（都更）,A,E,S5,T2,C2,不服市政府核定是公法爭議，找同屬行政救濟的情形,小華一家五口住在某市一棟老舊公寓裡，某日市政府將小華家公寓劃入住宅都市 更新案的範圍，並且核定建商對該地區所提出來的都市更新計畫案，准予實施。 小華一家人如不服市政府的核定，希望進行救濟，其救濟途徑的屬性與下列何者 最相似？ (A)私立學校學生接到學校以掛號信通知其遭到退學 (B)公立學校學生認為老師不當體罰造成其身心受傷 (C)公立學校校方通知文具供應廠商將解除買賣契約 (D)私立學校教師收到學校通知下學期不再繼續聘用,xuece-soc-107-4
學測社會,xuece-soc,107,5,公民,公然侮辱,B,E,S5,T2,C2,區分刑罰理論：特別預防針對犯罪者本人,電視新聞報導，某公司員工們在手機通訊軟體中取名為「員工專屬，老闆不要看」 的公司員工群組聊天室裡，集體發洩工作上的不滿。幾位員工忍不住以難聽字眼 辱罵老闆，老闆知道後，憤而告上法院。幾位罵人的員工，都被法院依照公然侮 辱罪判刑。小明跟小玉看了新聞後，有以下之討論，請問哪一個觀念正確？ (A)基於刑罰一般預防理論，辱罵者被判刑能讓罵人的員工們反省其行為不當 (B)基於刑罰特別預防理論，辱罵者被判刑能達到嚇阻罵人員工們再犯的效果 (C)基於罪刑法定主義，法條未載明聊天室辱罵行為有,xuece-soc-107-5
學測社會,xuece-soc,107,6,公民,扶養義務,D,E,S1,T2,C2,法律允許子女減免對虐待父母的扶養義務：道德規範的變遷,小民在公民老師指導下，著手撰寫一篇小論文，用民法以下兩條規定的關係為例 進行討論：第1084 條規定「子女應孝敬父母」，以及新增的第1118 條之1，規 定子女可聲請法院判決減輕或免除對虐待或棄養子女的父母之扶養義務。根據上 述判斷，小民的論文最可能探討哪一個議題？ (A)處罰的最後手段性 (B)私法的範圍與限制 (C)道德的發展與實踐 (D)道德的變遷與多元,xuece-soc-107-6
學測社會,xuece-soc,107,7,公民,民事糾紛解決,B,E,S5,T2,C1,漏水是民事糾紛，警察不負責民事調解,張家跟樓下鄰居之間因為房屋漏水而產生糾紛，下列哪種方式不屬於此種糾紛應 採行的解決機制？ (A)雙方坐下來自行簽訂維修費用和解契約 (B)到派出所報案請求警察調查並進行調解 (C)赴鄉鎮市調解委員會由委員來進行調解 (D)至地方法院在法庭由法官當庭進行和解,xuece-soc-107-7
學測社會,xuece-soc,107,8,公民,行政法比例原則,D,E,S5,T2,C2,過度限制秘密通訊違反比例原則，找同樣過度的處罰,監獄行刑法准許監獄長官得閱讀所有受刑人往來書信之全部內容，被司法機關認 定為過度限制受刑人的秘密通訊自由，其理由最可能與下列何種違反行政法原理 原則之行為相同： (A)廠商排廢水造成環境污染，環保單位要求限期改善，未到期卻先行開罰 (B)檢肅流氓條例以「欺壓善良、品行惡劣、遊蕩無賴」要件認定處罰流氓 (C)行政機關廢止行政命令時，對合法權利受影響者，未採取合理補救措施 (D)駕駛人臨停如廁，危害交通秩序情節輕微時，員警未經勸導即先開罰單,xuece-soc-107-8
學測社會,xuece-soc,107,9,公民,自由貿易,C,R,S5,T3,C4,自由貿易後兩國價格都會等於國際價格,若甲、乙兩小國均生產某產品，其進出口不影響國際價格。在自給自足的狀況下， 該產品在甲國國內價格高於國際價格，但在乙國的國內價格則是低於國際價格。 若兩國均開放自由貿易，對於兩國該產品市場所造成的影響下列何者正確？ (A)甲國該產品的生產者收入上升 (B)使該產品在乙國的消費量增加 (C)將使該產品在兩國的價格相等 (D)甲國福利下降但乙國福利上升,xuece-soc-107-9
學測社會,xuece-soc,107,10,公民,外部性（健康捐）,D,E,S5,T2,C4,課健康捐是讓外部成本內部化，找同屬矯正外部性的政策,國健署2017 年宣布對免稅菸品課徵每包20 元的健康福利捐，主要目的之一是 為了進一步降低菸害帶來的外部性。下列各項針對特定族群的政府政策中，哪一 項的政策效果與前述政策最相似？ (A)設置不分區立委的婦女保障名額 (B)每周提供國小學童飲用免費牛奶 (C)免費提供身心障礙人士復康巴士 (D)免費提供高齡國民施打流感疫苗,xuece-soc-107-10
學測社會,xuece-soc,107,11,公民,公共財,A,E,S5,T2,C1,災情資訊人人可用、不互相排擠，具公共財特性,臺灣地震頻繁，有時會造成災害，對此政府有許多因應措施與作為。以經濟學觀 點來解讀，以下各項政府作為的性質與效果何者正確？ (A)成立災害應變中心後所發布之最新災情，有公共財的特性 (B)對受災戶進行補助與救濟，對國內生產毛額產生直接影響 (C)向社會大眾募集二手物資，會增加各項產品的市場供給量 (D)對地震災區進行房舍重建營造工程，可提高整體社會資本,xuece-soc-107-11
學測社會,xuece-soc,107,12,公民,公民參與（公益）,B,E,S5,T6,C8,體驗街友生活來募款助人，找同樣以體驗換取募款的活動,就培養年輕公民的關懷與參與的情懷而言，該活動和下列何種公益行為的性質最 為相似？ (A)定期擔任志工，前往植物人、老人等長照機構，提供免費的看護服務 (B)參加露宿、禁食三十小時並過夜，藉此募款並幫助世界各地飢餓孩童 (C)參加社會運動，抗議國家不注重貧富差距問題且忽視底層人民的需要 (D)利用節慶或假期，在火車站等公共場所幫助盲眼人或其他弱勢者義賣,xuece-soc-107-12
學測社會,xuece-soc,107,13,公民,社會標籤,D,E,S5,T2,C6,避免帶有貶意的稱呼，找同樣反對標籤化的主張,主辦單位認為用「遊民」的稱謂不妥，應要用「街友」來描述流浪者，其理由和 下面何項主張最為相似？ (A)反對同性伴侶登記為配偶的權利 (B)反對原住民自願恢復其傳統姓名 (C)反對用新住民一詞稱呼外籍配偶 (D)反對將身體障礙者稱為殘障人士,xuece-soc-107-13
學測社會,xuece-soc,107,14,公民,選舉制度,C,D,S2,T2,C5,選票與席次比例不符，是單一選區相對多數決,依據圖文訊息判斷，該地方議會的選舉制度最可能是下列何者？ (A)兩輪投票制 (B)比例代表制 (C)單一選區相對多數決制 (D)複數選區相對多數決制,xuece-soc-107-14
學測社會,xuece-soc,107,15,公民,選區重劃與政黨,B,R,S2,T3,C5,由重劃前後席次變化推論選前執政黨,依據圖文訊息推論，關於該地方的政黨政治生 態，下列敘述何者最可能？ 60%支持甲黨 選區重劃前 選區重劃後 40%支持乙黨 甲黨5 席 甲黨2 席 (A)甲黨是該地的最大黨 乙黨0 席 乙黨3 席 (B)選前的執政黨是乙黨 圖1 (C)選前由單一政黨長期掌控行政權力 (D)選後不同政黨分掌行政權與立法權,xuece-soc-107-15
學測社會,xuece-soc,107,16,公民,公民團體監督國會,D,E,S5,T2,C3,公民團體監督國會，有助於資訊透明、提升正當性,關於該組織的性質、運作與功能，下列敘述何者最恰當？ (A)因具有監督政府施政的功能，必須與政府和執政黨保持抗爭關係 (B)該組織成立目的在於促進國家公共利益，其性質與利益團體不同 (C)為確保組織的獨立自主性，不宜採取向政府機關遊說的運作方式 (D)該組織發揮的功能，有助於政府資訊透明化並提升體制的正當性,xuece-soc-107-16
學測社會,xuece-soc,107,17,公民,立法院職權,A,K,S5,T7,C2,立法院行使考試委員任命的同意權,下列何者屬於該組織觀察和記錄的項目或內容？ (A)同意考試委員之任命 (B)解決直轄市間的爭議 (C)解釋行政中立法疑義 (D)提案彈劾涉弊的官員,xuece-soc-107-17
學測社會,xuece-soc,107,18,公民,內閣制,C,R,S5,T2,C3,首相兼任執政黨魁、議員可換黨魁：內閣制,依據題文訊息判斷該國的政治體制，下列敘述何者最可能？ (A)該國屬於非競爭型的政黨體制 (B)該國選舉制度採間接選舉制度 (C)最高行政首長兼任政黨領導人 (D)中央政府係採聯合內閣的模式,xuece-soc-107-18
學測社會,xuece-soc,107,19,公民,供需變化（股市）,A,R,S5,T3,C4,股價與成交量同時下降：需求大幅左移,若從供需關係的變化來解釋該國股市所發生的現象，下列選項何者為最正確？ (A)需求大幅左移，供給不變或小幅右移 (B)供給大幅左移，需求不變或小幅左移 (C)需求大幅右移，供給不變或小幅右移 (D)供給大幅右移，需求不變或小幅右移,xuece-soc-107-19
學測社會,xuece-soc,107,20,歷史,明末加派,D,R,S1,T1,H1,練兵、遼東加派：明末苛稅，新朝是清,一位君主告誡大臣：前朝因為不斷加稅，造成民生困苦。不僅平時練兵要加稅， 出兵遼東也要加稅，後來鎮壓民變、清剿海盜更要加稅，各項稅收超過兩千萬兩。 「我朝」為民謀利，首先應當免除這些苛捐雜稅。這位君主所說的「我朝」應是： (A)唐 (B)宋 (C)明 (D)清,xuece-soc-107-20
學測社會,xuece-soc,107,21,歷史,東漢神仙信仰,A,D,S4,T2,H3,東王公、西王母、神仙印：東漢的神仙方術,學者在東漢晚期遺址中發現許多銅鏡、畫像磚，多有「東王公」、「西王母」畫 像，石印上也鐫刻「大山武帝神仙印」字樣，指出：這些器物可以反映當地的□ □□□。□□□□應當是： (A)神仙方術 (B)佛教信仰 (C)儒家禮法 (D)祖先祭祀,xuece-soc-107-21
學測社會,xuece-soc,107,22,歷史,明清科舉與經商,D,R,S1,T1,H1,科舉難、轉而經商，是明末的現象,"有人指出：雖然參加科舉可以成為官員，但道路艱辛，以蘇州府所轄八個州縣為 例，總共有1,500 個生員，但三年之內可以通過科舉者不足50 人，成功率只有 三十分之一。無法進入仕途者往往改行經商，有「士而成功也十之一，賈而成功 者十之九」的說法。此人指出的現象最可能出現於哪一朝代？ (D)明末 (A)東漢 (B)唐初 (C)宋初",xuece-soc-107-22
學測社會,xuece-soc,107,23,歷史,清末教案,C,R,S5,T1,H1,百姓包圍教堂、官兵保護：清末教案,一位外國傳教士回憶傳教時的遭遇：當地久旱不雨，百姓認為是建洋教堂造成， 許多人包圍教堂，意圖生事，官府派遣官兵保護教士，僵持不下。稍後，天降大 雨，百姓才紛紛散去。這最可能發生在： (A)1820年代廣州 (B)1840年代天津 (C)1880年代濟南 (D)1920年代臺北,xuece-soc-107-23
學測社會,xuece-soc,107,24,歷史,舊金山和會,C,R,S1,T1,H1,兩岸政府都未受邀的是舊金山和會,某一國際會議召開時，中華民國政府指出：會議摒除我國於會議之外，此為我國 之辱。中華人民共和國當局也對該會議提出抗議，指出該會議背棄國際義務，中 國不予承認。該國際會議指的是： (A)1945年雅爾達會議 (B)1946年聯合國第一次大會 (C)1951年舊金山和會 (D)1955年的第一次亞非會議,xuece-soc-107-24
學測社會,xuece-soc,107,25,歷史,教宗權力,B,R,S1,T7,H8,自認彼得繼承人、可罷免皇帝：格列哥里七世,古波斯人及羅馬人對統治者表示敬意時，往往親吻其腳部或足印，稱為吻足禮。 後來有人自認是使徒彼得的繼承人，也享有吻足禮特權，凡是授予大主教職位、 為皇帝加冕、接待諸侯時，都應行吻足禮。他也可以廢止任何命令，乃至罷免皇 帝，解除臣民對暴君的義務。這人最可能是： (A)八、九世紀時人稱大帝的法蘭克王查理 (B)十一世紀改革教會的教宗格列哥里七世 (C)十六世紀中的主張改革教會的馬丁路德 (D)十七世紀主張「朕即國家」的路易十四,xuece-soc-107-25
學測社會,xuece-soc,107,26,歷史,西班牙占呂宋,C,R,S1,T1,H1,佛郎機占呂宋：十七世紀的西班牙人,一本地理書記載：佛郎機人抵達呂宋，願與呂宋互市。向呂宋王請求土地建屋， 經營商業。後來反包圍呂宋，殺其王，逐其民，而控制呂宋，繼續與中華貿易。 華人前往呂宋貿易者，實際是與佛郎機通商。這段記載中的佛郎機人應是指： (A)十三世紀的阿拉伯商人 (B)十五世紀的義大利商人 (C)十七世紀的西班牙商人 (D)十九世紀的英格蘭商人,xuece-soc-107-26
學測社會,xuece-soc,107,27,歷史,三國吳簡戶籍,A,D,S1,T6,H2,各種人口簿冊是為了掌控人口、增加稅收,學者發現許多三國時代吳國的文獻資料，包括《隱核（查核）新占民簿》、《隱 核州軍吏父兄子弟簿》、《兵曹徙作部工師及妻子簿》、《郡縣吏兄弟叛走人名 簿》、《生口買賣簿》等。這些簿冊的作用應是： (A)掌控各類人口，增加稅收 (B)強迫職業世襲，確保生產 (C)因應戰爭需要，強制徵兵 (D)分析人民壽命，發展醫學,xuece-soc-107-27
學測社會,xuece-soc,107,28,歷史,波蘭被瓜分,D,R,S1,T1,H1,貴族侵凌王權、被列強瓜分、二戰後復國：波蘭,十七世紀時，某國曾響應共同抵禦伊斯蘭教入侵的號召，出兵加入歐洲聯軍，國 勢頗強。其後，強大貴族勢力開始侵凌王權，內部爭鬥不斷，國勢逐漸衰落，引 起鄰國覬覦，終遭列強瓜分，消失於歐洲政治版圖，第一次世界大戰後雖得復國， 第二次世界大戰期間又遭佔領，戰後才得再度建國。這個國家是： (A)義大利 (B)奧地利 (C)希臘 (D)波蘭,xuece-soc-107-28
學測社會,xuece-soc,107,29,歷史,韓戰與美國援臺,B,R,S1,T1,H1,東北亞衝突時美國決定援臺：韓戰後,東北亞地區發生衝突之際，一位美國官員建議其政府，應當採取具體措施援助臺 灣。他指出：「保衛臺灣人民利益及維護太平洋地區和平與安全的計畫，如果僅 由聯合國推動，不可能有任何效果。只能由美國提這種方案，才會符合各方期待 而且有效。」此人說話的時機最可能是： (A)1947年，臺灣發生動亂，美國計畫穩定臺灣局勢 (B)1951年韓戰爆發之後，美國決定強化其東亞政策 (C)1971年我退出聯合國時，美國努力安定臺灣民心 (D)1978年底中美斷交時，美國要保障其在臺灣利益,xuece-soc-107-29
學測社會,xuece-soc,107,30,歷史,明末西學書籍,C,D,S1,T1,H1,橫行文字、皮革封面的經書：明末耶穌會士,學者記載他們見到一些外國經書與油畫：經書使用薄而堅好的白紙，兩面印刷， 文字皆橫行。封面裱裝精美，還以「綵罽」（毛織品）、金寶裝飾，外面再以皮 革包覆。油畫則是神采艷發，氣韻若生，認為「中土未曾有」。學者所見的經書 最可能是： (A)漢代自印度傳入中國的佛經 (B)唐代回紇部落使用的古蘭經 (C)明末耶穌會士的基督教經書 (D)民國初年教會學校中的聖經,xuece-soc-107-30
學測社會,xuece-soc,107,31,歷史,日治剪辮與國語,D,R,S5,T1,H1,1913 年剪辮、說日語的「國語」：日治臺灣,一位作家在自傳中提到：1913 年，他10 歲時，父親幫他剪辮子，全家人跪在祖 先牌位前痛哭流涕，懺悔子孫不肖，未能盡節；還表示希望將來政局改變後，能 再留髮辮，以報祖宗之靈。他剪辮後入學就讀，但因沒有說「國語」，遭教師毆 打，並逐出校門。這位作家10 歲時最可能生活於： (A)東北長春 (B)北京城中 (C)上海租界 (D)臺灣臺中,xuece-soc-107-31
學測社會,xuece-soc,107,32,歷史,臺籍日本兵,A,R,S5,T1,H1,叢林躲藏數十年後回臺：高砂義勇軍,1974 年，印尼當局發現一名在叢林中躲藏的「野人」。這個「野人」表示：為避 免被「敵人」發現，不敢進入附近村落，自己耕種，獵捕野生動物維生，就這樣 度過數十年，對外界事務，毫不知情。日本駐印尼使館派人前往探視，野人才知 道戰爭早已結束。幾個月後，他搭飛機抵達臺灣。這個「野人」身分應當是？ (A)參加東南亞作戰的高砂義勇軍 (B)國共內戰之後撤出大陸的國軍 (C)越戰爆發後逃往東南亞的華僑 (D)印尼排華時，躲藏山區的華人,xuece-soc-107-32
學測社會,xuece-soc,107,33,歷史,考古新方法,D,K,S1,T1,H1,補足夏商歷史的新方法是考古與甲骨文,孔子曾說：「夏禮吾能言之，杞不足徵也。殷禮吾能言之，宋不足徵也。文獻不 足故也，足則吾能徵之矣。」他的遺憾，後代學者因為「新方法」而能夠逐漸填 補夏、商兩代歷史的空白。這種「新方法」是： (A)唐代以後的地理學知識發達 (B)宋代的司馬光重新考證史記 (C)明清學者發展訓詁與文字學 (D)現代建立考古與甲骨文知識,xuece-soc-107-33
學測社會,xuece-soc,107,34,歷史,普法戰爭,C,R,S2,T1,H1,德意志聯軍擊敗法國、帝制廢除：1870 年普法戰爭,"表1 為某次戰爭中，德意志地區共同組成聯軍的兵力配置表。此次作戰，德意志 聯軍利用火車運輸，快速造成對手國極大損失，該國被迫簽訂條約，割地賠款， 結束戰局。其政府威信大失，帝制遭到廢除，改行共和。這場戰爭最可能是： 表1 步兵 騎兵 大砲 北德同盟 385,600 48,000 1,284 巴伐利亞王國 50,000 5,500 192 威登堡 15,000 1,500 54 巴登 11,700 1,800 54 (A)1806年反法同盟戰爭 (B)1866年的普奧戰爭 (D",xuece-soc-107-34
學測社會,xuece-soc,107,35,地理,印度氣候,A,R,S5,T6,G3,印度 11 月到 2 月是乾季，氣候乾爽,某人蒐集去印度旅遊的相關資料，發現最普遍的說法是：「11 月至次年2 月是 前往該國旅遊的旺季。」最主要原因為何？ (A)氣候乾爽宜人 (B)天然災害較少 (C)佛教祭典頻繁 (D)度冬候鳥雲集,xuece-soc-107-35
學測社會,xuece-soc,107,36,地理,傳統民宅建材,D,D,S4,T5,G7,石板屋在中央山脈南段（排灣、魯凱）,臺灣傳統民宅的建材，不同的族群配合環境特性， 就地取材而有竹管屋、土埆厝、石板屋、茅草屋等形 式。照片1 是某族群的傳統民宅，該種形式的民宅 最可能出現在下列何處？ (A)澎湖群島 (B)埔里盆地 照片1 (C)花東縱谷北部 (D)中央山脈南段,xuece-soc-107-36
學測社會,xuece-soc,107,37,地理,產業全球布局,A,R,S5,T6,G8,資訊與交通革新，才能在全球分工布局,臺灣某科技公司從事研發、設計、製造電子產品及其週邊設備與零組件，是一個 具有設計、製造能力和整合服務的公司。在其全球布局地圖中，總部位於臺北， 製造中心散處臺灣、中國及歐、美各地；設計中心設於臺北、上海、蘇州和重慶， 服務中心則遍及臺灣、美國、巴西、日本等地。該公司能夠如此布局的原因為何？ (A)交通資訊革新快速 (B)國際勞工遷移頻繁 (C)地理資訊系統健全 (D)產品生命週期延長,xuece-soc-107-37
學測社會,xuece-soc,107,38,地理,冰河地形,B,D,S4,T5,G7,尖銳的角峰是冰河地形，南美安地斯山脈最普遍,照片2 為某處的山峰鳥瞰景觀。該種形式的山峰 景觀，在下列哪地區分布最普遍？ (A)澳洲大分水嶺山脈 (B)南美洲安地斯山脈 (C)歐洲阿爾卑斯山脈 (D)亞洲喜馬拉雅山脈 照片2,xuece-soc-107-38
學測社會,xuece-soc,107,39,地理,水平衡圖,A,D,S2,T5,G2,由水平衡圖判斷區域與產業地景,照片3 是臺灣某國家風景區的產業文化地景，圖2 為臺灣四大區域內重要都市 的各月水平衡狀況。該國家風景區最可能位於圖2 中哪個都市所在的區域內？ mm 300 240 180 120 60 0 -60 -120 1 2 3 4 5 6 7 8 9 10 11 12 月 月 月 月 月 月 月 月 月 月 月 月 甲 乙 丙 丁 照片3 圖2 (D)丁 (A)甲 (B)乙 (C)丙,xuece-soc-107-39
學測社會,xuece-soc,107,40,地理,度假打工,B,D,S1,T5,G4,多數國家位於溫帶常綠林景觀帶,近年來臺灣青年經常到海外度假打工，至2017 年07 月止，與我國簽訂度假打 工協定的國家有澳洲、紐西蘭、日本、加拿大、韓國、英國、愛爾蘭、德國、比 利時、匈牙利、斯洛伐克、波蘭、奧地利、捷克及法國等15 國，吸引國內青年 踴躍參與。與我國簽訂度假打工協定的國家，以分布於下列哪個自然景觀帶者為 數最多？ (A)溫帶常綠林景觀帶 (B)溫帶落葉林景觀帶 (C)溫帶灌木林景觀帶 (D)寒帶針葉林景觀帶,xuece-soc-107-40
學測社會,xuece-soc,107,41,地理,季風（鄭和）,A,R,S3,T5,G1,孟加拉灣風暴是低壓中心、逆時針旋轉,1409 年鄭和率船隊從長江口出發第三次下西洋，航經東海、南海、麻六甲海峽、 安達曼海及孟加拉灣，再繞過南印度至阿拉伯海，造訪沿岸許多地區。圖3 是四 種氣壓梯度及風向模式圖。鄭和船隊在安達曼海及孟加拉灣海域，最可能遭遇圖 3 中哪個氣壓梯度及風向模式圖所代表的風暴？ 甲 乙 丙 丁 低 低 高 高 風向 氣壓梯度 圖3 (A)甲 (B)乙 (C)丙 (D)丁,xuece-soc-107-41
學測社會,xuece-soc,107,42,地理,氣候圖（甘蔗）,A,D,S2,T5,G3,「廍」製糖，甘蔗栽培在高溫多雨的熱帶,「廍」是清代某種農產品加工製造的工坊，臺灣有許多地方因設有這種工坊而以 「廍」為地名，如廍仔、保長廍、桕腳廍等。圖4 是四個地區的氣溫雨量圖。 「廍」所加工製造的農產品，在哪個氣溫雨量圖所代表的氣候區內栽培最盛？ 甲 乙 丙 丁 雨量mm 雨量mm 溫度 溫度 溫度 雨量mm 溫度 雨量mm 30 450 30 450 450 30 450 30 25 400 25 400 400 25 400 25 20 350 20 350 350 350 20 20 15 300 15,xuece-soc-107-42
學測社會,xuece-soc,107,43,地理,沙塵暴,A,R,S1,T3,G5,沙塵往東傳送，因為多發區位於西風帶,中國的沙塵暴主要發生在北方地區，其中南疆盆地、青海西南部、西藏西部及內 蒙古中西部和甘肅中北部是沙塵暴的多發區，以春季發生的頻率最高。據統計， 沙塵暴捲起的沙塵，80%往日韓方向傳送，最遠到達美國；約20%往東南傳送到 華南，甚至到達臺灣。「沙塵暴捲起的沙塵，80%往日韓方向傳送，最遠到達美 國。」此現象和沙塵暴哪特性關係最密切？ (A)沙塵暴多發區均位於西風帶中 (B)不合理的土地開發導致沙塵暴頻率增高 (C)造成沙塵暴的最大主因是土地沙漠化不斷擴張 (D)春季乾旱少雨，氣,xuece-soc-107-43
學測社會,xuece-soc,107,44,地理,人口金字塔,C,D,S2,T5,G2,老年人口多、幼年人口少：發展老齡安養、推小班教學,圖5 是某國2016 年的人口金字塔，從人口金字塔的資料判斷，該國目前最可能 推動下列哪些政策？ 100+ 甲、推動晚婚晚育政策 95-99 90-94 乙、發展老齡安養制度 85-89 80-84 男 女 丙、推動學校小班教學 75-79 70-74 丁、積極鼓勵節育計畫 65-69 60-64 (A)甲乙 55-59 50-54 (B)甲丁 45-49 40-44 (C)乙丙 35-39 30-34 (D)丙丁 25-29 20-24 15-19 10-14 05-09 ,xuece-soc-107-44
學測社會,xuece-soc,107,45,地理,清真認證與宗教,D,K,S4,T2,G7,清真認證的標誌與宗教信仰有關,圖6 所示的標誌在許多國家或地區是消費者選購食物或食品的重要參考。該標 誌的功能，和下列何者關係最密切？ (A)殖民經驗 (B)種姓制度 (C)多元文化 (D)宗教信仰 圖6,xuece-soc-107-45
學測社會,xuece-soc,107,46,地理,智利（地中海型）,A,R,S5,T6,G3,西班牙語系又屬地中海型氣候：智利中部,西班牙南部某家紅酒商最近希望擴大其紅酒的產區，他打算選擇一個文化、語言 和氣候與本國相似的地區作為投資的對象，請問下列哪個地區最適合這家紅酒 商的投資？ (A)智利中部 (B)澳洲西南部 (C)菲律賓南部 (D)哥倫比亞北部,xuece-soc-107-46
學測社會,xuece-soc,107,47,地理,GPS 資訊,C,D,S2,T5,G2,兩點坐標只能算直線距離與時間相關的速度,若僅透過O、T 兩點的GPS 資訊，可以推算下列哪些地理訊息？ 甲、O 點到T 點的最佳路徑 乙、O 點到T 點的步行時間 丙、O 點到T 點的直線距離 丁、O 點到T 點的步行速度 (A)甲乙 (B)甲丁 (C)乙丙 (D)丙丁,xuece-soc-107-47
學測社會,xuece-soc,107,48,地理,方位判讀,B,D,S2,T5,G2,X 與 Y 都增加：往東北方移動,該生從O 點到T 點，最可能是往哪個方向移動？ (A)東南方 (B)東北方 (C)西南方 (D)西北方,xuece-soc-107-48
學測社會,xuece-soc,107,49,地理,地中海型氣候國家,D,D,S2,T5,G3,夏乾冬雨的地中海型氣候國家：西班牙,某國大部分地區夏乾冬雨，雨季與生長季不能配合，傳統農業活動的特色是：河 谷低地種植小麥、大麥，丘陵地區栽培耐旱果樹，較陡的坡地則從事畜牧。該國 最可能是表2 中的哪個國家？ (A)甲 (B)乙 (C)丙 (D)丁,xuece-soc-107-49
學測社會,xuece-soc,107,50,地理,澳洲特有生物,C,D,S2,T5,G2,地質古老、位置孤立的是澳洲,某國地質結構古老、位置孤立，境內有許多特有種生物，擁有「生物博物館」稱 號。該國最可能是表2 中的哪個國家？ (A)甲 (B)乙 (C)丙 (D)丁,xuece-soc-107-50
學測社會,xuece-soc,107,51,地理,巴西經濟,B,D,S2,T5,G2,出口礦產與農產、殖民地式經濟：巴西,某國出口商品以鐵礦、黃豆、蔗糖、咖啡、化學木漿等為主，進口商品以原油、 車輛及零配件、機械、電氣和運輸設備等為主；居民貧富差距大，殖民地式經濟 色彩濃厚。該國最可能是表2 中的哪個國家？ (D)丁 (A)甲 (B)乙 (C)丙,xuece-soc-107-51
學測社會,xuece-soc,107,52,歷史,平埔族阿立祖,B,K,S4,T1,H3,祀壺與向缸是平埔族的阿立祖信仰,「祭壇供桌上的祀壺和兩側的向缸」，和下列何者關係最密切？ (A)客家移民崇祀三山國王 (B)平埔族群信仰的阿立祖 (C)科舉考生祭拜文昌帝君 (D)沿海漁村供奉媽祖娘娘,xuece-soc-107-52
學測社會,xuece-soc,107,53,地理,臺灣南部區域,C,R,S4,T5,G7,平埔族公廨多分布在南部區域,照片4 所示的祭祀場所，在下列哪個區域為數最多？ (A)北部區域 (B)中部區域 (C)南部區域 (D)東部區域,xuece-soc-107-53
學測社會,xuece-soc,107,54,歷史,宋室南渡,C,R,S1,T1,H1,皇帝從寧波出海避敵：宋室南渡,該事件最可能是： (A)春秋時期的吳越相爭 (B)三國時期的孫吳政權 (C)女真壓境時宋室南渡 (D)滿清入關後南明諸王,xuece-soc-107-54
學測社會,xuece-soc,107,55,地理,海岸地形,D,R,S1,T6,G3,海岸曲折、島嶼眾多，便於躲藏,「船隻在江南沿海方便躲藏，可逃避敵軍追擊。」和該海域哪一特性關係最密切？ (A)季風交替波高浪大 (B)潮差顯著海相多變 (C)沿岸海流方向不定 (D)海岸曲折島嶼眾多,xuece-soc-107-55
學測社會,xuece-soc,107,56,歷史,漢人祖籍分布,A,D,S3,T5,H7,依分布判斷漳州人優佔區,圖7 中哪個圖例，最可能代表漳州人的優佔區？ (A)甲 (B)乙 (C)丙 (D)丁,xuece-soc-107-56
學測社會,xuece-soc,107,57,歷史,王爺信仰,B,R,S1,T1,H1,送王船信仰以泉州、漳州沿海移民為主,清代某地方志對民間王爺信仰有如下記載：「各坊里社廟，以王公大人稱者甚 夥… 廟宇大小不一，神像俱雄而毅；… 王誕之辰，設王醮二三晝夜，謂之送瘟。 造木為船，糊紙像三儀仗… 告牒畢，乃奉各紙像置船中… 推船入水順流揚帆而去 則已。」該王爺信仰在哪祖籍優佔區最為普遍？ (A)甲 (B)乙 (C)丙 (D)丁,xuece-soc-107-57
學測社會,xuece-soc,107,58,地理,臺灣地景,D,R,S4,T5,G7,客家宗祠配椰林，分布在屏東平原,圖8 畫作內容展現的地景，在圖9 中哪個行政區最為常見？ (A)子 (B)丑 (D)卯 (C)寅,xuece-soc-107-58
學測社會,xuece-soc,107,59,歷史,社會主義理想,C,R,S1,T1,H1,生產公有、依興趣工作：十九世紀的社會主義理想,這本小說最可能描述的是： (A)十二世紀西歐的莊園生活 (B)十七世紀的自由主義理念 (C)十九世紀的社會主義理想 (D)二十世紀的帝國主義藍圖,xuece-soc-107-59
學測社會,xuece-soc,107,60,公民,市場經濟條件,D,R,S5,T2,C4,市場要剛好滿足需求又不浪費，必須沒有市場失靈,老師請同學設想，如果是市場經濟，需要滿足以下哪一個條件，才可達到「社會 上每一項商品生產的數量恰能滿足所有人之需」，而且又沒有資源浪費的結果？ (A)商品的價格固定 (B)沒有生產者剩餘 (C)工廠為私人擁有 (D)不存在市場失靈,xuece-soc-107-60
學測社會,xuece-soc,107,61,公民,族群平等,C,E,S1,T2,C7,不分膚色的平等促進國家整合,該政治人物演說的內容，與下列哪一項權利保障的主張最吻合？ (A)民主國家應該保障多元族群的文化差異 (B)保障少數族群權益才能提升政府合法性 (C)保障多元族群的平等才能促進國家整合 (D)民主國家應該保障少數族群的自決權利,xuece-soc-107-61
學測社會,xuece-soc,107,62,歷史,曼德拉,B,R,S1,T7,H8,結束白人壟斷政權的是南非的曼德拉,該政治人物最可能是： (A)歐巴馬（Barack Obama） (B)曼德拉（Nelson Rolihlahla Mandela） (C)甘地（Mohandas Karamchand Gandhi） (D)馬丁路德金恩（Martin Luther King）,xuece-soc-107-62
學測社會,xuece-soc,107,63,地理,非洲聯盟,A,R,S1,T7,G4,南非屬於非洲聯盟,該國最可能是下列哪個區域性國際組織的成員國？ (A)非洲聯盟（AU） (B)南方共同市場（Mercosur） (C)東南亞國家協會（ASEAN） (D)亞太經濟合作會議（APEC）,xuece-soc-107-63
學測社會,xuece-soc,107,64,歷史,大航海時代,B,D,S4,T1,H3,畫中有地球儀、星盤：十六世紀的航海熱潮,根據畫作的內容，下列哪項推論最為合理？ (A)這是十三世紀的情況，說明時人熱衷航行前往耶路撒冷朝聖 (B)這是十六世紀的情況，說明航海已成為貴族交際的重要話題 (C)這是十八世紀的情況，說明巴黎沙龍聚會以天文星象為主題 (D)這是十九世紀的情況，說明工業革命後資本主義發展的盛況,xuece-soc-107-64
學測社會,xuece-soc,107,65,公民,文化位階,A,E,S4,T2,C7,畫作象徵貴族的知識與地位：文化位階,現代讀者在詮釋此畫作時，下列哪一概念最適合用來解釋該畫作代表的象徵意 義？ (A)文化位階 (B)性別傾向 (C)文化涵化 (D)世界公民,xuece-soc-107-65
學測社會,xuece-soc,107,66,地理,歐洲區域發展,C,D,S2,T5,G2,由 HDI 判斷西歐、南歐對應的區域,經常出現類似圖10 畫作的西歐與南歐，最可能是表3 中哪二區？ (A)甲乙 (B)甲丁 (C)乙丙 (D)丙丁,xuece-soc-107-66
學測社會,xuece-soc,107,67,歷史,唐宋南海貿易,D,R,S1,T1,H1,唐宋來華貿易者以阿拉伯人最多,唐宋時期從南海來華貿易的外國商人，以下列何者為數最多？ (A)印度人 (B)馬來人 (C)義大利人 (D)阿拉伯人,xuece-soc-107-67
學測社會,xuece-soc,107,68,歷史,瓷器絲綢外銷,D,K,S1,T1,H1,外國商人從明州運回瓷器、絲綢,外國商人從明州（今寧波）購買運回的主要商品為何？ (A)蔗糖、樟腦 (B)樟腦、苧麻 (C)蔗糖、棉布 (D)瓷器、絲綢,xuece-soc-107-68
學測社會,xuece-soc,107,69,公民,交易成本,A,R,S1,T2,C4,新港口使貿易更方便，降低交易成本,引文所述唐宋時期的貿易現象，最適合以下列哪一現代國際貿易特徵來詮釋？ (A)新通商港口的建立可降低交易成本 (B)貿易主要由商品的實用價值而發生 (C)海外貿易興盛可帶動國內產業升級 (D)國際貿易可帶動金融業的蓬勃發展,xuece-soc-107-69
學測社會,xuece-soc,107,70,公民,我族中心主義,B,E,S1,T2,C7,以歐洲文化優越為由拒收難民：我族中心主義,該國官員的言論招致眾多輿論批評，這些批評主要是針對： (A)該官員反對主流文化 (B)該官員主張我族中心 (C)該官員反對全球在地化 (D)該官員支持經濟全球化,xuece-soc-107-70
學測社會,xuece-soc,107,71,歷史,北非帝國史,D,R,S3,T1,H7,北非曾屬羅馬、阿拉伯、鄂圖曼帝國,難民由地中海偷渡湧進歐洲的起點，歷史上曾為哪些帝國的領地？甲、羅馬帝國； 乙、查理曼帝國；丙、阿拉伯帝國；丁、鄂圖曼帝國；戊、神聖羅馬帝國 (A)甲乙戊 (B)丙丁戊 (C)乙丙戊 (D)甲丙丁,xuece-soc-107-71
學測社會,xuece-soc,107,72,地理,非洲殖民背景,B,R,S1,T4,G4,四個難民來源國都曾經是殖民地,2016 年偷渡至歐洲的非洲難民，其來源數量前四名的國家，具有下列哪項共同 特性？ (A)氣候均乾燥少雨 (B)均曾經淪為殖民地 (C)均屬撒赫爾範圍 (D)非洲AIDS最嚴重區域,xuece-soc-107-72
學測社會,xuece-soc,108,1,公民,公投權,D,E,S5,T6,C3,要求移工也能參與公投，是主張不分國籍的參政權,假定有許多勞工團體對於《勞動基準法》的部分修正條文不滿，認為其損害勞工 權益，進而發起公投要求廢除新修訂的相關條文；有某勞工團體主張，新法涉及 60 多萬的外籍移工福祉，他們也應有參與公投的權利，不應被排除在外。該團體 認為，任何勞基法的規定都是不分國籍直接衝擊所有的勞動者，雖然目前法律還 不允許外籍人士參加公投，但可藉此項呼籲行動讓政府、社會大眾看見移工的意 見，而且歐盟各國已有先例，允許非國籍人士擁有部分參政權。下列哪項說法最 能詮釋上述勞工團體的主張？ (A)各國應該不,xuece-soc-108-1
學測社會,xuece-soc,108,2,公民,刑事訴訟角色,C,E,S5,T7,C2,代表國家起訴的是檢察官、辯護的是律師，律師也可代理民事,有學生正在觀賞司法院的宣導短劇。劇中角色甲說：「庭上，本次我方所以代表 國家起訴被告，是因為被告違反了刑事法律。」劇中角色乙立刻表示反對意見： 「抗議！並沒有明確的證據足以證明我的當事人有罪。」假定角色不更換，學生 繼續觀看下去將有可能會看到下面哪一個場景？ (A)角色甲出現在行政法院中，負責審理行政法院之案件 (B)角色甲在普通法院擔任國家委託民事訴訟案件代理人 (C)角色乙接受法律扶助基金會委託，代理民事訴訟案件 (D)角色乙在偵查庭中，指揮警察調查被告有無犯下罪刑,xuece-soc-108-2
學測社會,xuece-soc,108,3,公民,子女姓氏與性別,D,E,S5,T2,C2,法律允許從母姓，多數仍從父姓：習俗影響大於法律,我國《民法》對於子女姓氏應從父姓或母姓的規定，歷經數次修正，由原先「子 女應從父姓」，改成可以由父母書面約定子女姓氏。但目前依據內政部調查顯示， 絕大多數的子女仍以從父姓為主。下列哪一個論點最能用來說明此一現象？ (A)法律未強制子女從父姓，係因社會習慣與法律具有一致性 (B)因習慣法的效力優先於法律規定，故此現象合乎法律要求 (C)社會大多數人重視家庭倫理，認為家庭是社會規範的基礎 (D)社會傳統風俗習慣形塑了人們的行為，其影響比法律更強,xuece-soc-108-3
學測社會,xuece-soc,108,4,公民,婚姻法律效果,A,K,S0,T2,C2,婚前所生子女，父母結婚後視為婚生子女（準正）,有關我國《民法》對結婚雙方的法定權利義務規定，下列敘述何者正確？ (A)雙方同居時出生之小孩，結婚後自動視為婚生子女 (B)依據法定夫妻財產制，夫妻全部財產皆為夫妻共有 (C)婚姻期間出生之小孩為婚生子女，不可改變其身分 (D)夫妻雙方取得對方遺產繼承權，離婚後也有繼承權,xuece-soc-108-4
學測社會,xuece-soc,108,5,公民,罪刑法定,B,K,S5,T2,C2,沒有法律明文就不能處罰：罪刑法定,在國外曾出現有宗教信徒因為違反宗教戒律，雖沒有違反明確法律規定，但仍被 法院判處刑罰的案例。在我國，法院並不能因為信徒單純違反宗教戒律的行為而 判其有罪，這是因為我國法院受到下列哪一項原則的拘束？ (A)刑法謙抑 (B)罪刑法定 (C)程序正義 (D)宗教自由,xuece-soc-108-5
學測社會,xuece-soc,108,6,公民,WTO 最惠國待遇,B,R,S5,T2,C4,WTO 最惠國待遇：對所有會員適用最低稅率,甲、乙、丙三國均加入世界貿易組織（WTO）之後，啟動的雙邊貿易協定如下: 甲國先與乙國協商腳踏車關稅稅率為4%，後與丙國重新協商腳踏車關稅稅率為 3%；於同一時間，乙國對丙國的腳踏車關稅降為2%，丙國對乙國的腳踏車關稅 調整為5%。最後，甲國對於乙、丙兩國所訂定的腳踏車進口關稅稅率應為多少， 方能符合WTO 的關稅規範？ (A) 2% (B) 3% (C) 4% (D) 5%,xuece-soc-108-6
學測社會,xuece-soc,108,7,公民,外部效果,B,D,S2,T5,C5,考慮外部效果後需求增加：存在外部利益，均衡產量過低,表1 為小華對於某市場外部效果分析的作業，其中左半部的供給、需求價量關係 未考慮外部效果，右半部的供給、需求價量關係考慮外部效果。根據表1 資料判 斷，有關此市場的外部效果，以下敘述何者正確？ 表1 價格 需求量 供給量 價格 需求量 供給量 10 30 160 10 50 160 9 40 140 9 60 140 8 50 120 8 70 120 7 60 100 7 80 100 6 70 80 6 90 80 5 80 60 5 100 60 (A)存在此外部性時，,xuece-soc-108-7
學測社會,xuece-soc,108,8,公民,租稅政策（糖稅）,C,E,S5,T2,C4,依含糖量累進課稅，類似依排氣量課燃料稅,因為含糖飲料有增加民眾罹患肥胖、糖尿病及蛀牙的可能性，某國政府計畫對含 糖飲料課徵「糖稅」，稅率隨飲料中含糖量增加而提高。此政策的手段與以下哪 一個租稅政策最類似？ (A)對年收入愈高的人徵收愈高的所得稅 (B)對持有兩年內的豪宅交易課徵交易稅 (C)排氣量愈高的汽車課徵愈高的燃料稅 (D)對於酒精濃度高的烈酒課徵較高關稅,xuece-soc-108-8
學測社會,xuece-soc,108,9,公民,生活風格,C,E,S1,T2,C2,與工人相處改變看法：生命歷程影響生活風格,若從自我與生活風格的關聯來看，下列何者最能詮釋劉致平與山區工人相處後 的改變？ (A)個人的文化品味較容易受到主流文化和生活風格的影響 (B)封閉的農村社會組織，易造成自我和生活風格的侷限性 (C)個人生命歷程對生活風格與身分意識的形成具有影響力 (D)城鄉生活風格與教育程度差距，加深了彼此身分的區隔,xuece-soc-108-9
學測社會,xuece-soc,108,10,公民,文化意涵,A,E,S1,T2,C7,唱山歌是青年男女表達自主情愛,依據題文資訊，下列敘述何者最能說明「唱山歌」的文化意涵？ (A)青年男女藉唱歌表達對自主情愛關係的嚮往 (B)山歌風格標示出山區工人非主流的文化位階 (C)工人藉由唱山歌以形塑勞動階層的群體文化 (D)唱山歌是山區青年男女成年的社會通過儀式,xuece-soc-108-10
學測社會,xuece-soc,108,11,公民,社會規範,C,E,S1,T2,C6,宗親血緣的規範限制了個人選擇,如果從「社會規範」的角度出發，下列敘述何者最適合用來解釋劉致平的「領悟」 及其被迫遠走他鄉的情節？ (A)階層界線太明確，妨礙地主與勞工之間發展出平等互惠的關係 (B)傳統社會中的財產繼承，使得子女無法依自己的興趣選擇職業 (C)血緣宗親力量若成為重大的人際壓力，將會限制個人自由發展 (D)家庭為整體幸福並傳遞文化價值觀，常要求子女犧牲個人利益,xuece-soc-108-11
學測社會,xuece-soc,108,12,公民,弱勢保障政策,A,E,S5,T2,C2,立專法保障弱勢，類似增設親子停車位,上述受害人主張立專法管制，與下列何種政府作為最類似？ (A)規定停車場增設親子停車位 (B)免除投資人證券交易所得稅 (C)將運動中心授權給民間經營 (D)以保證價格將綠能發電購回,xuece-soc-108-12
學測社會,xuece-soc,108,13,公民,新聞自由,B,E,S5,T2,C1,管制報導內容可能侵害新聞自由,該立法主張如獲得通過，最可能侵害以下哪一種人民權益？ (A)公司契約自由 (B)媒體新聞自由 (C)民眾媒體近用 (D)記者個人姓名,xuece-soc-108-13
學測社會,xuece-soc,108,14,公民,媒體識讀,D,E,S1,T6,C7,報導的利多消息來源不明，應存疑,對於不瞭解企業經營實情，且資訊不對稱的廣大讀者而言，如何判斷上述報導可 能不實且應予存疑？ (A)標題過於聳動而且與內容無關聯 (B)引用政府資訊影響投資人的判斷 (C)文末出現「投資定有風險」警語 (D)報導所提到的利多消息來源不明,xuece-soc-108-14
學測社會,xuece-soc,108,15,歷史,美臺共同防禦條約,A,R,S1,T1,H1,未加入東南亞公約組織，美國另與我簽訂共同防禦條約,美國於1954 年9 月聯合英國、澳洲、法國、紐西蘭、巴基斯坦、泰國和菲律賓組 成「東南亞公約組織」，其組織的目標與內容都與北大西洋公約組織類似，總部 設於曼谷。美國原本希望我國也加入，但因各種原因而未果。美國補救的方式是： (A)另與我簽訂共同防禦條約 (B)支持我成為聯合國會員國 (C)要求各國遵守聯合國憲章 (D)支持我國加入東南亞國協,xuece-soc-108-15
學測社會,xuece-soc,108,16,歷史,戰後經濟統計,D,D,S2,T1,H1,比例逐年上升到八成：小學畢業生升學率（九年國教）,表2 為臺灣自民國55 年到60 年某項資料。這項資料最可能是： 表2 年代（民國） % 55年 58.95 56年 62.29 57年 74.66 58年 76.04 59年 79.81 60年 81.39 (A)農業生產占全國生產總值的比例 (B)農村地區電力照明設備的普及率 (C)美援麵粉成為國民主食的普及率 (D)小學畢業生進入初(國)中的比例,xuece-soc-108-16
學測社會,xuece-soc,108,17,歷史,天人感應,B,K,S1,T7,H8,天降災異警告君王：董仲舒的天人感應,學者認為：國家失道，將敗之際，上天會先降下災害，以為警惕。如果人君無法 領受天降災異的教訓，把政治導正，那麼天就有權力來奪取君王的權位。如果君 王行為得當，五行運轉便正常。他因此主張：「天道」運行變化，主要是為了建 立「人道」。這位學者最可能是： (A)主張民貴君輕的孟子 (B)主張天人感應的董仲舒 (C)主張格物致知的朱熹 (D)主張知行合一的王陽明,xuece-soc-108-17
學測社會,xuece-soc,108,18,歷史,自強運動電報,C,R,S1,T3,H4,清朝官員架設電報主要是國防考量,1871 年，西洋人在上海敷設了電報線；1877 年，丁日昌在臺灣架設了電報設備， 成為中國第一條自行架設的電報線。1879 年，李鴻章也在天津與大沽及北塘 之間架設電報設備。當時架設電報設備的主要動機是： (A)西洋商社在中國投資，希望中國提供電信設備 (B)中國報業為求現代化，希望引進電報通信設施 (C)清朝官員認為電報設施有助於國防，因此架設 (D)朝廷認為電報為國家現代化象徵，故極力支持,xuece-soc-108-18
學測社會,xuece-soc,108,19,歷史,清末留學,B,R,S1,T1,H1,呼籲廣派學生留學歐美：民初建設需要人才,許多關切教育的地方人士指出：國家建設百廢待舉，傳統知識已不敷使用，需借 重歐美先進國家的政治經驗、學術思想與科學技藝等專門知識，才能提升國家建 設的效率。國家先前雖曾多次派選學生出洋念書，但人數不足。為便於學習歐美 先進國家的專門知識，建設家鄉，我們也應廣派學子出國留學。呼籲主事者籌設 「留學歐美預備學校」，招收學子，先在國內學習歐、美語文，以便將來出國學 習。該文章反映哪種時代背景？ (A)簽訂《南京條約》後，政府需培養對外交涉人才 (B)民國初年，擴大學校教育，也培育各種,xuece-soc-108-19
學測社會,xuece-soc,108,20,歷史,晚清上海租界,B,R,S1,T6,H2,日本人見上海受列強控制，引以為鑑,1862 年，德川幕府派官員到上海考察，隨行一位藩士寫下《遊清五錄》，描述當 時上海的情形：「歐羅巴諸邦商船軍艦數千艘停泊江上，桅檣林立，填滿津口； 陸上則有諸邦商館，粉壁千尺，殆如城郭，其雄大壯偉，筆紙難以表述。」另一 方面他也觀察到：「中國人到處被外國人牽制著。……與其說上海是中國人的土 地，還不如說是英法兩國的殖民地。……雖然說我們是日本人，但對於這樣的局 面也應該關心留意。因為這不僅是中國之事。」他指出中國受侵略的根源是國策 失誤：「當權者只知守舊……沒有製造軍艦大砲,xuece-soc-108-20
學測社會,xuece-soc,108,21,歷史,伊斯蘭傳播（巴剎）,C,R,S1,T1,H1,巴剎一詞隨伊斯蘭傳播，借自阿拉伯語,巴剎（Bāzār）原為波斯文中的市場之意，多指有頂棚遮蓋的商業街道，在其中 販售各種商品。現在，馬來西亞、印尼等東南亞地區及中國西北地區如新疆，也 將市場稱為「巴剎」。學者研究，這是某種語言借用「巴剎」的名稱後，向各地 推廣所致。這種語言應是： (A)英語 (B)印度語 (C)阿拉伯語 (D)西班牙語,xuece-soc-108-21
學測社會,xuece-soc,108,22,歷史,唐代文化（琵琶行）,A,D,S1,T2,H8,「潯陽地僻無音樂」對比長安的文化繁盛,白居易的〈琵琶行〉長詩寫於唐憲宗元和十一年（816 年），當時白居易貶官為 江州司馬，居住在江西九江，對比長安與九江，有許多感想。下面詩句中，哪一 句最足以說明白居易對兩地文化差異的看法？ (A)潯陽地僻無音樂 (B)舉酒欲飲無管絃 (C)商人重利輕別離 (D)妝成每被秋娘妒,xuece-soc-108-22
學測社會,xuece-soc,108,23,歷史,明末世界觀,C,R,S1,T1,H1,東洋包含紅毛番（荷蘭）、呂宋：明末的世界觀,《東西洋考》記載某一時期中國的世界地理觀，東洋包括呂宋、汶萊、日本及紅 毛番；西洋包括交阯、占城、暹羅、柬埔寨、麻六甲等。這本書反映出何時的世 界觀？ (A)唐代 (B)南宋 (C)明末 (D)清末,xuece-soc-108-23
學測社會,xuece-soc,108,24,歷史,清代臺灣士紳,D,R,S1,T1,H1,士紳招募壯勇焚搶：地方人士參與械鬥,一件史料記載：淡水廳某士紳因與佃農發生糾紛，乃強制將佃農耕種的田地收回， 另行轉租給別的佃農耕種，以致激起民間鬥殺；該士紳還招募壯勇四出焚搶。朝 廷認為該士紳為富不仁，目無法紀，下令閩浙總督將該士紳革職逮捕，押解到省 城嚴行審辦。該史料記載的事件最可能是： (A)民眾發動反清復明的民變 (B)天地會領袖發動抗清行動 (C)客家居民組成的抗日行動 (D)地方人士參與的分類械鬥,xuece-soc-108-24
學測社會,xuece-soc,108,25,歷史,周邊民族興起,C,R,S0,T1,H1,周邊民族建立國家、使用文字：唐宋之際,某一時期，中國周邊民族普遍使用文字，並營建都城，反映其國家組織的強化， 構成對農業中國的嚴重威脅。無論是東北、北方，甚至西南，都發生周邊民族入 侵的現象，同時對中國造成重大的壓力。這種形勢出現於何時？ (A)西周末年 (B)西晉末年 (C)唐宋之際 (D)清朝中葉,xuece-soc-108-25
學測社會,xuece-soc,108,26,歷史,地名變遷與多元族群,C,D,S1,T2,H8,恢復原住民族地名：三民→那瑪夏、吳鳳→阿里山,下列哪些臺灣鄉鎮市區級地名的變遷，最能反映解嚴後政府及社會對多元族群 及其文化的尊重態度？ 甲、吉野→吉安 乙、三民→那瑪夏 丙、番社→東山 丁、吳鳳→阿里山 戊、紅毛→新豐 (A)甲乙 (B)甲丙 (C)乙丁 (D)丁戊,xuece-soc-108-26
學測社會,xuece-soc,108,27,地理,崩塌與河川含沙,B,D,S3,T5,G1,崩塌地下游的採樣點含沙量最高,圖1 為某地區的等高線地形圖。該地在某一次暴雨時形成了多處的崩塌地，圖 中陰影部分為崩塌所在。若於暴雨後在圖中的甲、乙、丙、丁四個點進行水質 採樣，則何處所採樣本的含沙量最高？ (A)甲 北 (B)乙 (C)丙 甲 0 4km (D)丁 乙 400 420 440 300 460 320 480 340 500 360 丙 380 丁 400 崩塌地 圖1,xuece-soc-108-27
學測社會,xuece-soc,108,28,地理,拉丁美洲音樂文化,C,R,S1,T7,G4,原住民、西班牙與黑人音樂融合：南美洲,某一地區民間音樂的特點是，帶有淡淡懷鄉、憂愁的色彩，重唱形式多，唱法放 鬆，音色柔和抒情。一個音樂家評論：「原住民族提供基本的五聲音階模式，並 喜用單調的擊鼓聲作伴奏；殖民者帶來和弦的概念及西班牙慣用的節奏，黑人則 增加了變化音的修飾。」該地區最可能是： (A)歐洲伊比利半島 (B)非洲喀拉哈里盆地 (C)南美洲拉布拉他平原 (D)北美洲密士失必三角洲,xuece-soc-108-28
學測社會,xuece-soc,108,29,地理,產業區位（紡織）,A,R,S5,T6,G8,美國工資高，要靠自動化生產克服,2018 年美國與中國貿易爭端成形，某財經雜誌以「美國製造，臺灣紡織業者看 見藍海」為題，闡述此時正是臺灣紡織業者從中國撤資前往美國投資設廠生產的 新契機。臺灣紡織業者若欲前往美國設廠，可利用下列哪項生產方式的轉變，以 克服美國勞力成本較高的不利因素？ (A)自動化生產的精進 (B)即時與彈性的生產 (C)有效率轉包與代工 (D)空間分工鏈的重組,xuece-soc-108-29
學測社會,xuece-soc,108,30,地理,數值地形模型,C,D,S2,T5,G3,對照數值地形與剖面，找高度變化相符的路線,圖2 為某一地區的數值地形模型（DEM），圖3 是該地區某一道路由左至右的高 度剖面示意圖。圖2 中哪條田野調查路線最符合圖3 的道路地形變化？ 40 35 30 25 20 15 10 5 1 0.5 30 30 20 20 35 25 20 20 10 0.5 甲 20 20 30 40 50 40 30 20 10 0.5 20 10 30 40 40 40 35 25 15 0.5 乙 20 10 20 30 35 30 30 20 10 0.5 丙 25 10 10,xuece-soc-108-30
學測社會,xuece-soc,108,31,地理,研究假說（休閒農業）,B,D,S3,T4,G1,熱門區集中在都市周邊：易達性高較有潛力,某同學擬定一探究計畫，題目為「臺灣休閒農業區設置空間特性之探討。」在蒐 集資料的過程中，根據某學者所繪製之臺灣休 閒農業區發展熱門區域的空間分布圖（圖4）建 休閒農業發展熱門區域 立假說。下列哪個假說最為合理？ (A)易達性高地區較具發展休閒農業區潛力 (B)原住民鄉鎮區較具發展休閒農業區潛力 (C)休閒農業主要沿著臺三線公路兩側發展 (D)休閒農業區主要透過傳統茶業產區轉型 圖4,xuece-soc-108-31
學測社會,xuece-soc,108,32,地理,經緯度估算面積,D,D,S3,T5,G6,以經緯度換算長寬，估算面積,婆羅洲島約介於北緯7 度到南緯4 度，東經109 度至119 度之間（圖5）。根據 經緯度推算，婆羅洲島的面積大約是多少平方公里？ (A)5萬 (B)20萬 馬來西亞 6°N （沙巴） (C)40萬 汶萊 (D)75萬 馬來西亞 （沙勞越） 3°N 0° 婆羅洲 印尼 （加里曼丹） 3°S 111°E 114°E 117°E 圖5,xuece-soc-108-32
學測社會,xuece-soc,108,33,地理,季風與海岸,D,R,S3,T3,G1,9 月與 2 月海岸線不同，是季風交替造成,圖6（左）海岸線9 月、2 月不同，導致這種變化最主要的原因為何？ (A)洋流變化 (B)颱風侵襲 (C)潮汐漲退 (D)季風交替,xuece-soc-108-33
學測社會,xuece-soc,108,34,地理,火山地形,C,R,S3,T5,G1,島嶼有火山地形，可見溫泉與硫氣孔,下列何種景觀最可能出現於該島嶼？ (A)海岸裙礁 (B)石灰岩溶洞 (C)溫泉與硫氣孔 (D)玄武岩柱狀節理,xuece-soc-108-34
學測社會,xuece-soc,108,35,地理,地形判讀（觀日）,C,D,S3,T5,G1,觀日出要找東側、高處且視野開闊的地點,如果要在該島嶼上設置可觀賞日出第一道曙光的觀景台，圖6（右）中何地最 適合？ (A)甲 (B)乙 (C)丙 (D)丁,xuece-soc-108-35
學測社會,xuece-soc,108,36,地理,中國水資源,A,D,S2,T5,G2,南水北調：由水多的南部調往北部,中國因水資源分布不均而推動跨區調水工程，該工程主要由哪個水資源分區調 水到另一個水資源分區？ (A)甲→乙 (B)甲→丁 (C)乙→丙 (D)乙→丁,xuece-soc-108-36
學測社會,xuece-soc,108,37,地理,中國西北農業,D,D,S2,T5,G2,乾燥少雨但有灌溉水源：西北諸河區,加工用番茄的理想栽培環境是：生長期日照時數長，晝夜溫差大，氣候乾燥少雨 但灌溉用水充足。某食品加工企業在選擇生產番茄汁的設廠區位時，以哪個水資 源分區最佳？ (D)丁 (A)甲 (B)乙 (C)丙,xuece-soc-108-37
學測社會,xuece-soc,108,38,地理,生態服務,A,E,S1,T4,G8,蚵棚可固碳、增加生物多樣性,養蚵產業除可淨化海水、穩定海岸外，還具有哪些「生態服務」的價值？ 甲、固碳 乙、防止地層下陷 丙、增加生物多樣性 丁、有利濕地植物群聚 戊、吸引洄游魚類產卵 (A)甲丙 (B)乙丁 (C)乙戊 (D)丙丁,xuece-soc-108-38
學測社會,xuece-soc,108,39,公民,地方公投,D,E,S1,T2,C3,公投雖未成立，但展現了民主審議的歷程,上述開發案引發的公投案發展，下列詮釋何者最適當？ (A)該公投案未能成立，係因屬重大預算案，依法由議會審議並不適用公投法 (B)該公投案未能成立，反映出人民主權的精神在地方層級議題較不容易實踐 (C)公投案雖未能成立，但已證明透過直接民主制度解決土地政策爭議的必要 (D)公投案雖未能成立，但已顯現民主審議的歷程、精神以及可能面對的困境,xuece-soc-108-39
學測社會,xuece-soc,108,40,歷史,荷蘭東部探金,A,R,S1,T1,H1,荷蘭人越過山脈到東部，是為了探金,根據題文資訊及歷史知識推論，該史料最可能描述的是： (A)荷人至東臺灣探金與原住民引發衝突 (B)明鄭時期屯墾時和大肚王國發生衝突 (C)清福建水師提督到東部追擊海盜蔡牽 (D)日本警察與阿美族衝突的七腳川事件,xuece-soc-108-40
學測社會,xuece-soc,108,41,歷史,原住民村社,A,D,S1,T4,H2,以米飯款待，推知有稻作農業,從史料內容可看出當時「村社」社會的哪一特徵？ (A)某些村社應已經發展出稻作農業 (B)部分村社間已建立軍事同盟組織 (C)不同村社間已有穩定的貿易關係 (D)村社的土地制度屬於部落共有制,xuece-soc-108-41
學測社會,xuece-soc,108,42,歷史,英國宗教改革,C,R,S1,T1,H1,英王關閉修道院、沒收教產：十六世紀宗教改革,依據題文資訊，上述事件最可能發生於何時？ (A)十三世紀約翰王簽署大憲章，重新確認國王與貴族的關係 (B)十五世紀百年戰爭後，英王放棄在法國權力轉而注重內政 (C)十六世紀宗教改革時，英王欲排除羅馬公教在英國的勢力 (D)十七世紀時英王迫害清教徒，許多清教徒流亡北美洲地區,xuece-soc-108-42
學測社會,xuece-soc,108,43,公民,財產權,D,E,S1,T2,C7,依所有權社會化，徵收須為公益且必要,如果依據現代法律保障財產權的理念，評論該時期英國國王沒收財產的事件，下 列評論何者最適當？ (A)財產權的保障對象為自然人，教會非屬自然人，不是財產權的保障對象 (B)英王沒收教會財產，此沒收行為讓英王與教會構成債權債務之法律關係 (C)基於物權法定主義原則，若國家制定法律，英王可以合法沒收教會財產 (D)依所有權社會化原則，英王須為公益目的且必要時，才可取得教會財產,xuece-soc-108-43
學測社會,xuece-soc,108,44,地理,華北缺水,B,R,S1,T6,G5,北京地區的環境限制是淡水不足,該首都及其附近地區在現代經濟發展中，必需克服的環境限制為何？ (A)礦物原料短缺 (B)淡水資源不足 (C)冬夏溫差劇烈 (D)土壤退化嚴重,xuece-soc-108-44
學測社會,xuece-soc,108,45,歷史,漕運與海運,D,R,S1,T3,H1,十九世紀後期海運取代漕運,十九世紀下半葉，「雲帆可轉東吳粳」的情況則有大幅改變，造成此一改變的最 主要原因為何？ (A)美洲作物引進 (B)鐵路運輸興起 (C)捻亂破壞航路 (D)海運取代漕運,xuece-soc-108-45
學測社會,xuece-soc,108,46,歷史,關島（美西戰爭）,A,R,S1,T1,H1,西班牙大帆船、美西戰爭、美軍基地：關島,該島嶼最可能是： (A)關島 (B)琉球 (C)硫磺島 (D)夏威夷島,xuece-soc-108-46
學測社會,xuece-soc,108,47,地理,亞太國際組織,C,R,S3,T7,G1,周邊國家多屬 APEC 與東協,該島控制空域的周邊國家，大多是哪兩個國際組織的成員國？ 甲、OPEC（石油輸出國家組織） 乙、APEC（亞太經濟合作會議） 丙、OAS（美洲國家組織） 丁、ASEAN（東南亞國家協會） (A)甲乙 (B)甲丙 (C)乙丁 (D)丙丁,xuece-soc-108-47
學測社會,xuece-soc,108,48,地理,鹹海（中亞）,A,D,S2,T5,G3,鹹海位於中亞乾燥氣候區,某一湖泊原是世界第四大湖，1960 年代前後，人們開始從注入該湖泊的兩條河 川取水，在兩岸地區發展灌溉，栽培棉花和稻米等農作物，造成入湖河水大幅減 少，不僅導致湖泊水位降低，且趨近乾涸，也在該湖泊周圍地區引發嚴重的環境 生態問題。該湖泊位於圖中哪個地點代表的氣候區？ (A)甲 (B)乙 (C)丙 (D)丁,xuece-soc-108-48
學測社會,xuece-soc,108,49,地理,氣候圖（維也納）,B,D,S2,T5,G3,維也納屬溫帶大陸性氣候,十九、二十世紀之交，某帝國首都中的猶太族裔在以下幾個行業占絕對優勢，例 如有七成的金融家、六成的律師和醫生以及五成的記者屬於猶太族裔。該首都最 可能位於圖中哪個地點代表的氣候區？ (A)甲 (B)乙 (C)丙 (D)丁,xuece-soc-108-49
學測社會,xuece-soc,108,50,歷史,西屬美洲貿易,C,D,S2,T5,H5,西屬美洲港口（巴拿馬）屬熱帶氣候,十八世紀上半期，一位旅行者描述一地：氣候土壤不佳，平時杳無人煙，但每年有 一段時間有大量船隻湧入，水手用船帆在港口旁廣場搭起帳棚，保護卸下的貨物； 各由上百隻騾組成的商隊運來一箱箱的金銀；一些小船載滿當地生產的可可、羊駝 毛、金雞納樹皮等商品前來販售。此地最可能位於圖中哪個地點代表的氣候區？ (A)甲 (B)乙 (C)丙 (D)丁,xuece-soc-108-50
學測社會,xuece-soc,108,51,歷史,清初傳教士測繪,A,R,S1,T7,H8,清初協助測繪的是法國耶穌會士,協助清朝官員繪製地圖的傳教士最可能是： (A)法國的耶穌會教士 (B)英國的長老會教士 (C)荷蘭的喀爾文教士 (D)俄羅斯的東正教士,xuece-soc-108-51
學測社會,xuece-soc,108,52,地理,季風時節,C,R,S1,T6,G3,五月出海要注意東南季風興起,皇帝下令：「走海時，著伊等謹慎看好天色時節行走，不必急了。」主要是因為 當時節的天候環境有何特色？ (A)潮差變化不定 (B)雷暴雨日數多 (C)東南季風興起 (D)沿岸涼流強勁,xuece-soc-108-52
學測社會,xuece-soc,108,53,地理,地圖繪製證據,D,D,S1,T2,G4,度數用阿拉伯數字，是西方傳教士的痕跡,論者認為：《皇輿全覽圖》係由傳教士執筆繪製。題文中哪項資料可支持此論點？ (A)全圖使用墨色硬筆繪製 (B)山川城鎮符號基本一致 (C)以府為基本的量算單位 (D)度數用阿拉伯數字標記,xuece-soc-108-53
學測社會,xuece-soc,108,54,歷史,大員港（荷蘭）,A,R,S1,T1,H1,荷蘭東印度公司在臺灣的港口是大員（安平）,依據題文資訊，「甲」港的今名最可能是下列何者？ (A)安平 (B)馬尼拉 (C)麻六甲 (D)雅加達,xuece-soc-108-54
學測社會,xuece-soc,108,55,公民,比較利益與剩餘,D,R,S1,T2,C4,各地出口具比較利益的商品，進口方的消費者剩餘增加,關於題文中三地貿易的敘述以下何者正確？ (A)日本的絲綢市場價格低於廈門 (B)廈門在生產砂糖上具有比較利益 (C)廈門生產鹿肉的機會成本較低 (D)日本鹿皮市場的消費者剩餘增加,xuece-soc-108-55
學測社會,xuece-soc,108,56,公民,選舉制度與代表性,B,D,S2,T5,C5,得票率與席次落差大，民意未被有效反映,依據表4 的選舉結果，關於該國選舉制度的問題，下列哪一個評論最適當？ (A)得票率愈低的小黨，愈難以在國會取得席次 (B)得票率和席次出現落差，民意未獲有效反映 (C)選舉規則有利於大黨，易產生一黨獨大現象 (D)主張獨立的激進政黨，較易在國會取得席次,xuece-soc-108-56
學測社會,xuece-soc,108,57,歷史,英國聯合王國形成,C,K,S1,T1,H1,英國由聯合法組成聯合王國,題文中該君主立憲國家由不同政治實體組成，其組成的主要依據為何？ (A)1215年的大憲章（The Great Charter） (B)1648年的西發里亞和約（Peace of Westphalia） (C)1535、1707、1800年的聯合法（Acts of Union） (D)1919年的凡爾賽和約（Treaty of Versailles）,xuece-soc-108-57
學測社會,xuece-soc,108,58,地理,英國都市,B,D,S1,T5,G4,溫和濕潤、工業革命遺址、足球：英國曼徹斯特,根據下列四個都市景觀的描述判斷，哪個都市最可能出現在該君主立憲政體？ 甲、氣候夏熱冬寒，年降水量850mm 左右，夏雨較多。是世界傳統汽車中心， 近年因汽車工業衰退，都市人口大幅外流。主場設於本市的職業球隊以活塞 籃球隊和紅翼冰球隊最有名。 乙、終年溫和濕潤，無明顯乾季，年降水量為800mm 左右，降水時間長，降水 強度小。市區內有許多工業革命遺址改造成的歷史博物館，足球是該市文化 的重要部分，有兩個著名的足球會設於本市。 丙、冬夏的溫差很大，年降水量1100mm 左右，乾溼,xuece-soc-108-58
學測社會,xuece-soc,108,59,公民,社會運動轉型,A,E,S1,T2,C3,由街頭抗爭轉型為參選的政黨,關於該國分離主義運動的屬性與發展，下列哪項詮釋最適當？ (A)從體制外非法的社會運動，轉為競爭議席以實現政治主張的合法參與 (B)從非政府組織推動的體制外抗爭，轉變為與政府組織合作的公民參與 (C)從體制外非法的社會運動，轉變為公民團體推動公投的直接民主訴求 (D)從非政府組織推動的體制外抗爭，轉型為取得國家執政權的主流政黨,xuece-soc-108-59
學測社會,xuece-soc,108,60,歷史,宋代南海貿易,D,D,S1,T4,H2,由進出口商品判斷：輸出手工業品、進口原物料,若僅以題文中有關宋代「南海貿易體系」的敘述作為推論依據，可直接由上述資 料獲得下列哪項結論？ (A)原產於真臘、占城，耐旱早熟的占城稻，至宋代才傳入中國 (B)南海貿易商船多在夏季從中國出發，冬季從東南亞返回中國 (C)中國的經濟重心南移和造船技術進步是南海貿易發展的基礎 (D)宋代南海貿易以中國輸出手工業商品、進口原物料商品為主,xuece-soc-108-60
學測社會,xuece-soc,108,61,地理,產業區位移轉,C,R,S5,T2,G8,臺商到柬埔寨設廠是產業區位移轉,題文指出的臺灣相關產業陸續到柬埔寨投資設廠，最適合用下列哪一概念解釋？ (A)絕對利益 (B)工業慣性 (C)區位移轉 (D)工業連鎖,xuece-soc-108-61
學測社會,xuece-soc,108,62,公民,國際組織（UNICEF）,B,R,S1,T7,C3,協助柬埔寨重建的是聯合國，找其所屬機構的工作,下列何者是題文資訊提及之國際組織所致力的主要工作之一？ (A)推動東南亞國家的區域整合 (B)通過並推動《兒童權利公約》 (C)建立各國貿易爭端解決機制 (D)促進亞洲地區社會經濟成長,xuece-soc-108-62
學測社會,xuece-soc,108,63,公民,GDP 計算,D,R,S1,T2,C4,臺商投資是當年的經濟活動，計入 GDP,若根據支出面計算GDP，則題文中發生的各項政治經濟活動，理論上何者會對 柬埔寨該年度的GDP 上升有直接的影響？ (A)1992年遭國際組織接手管理 (B)《諸蕃志》所載的販售活動 (C)1953年脫離法國的獨立運動 (D)二十世紀末臺商的經濟行為,xuece-soc-108-63
學測社會,xuece-soc,108,64,地理,歐洲氣候區,C,D,S3,T5,G1,革命集中在西歐、中歐：溫帶海洋性與大陸性氣候區,歐洲的氣候大致可區分為溫帶海洋性、溫帶地中海型、溫帶大陸性、高地、副極 地大陸性、苔原等六個氣候區。1848 年至1849 年發生的系列武裝革命運動，主 要集中於哪兩個氣候區？ (A)溫帶海洋性氣候區、高地氣候區 (B)溫帶大陸性氣候區、副極地大陸性氣候區 (C)溫帶地中海型氣候區、溫帶大陸性氣候區 (D)溫帶海洋性氣候區、溫帶地中海型氣候區,xuece-soc-108-64
學測社會,xuece-soc,108,65,歷史,1848 年革命,D,R,S3,T3,H7,1848 年革命的民族主義影響德、義統一,下列歷史事件中何者深受該系列武裝革命運動的影響？ (A)宗教改革的風潮向北歐轉移 (B)工業革命漸向歐陸各國擴散 (C)殖民擴張成為各國首要目標 (D)德國、義大利完成國家統一,xuece-soc-108-65
學測社會,xuece-soc,108,66,歷史,法國二月革命,B,R,S1,T1,H1,法國二月革命建立共和、擴大選舉權,在這波革命浪潮中，某國因此產生民選元首，且擴大成年男子的選舉權。雖然該 國革命最後以失敗告終，但對歐洲的影響卻甚為深遠。請問，下列敘述何者最能 詮釋該國革命的性質？ (A)以抗拒君主世襲與專制政治體制為目標的公民不服從 (B)以建立人民主權與民主共和體制作為目標的抗爭行動 (C)以推翻資產階級壟斷國家權力利益為目標的勞工革命 (D)以改變君權、神權和專制共生體制為目標的政治維新,xuece-soc-108-66
學測社會,xuece-soc,108,67,地理,血緣聚落,D,D,S4,T5,G7,由對聯判斷宗族色彩最濃的聚落,哪座廟宇的所在地，早期血緣聚落色彩最為濃厚？ (A)甲 (B)乙 (C)丙 (D)丁,xuece-soc-108-67
學測社會,xuece-soc,108,68,歷史,漳州移民信仰,B,D,S4,T1,H3,「漳邑分靈」表示移民來自漳州,從廟宇的主祀神判斷，哪座廟宇所在聚落的清代漢移民，主要來自福建漳州府？ (A)甲 (B)乙 (C)丙 (D)丁,xuece-soc-108-68
學測社會,xuece-soc,108,69,歷史,傳統國家觀,A,D,S4,T2,H3,「忠紓國難」強調人民對國家的義務,歷史傳統上常常將國家概念與王權或天下連結，並強調人民對國家的義務。下列 四座廟宇中，哪座廟宇的門柱對聯最能顯示此種傳統的國家與人民關係？ (A)甲 (B)乙 (C)丙 (D)丁,xuece-soc-108-69
學測社會,xuece-soc,108,70,地理,景觀帶（北非）,C,R,S1,T5,G4,麥田、葡萄、橄欖：地中海型的溫帶灌木林景觀帶,該地區最可能位於哪一自然景觀帶？ (A)熱帶莽原景觀帶 (B)溫帶常綠林景觀帶 (C)溫帶灌木林景觀帶 (D)溫帶落葉林景觀帶,xuece-soc-108-70
學測社會,xuece-soc,108,71,歷史,北非殖民,D,R,S1,T1,H1,北非曾受法、西、義殖民,該地區農業和市區景觀具有濃厚歐洲色彩，主要和哪些國家的殖民經驗有關？ (A)英國、荷蘭、義大利 (B)荷蘭、德國、西班牙 (C)英國、法國、比利時 (D)法國、西班牙、義大利,xuece-soc-108-71
學測社會,xuece-soc,108,72,公民,性別角色分工,C,E,S1,T2,C7,咖啡館只見男性：男主外、女主內的分工,根據遊記中描述的咖啡館圖像，下列敘述何者最能說明其背後隱含的性別化意涵？ (A)女子從父、從夫的性別角色行為 (B)女子無才便是德的性別角色期待 (C)男主外、女主內的性別角色分工 (D)男陽剛、女陰柔的性別角色氣質,xuece-soc-108-72
學測社會,xuece-soc,109,1,公民,結社參與,C,E,S5,T2,C6,社團接受企業捐助時要注意其立場，維持公共性,王老師任教於濱海小鎮，發現常有不肖業者傾倒廢土，破壞生態環境，導致潮間 帶紅樹林逐年萎縮，因而集結在地人士組織社團，宣揚保育理念，避免紅樹林進 一步流失。關於王老師透過結社參與公共事務的行動，下列敘述何者為正確？ (A)成立社團後，應儘速向政府立案，否則會成為非法組織 (B)該社團若接受行政機關補助，將無法維持角色的中立性 (C)社團可接受企業捐助擴充資源，但應注意企業環保立場 (D)王老師應拒絕親友加入社團，以避免違背社團之公共性,xuece-soc-109-1
學測社會,xuece-soc,109,2,公民,WTO 爭端解決,C,K,S5,T7,C4,裁決國際貿易爭端的是世界貿易組織,位於環太平洋區域的甲國，長期向乙國輸出太陽能電池板，但近年遭乙國徵收 高額的反傾銷關稅。甲國因而向丙提出申訴，最後獲得丙的裁決，允許甲國對 乙國輸入該國的商品加徵關稅。依據題文資訊，丙最可能是下列何者？ (A)聯合國 (B)世界銀行 (C)世界貿易組織 (D)亞太經濟合作會議,xuece-soc-109-2
學測社會,xuece-soc,109,3,公民,倡議與立法,A,D,S2,T4,C5,三筆都是民間團體推動立法：利益團體與公共政策,小芳為完成一項課堂報告，整理多筆資料，表1 是其中三筆： 表1 編號 倡議者 相關法律 倡議期間 車禍受難者救援協會 強制汽車責任保險法 1 1988-1996 兒童福利聯盟文教基金會 兒童及少年福利法 2 2001-2003 民間司法改革委員會 法律扶助法 3 2001-2003 依據表中訊息，下列何者最可能是報告的主題？ (A)我國利益團體與公共政策制訂 (B)我國弱勢群體保障的立法案例 (C)我國立法院的職權與立法程序 (D)我國民間團體與司法制度改革,xuece-soc-109-3
學測社會,xuece-soc,109,4,公民,婚姻自主（送分）,無答案,E,S5,T0,C2,本題送分：現行民法已無父母代訂婚約的效力,民國初年新文化運動時期，曾有19 歲大學生某甲寫信回家，表示自己與班上 同齡女同學談戀愛，要求取消父母早已為他訂下的親事。信中還說：儘管大部 分人都接受父母之命的婚姻，但自己要和傳統勢力戰鬥到底。如果甲身處現在 的臺灣，當甲向律師諮詢時，下列何者最可能是律師的回答？ (A)如甲與女同學已辦理結婚登記，甲之婚姻未經父母同意無法生效 (B)基於親權，父母之命的婚姻無須登記即有效，但甲成年後可撤銷 (C)甲的年紀未滿二十歲，因為他尚未成年，依民法不能與他人結婚 (D)甲可與由父母代,xuece-soc-109-4
學測社會,xuece-soc,109,5,公民,刑事偵查程序,C,E,S5,T7,C2,檢察官負客觀義務，對被告有利的證據也要考慮,甲涉嫌殺人，由乙負責指揮偵查。甲欲委任丙擔任甲的辯護人。偵查過程中， 乙發現甲罪嫌重大，且有與他人串供之嫌。下列關於本案所涉及之刑事審查程 序的敘述，何者正確？ (A)丙如果發現甲罪證確鑿，應拒絕替甲辯護才可維護正義最後防線 (B)乙之任務為協助國家打擊犯罪，甲罪嫌重大應由乙直接加以羈押 (C)乙事後如發現對甲有利證據，仍應參考這些證據，決定是否起訴 (D)丙應該促成甲在法庭上認罪，讓乙輕判甲，避免甲被乙判處死刑,xuece-soc-109-5
學測社會,xuece-soc,109,6,公民,自治條例與罰鍰,D,E,S5,T2,C2,救援費用是對特定服務收費，屬規費收入,近年來臺灣登山人口增加，山難事件時有所聞，常需內政部空勤總隊出動直升 機搜救。許多縣市政府公告登山活動自治管理條例，未依原登山計畫而改變活 動路線或範圍，因此發生事故者，除應繳交相關救援費用外，還應繳交罰鍰。 題文涉及的政府支出與收入之計算，以下敘述何者正確？ (A)政府出動直升機的費用計入投資性支出 (B)政府購置直升機的經費計入移轉性支出 (C)登山客所繳交之罰鍰費用計入賠償收入 (D)登山客所繳交之救援費用計入規費收入,xuece-soc-109-6
學測社會,xuece-soc,109,7,公民,比較利益,A,D,S2,T3,C5,弓箭手效率加倍：生產可能線在橫軸方向向外擴張,某新款遊戲中有兩種角色可以選擇，分別是勇士和弓箭手。原本小新玩一小時 遊戲，不管是只選擇勇士或只選擇弓箭手，最高可讓該角色的戰力升五級，但 一小時內也可以任意轉換角色。某日小新抽到弓箭手升級速度加倍的一小時優 惠，若以弓箭手戰力升級數為橫軸，勇士戰力升級數為縱軸，並以實線代表獲 得優惠前每一個小時的生產可能線，在其他條件不變下，下列哪一個示意圖最 適合用來顯示此優惠對小新一小時生產可能線的影響？ (A) (B) (C) (D) 勇 勇 勇 勇 士 士 士 士 戰 戰 戰 戰 ,xuece-soc-109-7
學測社會,xuece-soc,109,8,公民,審議民主,B,D,S2,T4,C5,多數人支持並願意參與公民會議：審議民主,依據上述調查結果，該國多數受訪者對於公民會議的支持態度和參與意願，與 下列哪項民主政治的理念最接近？ (A)公民的角色在於參與定期選舉的投票，決定政黨輪替並避免產生政府專制 (B)公民對公共政策進行對話討論，有助於改善代議制度並擴大參與決策機會 (C)一般公民未必瞭解公共政策，多數決亦可能流於多數暴力而傷害決策品質 (D)公共政策由公民投票決定，既可以避免菁英壟斷也是民主政治的最佳形式,xuece-soc-109-8
學測社會,xuece-soc,109,9,公民,公共政策過程,C,E,S5,T2,C1,調查民眾對政策的偏好，屬政策規劃階段,我國行政院亦經常舉行全國性的民意調查，下列哪項行政院民意調查與題文案 例所屬的政府決策過程階段最類似？ (A)民眾對當前生活品質的看法 (B)民眾對死刑相關議題的看法 (C)民眾對明年國定假期彈性放假的看法 (D)民眾對政府政策重視度與滿意度的看法,xuece-soc-109-9
學測社會,xuece-soc,109,10,公民,行政救濟時點,B,E,S5,T2,C2,學生受處分影響受教權時，校內申訴駁回後可行政爭訟,若甲想要對題文所示之各種權利侵害提出行政爭訟，以救濟其權益，依據司法 院大法官解釋意旨，甲最早可以於何時提出？ (A)學校行政單位公告，通知「游泳一百公尺」為畢業條件時 (B)甲收到記過之通知，並在校內申訴程序之申訴都遭駁回時 (C)甲因未參加游泳考試，而被行政單位通知必須參加補考時 (D)甲因未取得游泳及格證明，無法於該學期取得畢業證書時,xuece-soc-109-10
學測社會,xuece-soc,109,11,公民,信賴保護原則,A,E,S5,T2,C1,入學時沒有的規定溯及適用：信賴保護原則,根據題文，甲所提出的主張，最主要依據下列哪項行政法原則？ (A)信賴保護 (B)法律保留 (C)法律優位 (D)平等原則,xuece-soc-109-11
學測社會,xuece-soc,109,12,公民,媒體識讀,C,E,S1,T2,C4,報導只強調社會成本：新聞編製者持特定立場,從媒體識讀角度，檢視題文中所述之媒體報導內容與方向，下列詮釋何者最適當？ (A)媒體報導未能善盡查證責任，僅一味隨著輿論起舞 (B)報導內容嘩眾取寵，僅追求收視率但忽略社會責任 (C)新聞編製者持特定立場，導致新聞僅傳遞部分訊息 (D)媒體能對社會事件進行批判分析，有效實現公共性,xuece-soc-109-12
學測社會,xuece-soc,109,13,公民,政府正當性,A,R,S1,T3,C3,民眾持續抗爭：政府面臨統治與正當性危機,依據題文訊息判斷該國政治的情勢，下列推論何者最適當？ (A)該國政府面臨有效統治與政策正當性的危機 (B)該國政府的統治權力主要依賴傳統型的權威 (C)該國缺乏定期改選機制以致無法有效反映民意 (D)該國行政機關未能依法行政且文官未保持中立,xuece-soc-109-13
學測社會,xuece-soc,109,14,公民,刑罰目的,B,E,S1,T2,C2,刑罰只針對傷害他人的行為（損害原則）,小風對於刑罰的觀點，最接近下列哪一個法律意見的觀點？ (A)刑法應以維護社會傳統習俗接受的情感道德為規範目的 (B)喝酒為個人嗜好，但酒駕影響交通安全，應該加以處罰 (C)刑事處罰應對特定犯罪採取有效遏止的手段，不應濫刑 (D)應以刑罰禁止個人攝食太多甜食，以避免個人健康受損,xuece-soc-109-14
學測社會,xuece-soc,109,15,公民,赦免,B,E,S1,T2,C7,赦免應針對制度性歧視，而不是個人成就,小雲對於赦免應如何進行的主張，最適合以下列何者說明？ (A)政府作為基於法律正當程序原則，因此赦免應有立法程序 (B)赦免不應基於個人成就，而是政府應修正制度的不當歧視 (C)基於公平正義的理念，特赦之外還應由國家元首公開道歉 (D)同性戀為弱勢群體文化，故有必要立法赦免予以特別保護,xuece-soc-109-15
學測社會,xuece-soc,109,16,公民,共有物與契約,D,E,S5,T2,C2,兩人共有的書，甲擅自賣出侵害乙的所有權,關於這本小說涉及的購買和處分行為，下列敘述何者符合我國民法的規定？ (A)因為某甲與某乙的口頭約定沒有書面契約，所以雙方的契約並未成立 (B)某乙對於某甲無法主張債權請求權，但可主張某甲違反誠實信用原則 (C)某甲既然違背約定，就不再是該書的所有人，沒有轉賣這本書的權利 (D)某甲未經某乙同意即逕自賣出該本書，已經侵犯某乙對該書的所有權,xuece-soc-109-16
學測社會,xuece-soc,109,17,公民,GDP 計算（送分）,無答案,R,S5,T0,C4,本題送分：二手交易不計入 GDP,題文中涉及的經濟行為，若從支出面計算GDP，以下敘述何者正確？ (A)先後買的兩本書共增加140元的GDP (B)二手書店換購新書增加120元的GDP (C)某甲將看過的書賣出增加80元的GDP (D)所有的交易行為共增加220元的GDP,xuece-soc-109-17
學測社會,xuece-soc,109,18,歷史,伊斯蘭藝術,C,K,S4,T7,H3,禁止偶像崇拜、以花紋幾何裝飾：伊斯蘭教,圖1 是某文化圈具代表性的裝飾花紋。該文明因不 允許偶像崇拜，是以在藝術表現上不見神像或聖像， 而是以花草、文字，以及幾何圖形的重覆運用構成畫 面。此種藝術手法常見於其宗教建築或宮殿的牆面。 文中所指的最可能是下列哪個宗教的文化圈？ (A)印度教 (B)希臘正教 (C)伊斯蘭教 圖1 (D)羅馬公教,xuece-soc-109-18
學測社會,xuece-soc,109,19,歷史,漢代黃老思想,A,R,S4,T1,H3,孔子向老子請教禮儀，反映漢初崇尚黃老,漢代墓葬出土的壁畫、畫像石和畫像磚中，以「孔子見老子」作為畫像說明文 字者，數量多達七十餘件。畫像主題描繪孔子向老子行禮，請教禮儀。這類畫 像最可能反映出漢代的哪種思想脈絡或背景？ (A)崇尚黃老 (B)獨尊儒術 (C)儒道同源 (D)五德終始,xuece-soc-109-19
學測社會,xuece-soc,109,20,歷史,荷蘭殖民與蠟染,C,R,S1,T1,H1,荷蘭同時經營印尼與西非據點，輸入印尼布料,學者研究，西非某地普遍流行的蠟染花布與印尼傳統的蠟染花布圖案相似，應 當源自印尼。這種情況發生的原因最可能是： (A)該地的居民為印尼移民後裔，傳承原有文化 (B)十六世紀起，英人便掠捕印尼居民販至該地 (C)荷蘭曾在該地設有貿易據點，輸入印尼土布 (D)十九世紀時，英商將花布輸往兩地造成流行,xuece-soc-109-20
學測社會,xuece-soc,109,21,歷史,唐宋南海貿易,D,R,S1,T3,H4,阿拉伯勢力進入東南亞，帶動南海貿易結構改變,唐宋以後，南海貿易不再只是奇珍異寶的輸入，更有中國的茶葉、瓷器等商品 輸出。這個變動除了反映中國生產與經濟的發展之外，也與南海形勢的「重大 變化」有關。導致這個「重大變化」的原因最可能是： (A)南洋諸國開始盛行佛教 (B)印度人大量移民東南亞 (C)南洋諸國航海技術進步 (D)阿拉伯勢力進入東南亞,xuece-soc-109-21
學測社會,xuece-soc,109,22,歷史,香港殖民地警察,A,R,S1,T1,H1,從威海衛招募、印度籍警察：英國殖民的香港,某地的警察組成有歐籍、印度籍、華籍，以及特別從山東威海衛招募來的人員， 分別以ABCD 編號。其中印度籍警察包著頭巾，華籍警察戴著三角形竹帽，穿 綠色制服。當地孩童以「ABCD，大頭綠衣，追賊不到，吹嗶嗶！」來形容警 察。這些孩童最可能是： (A)在英國殖民統治香港時的華人小孩 (B)在德國轄下膠州灣生活的華人小孩 (C)在雅加達經商貿易的華僑家庭小孩 (D)在舊金山建造鐵路的華工家庭小孩,xuece-soc-109-22
學測社會,xuece-soc,109,23,歷史,三七五減租,A,R,S1,T3,H4,美國協助東亞土地改革，是為了防堵共產勢力,學者評論戰後臺灣三七五減租，認為：推動減租並非只是時任臺灣省主席陳誠 施政理念的落實。由於三七五減租是在中美聯合機構—中國農村復興聯合委 員會的協助下展開，所以它也可視為是美國在東亞，從日本、韓國到菲律賓，推 動的一連串土地改革之一環。亦即，土地改革是特定條件下推動的政策，其政治 性超越經濟性。就此評論來看，這位學者所強調的三七五減租之目的最可能是： (A)防堵共產勢力擴張 (B)創造土地最大效益 (C)改善臺灣產業結構 (D)避免資本主義盛行,xuece-soc-109-23
學測社會,xuece-soc,109,24,歷史,日治統計（送分）,無答案,D,S2,T0,H1,本題送分：依比率變化判斷日治時期的新舊消長,圖2 是1902-1933 年間，臺灣甲、乙兩類數量的比率變化。圖中的甲、乙分別是指： （%） 100 80 60 甲 40 乙 20 0 1902-1903 1912-1913 1922-1923 1932-1933 （年） 圖2 (A)甲：新式糖廠；乙：舊式糖廍 (B)甲：歐美洋行；乙：傳統行郊 (C)甲：新式學校；乙：傳統私塾 (D)甲：漢人街庄；乙：蕃人部落,xuece-soc-109-24
學測社會,xuece-soc,109,25,歷史,人民公社,B,R,S1,T3,H4,取消土地私有、集體化，使農民失去生產意願,中共建國後，為貫徹共產主義的理想，在1950 年代後期開始推動「集體化」 運動，即打破小農經濟的格局，取消土地私有制，在農村推動集體農場制度， 並開始將農村編組成人民公社。但這些政策並無法解決農村問題，甚至弊多於 利，演變成空前的災難，農村因飢饉而引發大量人口死亡。下列哪項原因和中 國這項集體化運動的失敗最有關係？ (A)抗美援朝戰爭爆發，農民被動員上戰場 (B)取消土地私有制，使農民失去生產意願 (C)集體農場精耕細作，傳統農民無法適應 (D)推行上山下鄉運動，導致農村人力,xuece-soc-109-25
學測社會,xuece-soc,109,26,歷史,戰爭世代,D,R,S1,T1,H1,軍國教育、召集令：戰爭期世代,相同的時代烙印往往造就了一個歷史世代，例如稱二次大戰結束後不久出生的 人為「嬰兒潮世代」，又如稱民國五○年代出生的人為「五年級」。學者研究 1920 到1930 年間出生的臺灣囝仔，他們在成長期間接受國家提供的軍國教育， 而「玉碎」（全滅）、「散華」（陣亡）、「若櫻」（年輕軍人）、「赤紙」 （召集令）等詞彙更成為他們共同的詞語。根據這些共同的詞彙及其成長年代， 最能貼切反映這個世代的稱呼是： (A)現代化世代 (B)工業化世代 (C)反傳統世代 (D)戰爭期世代,xuece-soc-109-26
學測社會,xuece-soc,109,27,歷史,國共合作,B,R,S1,T1,H1,中共讚美美國、主張聯合政府：1940 年代,某一時期，中共《新華日報》〈社論〉曾讚美「美國是自由世界的核心、民主的 守護神、專制者的敵人」，希望用民主與科學的紐帶結合中、美兩大民族。後來， 毛澤東也強調反對一黨專政，主張建立民主的聯合政府，承諾保障人民的言論、 出版、集會、結社、思想、信仰及身體等自由。發表上述言論的背景最可能是： (A) 1920年代，中國共產黨成立時的主張 (B) 1940年代，要拉攏美國，對抗國民黨 (C) 1960年代，爭取美國支持文化大革命 (D) 1970年代，會見季辛吉保證支持美國,xuece-soc-109-27
學測社會,xuece-soc,109,28,歷史,北魏均田,C,R,S1,T6,H2,均田結合戶籍清查，主要是重建編戶稅基,學者指出：北魏實行均田法的背景，第一，因戰亂的傷亡及遷徙，留下大片無 主荒田；第二，許多農民為躲避戰禍，逃離農村，流落城市，成為不事生產的 游民；第三，農民投靠大戶士族，「五十三十家方為一戶」，只向其宗主貢獻， 不必向政府納稅。均田法的實施是結合戶籍的清查及管理，透過計口授田，使 農業勞動力與耕地達到合理配合，以恢復生產，建立小農社會。根據上述，學 者認為北魏均田法實施的主要目的最可能是： (A)限制土地兼併 (B)保全士族特權 (C)重建編戶稅基 (D)推行漢化運動,xuece-soc-109-28
學測社會,xuece-soc,109,29,歷史,蘇聯計畫經濟,B,R,S4,T1,H3,1935 年美國大恐慌，關注蘇聯的計畫經濟成果,1935 年，美國《時代雜誌》以一位蘇聯礦工為封面（圖3）。 根據報導，這位礦工發明新的採煤方式，創下高出政府訂定 生產目標十幾倍的紀錄。蘇聯政府特別表揚他，以激勵國人， 並凸顯蘇聯經濟體制的優越。《時代雜誌》報導這則新聞的背 景最可能是： (A)為共同打擊法西斯主義，美國希望與蘇聯合作 (B)美國國內的經濟不景氣，關切蘇聯的經濟發展 圖3 (C)美國認為蘇聯重工業發達，欲拉攏蘇聯以制德 (D)時代雜誌立場左傾，成為蘇聯在美國的代言人,xuece-soc-109-29
學測社會,xuece-soc,109,30,歷史,宗教改革諷刺畫,B,D,S4,T1,H3,諷刺教宗、支持改革：十六世紀的日耳曼,依據你的歷史知識，此諷刺畫最可能出現於何時何地？ (A)十五世紀的義大利 (B)十六世紀的日耳曼 (C)十七世紀的西班牙 (D)十八世紀的法蘭西,xuece-soc-109-30
學測社會,xuece-soc,109,31,歷史,印刷術與宗教改革,B,R,S4,T3,H3,諷刺畫大量流傳，與印刷術盛行有關,此種諷刺文宣品的刊布與流傳，與當時哪種歷史發展的關係最為密切？ (A)方言文學流行 (B)印刷術的盛行 (C)大航海時代的來臨 (D)資本主義制度興起,xuece-soc-109-31
學測社會,xuece-soc,109,32,地理,路徑距離與區位,C,D,S3,T5,G1,依道路網的路徑距離劃設範圍，不是直線距離,地理學中的區位理論，通常假設地表為均質，以直線距離劃設空間範圍， 但在真實生活中，依規劃的需求，範圍多以路徑距離為劃設的依據。依上 所述，圖5 中有甲、乙、丙、丁四個分析結果，若咖啡店開設的重要選址 條件是「徒步300 公尺內有停車場」，下列何者最可能是距離咖啡店候選 點徒步300 公尺內的範圍？ 道路 分析結果 咖啡店候選點 圖5 (A)甲 (B)乙 (C)丙 (D)丁,xuece-soc-109-32
學測社會,xuece-soc,109,33,地理,河流地形,D,D,S4,T5,G7,河谷寬、坡度緩的中下游河段才有氾濫平原,下列四個選項為一條河流中不同河段的橫剖面示意圖。氾濫平原最常出現在哪 個橫剖面所代表的河段？ (A) (B) (C) (D),xuece-soc-109-33
學測社會,xuece-soc,109,34,地理,即時生產,D,R,S5,T6,G8,即時生產、持續創新：產品生命週期縮短,今日許多高科技電子產品的製造廠商採取先接訂單再製造的「即時生產模式」， 避免大量庫存，同時提高企業在研發與行銷上的投資，以追求產品功能或型態 樣式的持續創新，藉助媒體與網路管道的大量宣傳，推陳出新以吸引消費者購 買產品。上述研發、製造與行銷策略的採用，與下列哪項因素的關係最為密切？ (A)海外低廉的勞力降低生產成本 (B)科技產業因群聚效益日趨聚集 (C)貿易自由化與區域整合的發展 (D)市場變動與產品生命週期縮短,xuece-soc-109-34
學測社會,xuece-soc,109,35,地理,美國人口區域,C,D,S2,T5,G2,南部人口成長最多，主要族群是非裔與拉丁裔,"圖6 為美國四個區域分區圖，表3 為2010 與2018 年美國四區的人口統計表 （表內數字為人口數）。對應到美國近年來人口數量成長最多的區域，該區除 歐裔外，其他主要族群最可能為下列何者？ 表3 年分 東北 2010 2018 分區 中西 西 南 114,867,066 124,753,948 西 71,389,719 77,256,225 南 中西 66,974,749 68,308,744 500 公里 0 東北 55,380,645 56,111,079 圖6 (A)",xuece-soc-109-35
學測社會,xuece-soc,109,36,地理,沙塵暴季節,D,D,S2,T5,G2,春季發生最多：北京的沙塵暴,圖7 為1950 年代以來，中國北京某種天氣現象每月平均日數分布圖。該天氣 現象最可能為下列何者？ （日數） (A)降雪 8 (B)豪雨 6 (C)焚風 4 (D)沙塵暴 2 0 （月分） 1 2 3 4 5 6 7 8 9 10 11 12 圖7,xuece-soc-109-36
學測社會,xuece-soc,109,37,地理,人口轉型,A,R,S1,T5,G4,經濟發達、高齡化：人口轉型的低穩定階段,該產業主要的投資地區，其人口發展最可能落在人口轉型模式中的哪個階段？ (A)低穩定階段 (B)高穩定階段 N (C)早期擴張階段 (D)晚期擴張階段,xuece-soc-109-37
學測社會,xuece-soc,109,38,地理,東北亞高齡化,D,R,S1,T4,G4,經濟發達、人口多、高齡化：東北亞,該產業在下列何地最具發展潛力？ (A)西亞 (B)南亞 (C)東南亞 (D)東北亞,xuece-soc-109-38
學測社會,xuece-soc,109,39,地理,主題地圖（流域）,A,D,S3,T5,G1,依分區形狀判斷是河川流域,該指標最可能為下列何者？ (A)河川流域 (B)都市影響圈 (C)土地使用分區 (D)原住民族傳統領域 0 25 50 100 km 圖8,xuece-soc-109-39
學測社會,xuece-soc,109,40,地理,比例尺,B,D,S3,T5,G6,依行政區實際大小判斷比例尺,下列是四幅臺灣某縣級行政區域簡圖，從圖8 判斷，下列何者的比例尺標示正確？ (A) (B) N N 20 公里 5 公里 0 0 (C) (D) N N 100 公里 50 公里 0 0,xuece-soc-109-40
學測社會,xuece-soc,109,41,地理,冰河地形,A,D,S4,T5,G7,冰河兩側的深色帶狀是堆積的冰磧,圖9 位於圖面右側方框中的兩條深黑色曲線，最可能是下列何者？ (A)堆積的冰磧 (B)流動的冰水 (C)崩塌的落石 (D)磨蝕的槽溝,xuece-soc-109-41
學測社會,xuece-soc,109,42,地理,冰河湖,A,D,S3,T5,G1,冰河後退、融冰積水的低窪處會形成湖泊,假若全球暖化持續加劇，在相對較短的地形演育期間內，圖中哪些區域可能會出 現湖泊？ (A)甲、乙 (B)甲、丙 (C)乙、丁 (D)丙、丁,xuece-soc-109-42
學測社會,xuece-soc,109,43,地理,宗教分布,D,D,S3,T5,G1,依都市位置判斷宗教：伊斯蘭教的都市,圖11 中哪兩個都市的居民，其主要宗教信仰最為類似？ (A)甲乙 (B)甲戊 (C)乙丁 (D)丙戊,xuece-soc-109-43
學測社會,xuece-soc,109,44,地理,氣候圖,D,D,S2,T5,G3,依月均溫與雨量判斷氣候區,圖12 是某地的月均溫與月雨量的散布圖，該地最 月雨量（mm） 150 可能與圖11 中哪個都市位於同個氣候區內？ 十月 (A)甲 100 (B)乙 四月 一月 (C)丁 50 (D)戊 七月 0 0 10 20 30 月均溫（°C） 圖12,xuece-soc-109-44
學測社會,xuece-soc,109,45,地理,海運航線,A,R,S3,T5,G1,避開西風漂流、走最短路徑：經蘇伊士運河、巴拿馬運河,位於丁地的某跨國連鎖咖啡公司，其咖啡豆來自東非馬拉威，經由農場收成處 理後，在東非最佳深水港納卡拉裝船運往丁地。若航運路線要避開西風漂流， 且又採取最短路徑，透過圖11 判斷，該路線最可能為下列何者？ (A)蘇伊士運河地中海大西洋巴拿馬運河 (B)蘇伊士運河地中海巴拿馬運河大西洋 (C)巴拿馬運河大西洋蘇伊士運河地中海 (D)巴拿馬運河大西洋地中海蘇伊士運河,xuece-soc-109-45
學測社會,xuece-soc,109,46,公民,文化位階,B,E,S1,T2,C7,讀書人地位高：文化位階,下列哪個概念最接近題文〈神童詩〉所描述的讀書與讀書人從政之現象？ (A)次文化 (B)文化位階 (C)社會資本 (D)政治參與,xuece-soc-109-46
學測社會,xuece-soc,109,47,歷史,宋初文人政治,A,R,S1,T3,H4,宋初文人政治是為了化解武人勢力,宋初採行中央集權，提倡文人政治的目的為何？ (A)化解軍人勢力的威脅 (B)提高官僚集團的素質 (C)防止兵將帥間的猜忌 (D)節省國家軍費的支出,xuece-soc-109-47
學測社會,xuece-soc,109,48,歷史,啟蒙沙龍,D,R,S1,T1,H1,貴婦主持的知性聚會：十八世紀巴黎沙龍,上述現象最常出現於何時何地？ (A)西元前四世紀的雅典 (B)十四世紀的佛羅倫斯 (C)十六世紀的羅馬 (D)十八世紀的巴黎,xuece-soc-109-48
學測社會,xuece-soc,109,49,公民,文化形式,D,E,S1,T2,C7,參與者自視為文人雅士：文化的身分區別作用,對當時該現象展現之文化形式與特性的描述，下列敘述何者最為適當？ (A)從普遍流行情況來看，可推論其屬性為大眾文化 (B)女性藉此獲得發言權，屬多元文化權政策之發展 (C)智識菁英的普遍參與，反映出具有官方文化特色 (D)參與者形成特定認同，顯示文化具身分區別作用,xuece-soc-109-49
學測社會,xuece-soc,109,50,公民,全球化與所得分配,B,E,S1,T2,C4,富國也有窮人：平均所得提升但分配惡化,依據題文的書中引文，下列何者最接近題文所指涉的全球化現象？ (A)富裕國家的跨國公司過度擴張，支配貧國經濟 (B)國內平均所得雖提升，但所得分配卻更加惡化 (C)經濟雖快速成長，但環境資源同時遭嚴重破壞 (D)各國僅關注經濟成長，但卻忽略調和公私利益,xuece-soc-109-50
學測社會,xuece-soc,109,51,地理,美洲國家發展,C,D,S2,T5,G2,發展程度高卻貧富不均的已開發國家,表4 是甲、乙、丙、丁四個美洲國家的基本資料。依據表中資料判斷，上文所 稱發生全球化現象的國家，其發展程度最可能與下列哪個國家相同？ 表4 資料（年度） 都市化程度 死亡率 二級產業產值 HDI 指數 （2019） （2018） 占總GDP 比（2017） （2018） 國家 甲 95.4% 9.4‰ 24.1% 0.808 乙 92.0% 7.5‰ 28.1% 0.830 丙 82.5% 8.2‰ 19.1% 0.920 丁 72.7% 5.8‰ 27.7% 0.667 (,xuece-soc-109-51
學測社會,xuece-soc,109,52,地理,農業類型,C,D,S4,T5,G7,酪農業單位面積牲畜密度最高，甲烷最多,下列示意圖包括游牧業、酪農業、放牧業、混合農業等四種生產方式。針對文 中提到牲畜排放甲烷的問題，若僅考慮單位面積的經營集約程度，下列何者帶 來的暖化效應可能最大？ (A) (B) 天 牲 市 牲 農 然 畜 場 畜 家 牧 作 草 物 農 家 主要流向 主要流向 次要流向 (C) (D) 人 乳 品 牲 畜 加工廠 工 加肥廠 天 牧 然 草 乳 市 牲 市 牧 牛 場 畜 場 草 作 物 作 農 農 物 家 家 主要流向 次要流向 主要流向 次要流向,xuece-soc-109-52
學測社會,xuece-soc,109,53,公民,外部成本,C,R,S5,T3,C4,新藥降低外部成本，社會成本線下移接近廠商成本,假若畜牧業者可以免費的方式取得該藥，並且成功地讓國內所有家畜解決打嗝 的問題。從經濟學的角度出發，家畜服用新藥對於畜牧業生產面的廠商成本線 與社會成本線將造成何種影響？ (A)廠商成本線上移，接近社會成本線 (B)廠商成本線下移，接近社會成本線 (C)社會成本線下移，接近廠商成本線 (D)社會成本線上移，接近廠商成本線,xuece-soc-109-53
學測社會,xuece-soc,109,54,地理,南洋環境,D,R,S1,T6,G5,南洋島嶼是熱帶雨林環境,陳千武在參與戰爭時，最可能遭遇過下列哪種經歷？ (A)持續橫越高山相間的縱谷，勇渡河水，無懼奔流入海的長河 (B)無畏不斷吹襲而來的黃沙，頂風前行，不管是綠洲還是蜃樓 (C)緊盯草原深處的覓食獅群，匍匐前進，緊握槍枝並眼觀四方 (D)穿越一片茂密的熱帶雨林，披荊斬棘，開闢出一條林間小徑,xuece-soc-109-54
學測社會,xuece-soc,109,55,歷史,臺籍志願兵,B,R,S1,T1,H1,志願兵是皇民化時期的戰爭動員,關於當時臺籍「志願兵」的討論，下列何者正確？ (A)在志願兵實施以前，臺灣人即有服兵役的義務 (B)志願兵是皇民化運動中，戰爭動員的一種方式 (C)志願兵沒有條件限制，只要願意為國犧牲即可 (D)考量地緣及民族因素，志願兵大多被派往華北,xuece-soc-109-55
學測社會,xuece-soc,109,56,歷史,明代棉紡織,D,R,S1,T1,H1,棉紡織專業市鎮興起：明代,題文中這種生產形態，最可能出現於何時？ (A)戰國時期，男耕女織成為編戶齊民的主要生產形態 (B)魏晉時期，以布帛為貨幣，故紡織成為重要的產業 (C)宋代，為追求北方邊境和平，需不斷提供遼夏布帛 (D)明代，商業發達，產銷棉布為主的專業化市鎮興起,xuece-soc-109-56
學測社會,xuece-soc,109,57,地理,空間分工,A,E,S1,T2,G8,各地分工生產、集中加工販售：空間分工,題文中經濟活動的運作，最符合下列哪個概念？ (A)空間分工 (B)垂直整合 (C)人力資本累積 (D)城鄉供需互補,xuece-soc-109-57
學測社會,xuece-soc,109,58,歷史,明代倭寇與朝鮮,C,R,S1,T1,H1,冬季漂流、受倭寇侵擾、懂漢字：明代朝鮮士人,題文中的這位乘客最可能是下列何者？ (A)日本派到長安的遣唐使者 (B)元代到泉州的阿拉伯商人 (C)明代到中國遊歷的朝鮮士人 (D)清初到北京考試的越南士人,xuece-soc-109-58
學測社會,xuece-soc,109,59,地理,閩浙沿海環境,B,R,S1,T6,G5,閩浙沿海山多平原少，農業生產力低,當地人口常往海外移出，最可能與其具有下列哪項環境特色有關？ (A)位處缺水區，環境負載力不足 (B)山多平原少，農業生產力較低 (C)多峽灣海岸，外來船隻易停泊 (D)針葉林廣布，造船材料較豐富,xuece-soc-109-59
學測社會,xuece-soc,109,60,歷史,大航海時代地圖,C,D,S4,T1,H3,地圖已有美洲輪廓：十六世紀,根據圖13 中出現的陸塊及其形狀、大小、方位等，推論這幅世界地圖最可能 繪製於何時？ (A)八世紀，阿拉伯帝國從北非進入伊比利半島後 (B)十一世紀，羅馬天主教廷發動十字軍運動之時 (C)十六世紀，哥倫布最後一次探訪美洲新大陸後 (D)十九世紀，歐洲的列強協議瓜分非洲大陸之時,xuece-soc-109-60
學測社會,xuece-soc,109,61,地理,東地中海油氣,D,R,S3,T6,G1,東地中海沿岸國簽約，是為了油氣資源,題文提及的甲處戰略地位，最可能指的是下列何者？ (A)歐盟政治軍事勢力向東擴張的跳板 (B)控制俄羅斯出入地中海的航道扼塞 (C)北美西岸與亞洲大圓航線必經之處 (D)當地蘊藏豐富的石油與天然氣資源,xuece-soc-109-61
學測社會,xuece-soc,109,62,歷史,大西洋奴隸貿易,A,K,S1,T1,H1,巴西甘蔗園的勞工是非洲黑人奴隸,這些外來勞工主要為下列何者？ (A)非洲黑人 (B)華工 (C)歐洲罪犯 (D)北美印第安人,xuece-soc-109-62
學測社會,xuece-soc,109,63,地理,殖民地農業區位,B,R,S1,T6,G4,葡萄牙在溫帶，選擇熱帶殖民地種甘蔗,題文中的葡萄牙人選擇發展蔗糖產業之區位考量，最可能為下列何者？ (A)產地鄰近美國，加上蔗糖不耐久放，故蔗糖需快速運到市場 (B)母國地處溫帶，國內並不適合種蔗，故尋找熱帶殖民地種蔗 (C)產地水力充沛，地勢高低落差明顯，故可提供製糖電力資源 (D)母國人力不足，多投入馬鈴薯生產，故需要到海外招工種蔗,xuece-soc-109-63
學測社會,xuece-soc,109,64,歷史,郊商,B,K,S1,T1,H1,從寧波到臺灣運貨的是北郊,張三最可能委託下列哪個組織運送這批貨物？ (A)東印度公司 (B)北郊 (C)怡和洋行 (D)三井會社,xuece-soc-109-64
學測社會,xuece-soc,109,65,公民,消費者剩餘,C,R,S1,T2,C4,臺灣樟腦輸入上海，上海的消費者剩餘上升,張三的貿易行為，對上述地區的樟腦市場與布帛市場有何影響？ (A)臺灣布帛市場的消費者剩餘上升，生產者剩餘上升 (B)臺灣布帛市場的消費者剩餘下降，生產者剩餘上升 (C)上海樟腦市場的消費者剩餘上升，生產者剩餘下降 (D)上海樟腦市場的消費者剩餘下降，生產者剩餘下降,xuece-soc-109-65
學測社會,xuece-soc,109,66,地理,最近鄰分析,C,D,S3,T5,G1,依最近鄰原則，找距離艋舺最近的樟樹砍伐區,學生欲了解當時樟腦生產的事蹟，規劃實察點位。若考量最近鄰原則，下列四 張臺灣樟樹砍伐分布圖（灰底為樟樹砍伐區域）中，何者最可能包含了當時製 腦樟樹的砍伐地點？ (A) (B) 120.50°E 120.75°E 121.00°E 121.00°E 121.25°E 23.25°N 24.25°N 23.00°N 24.00°N (C) (D) 121.25°E 121.50°E 120.75°E 121.00°E 121.25°E 24.75°N 23.75°N 23.50°,xuece-soc-109-66
學測社會,xuece-soc,109,67,地理,生態農業,B,E,S1,T2,G8,友善生態且提高品質：生態農業與精緻農業,題文中的新創農業型態，較適合以下列哪兩個概念說明？ 甲、生態農業 乙、粗放農業 丙、休閒農業 丁、精緻農業 (A)甲乙 (B)甲丁 (C)乙丙 (D)丙丁,xuece-soc-109-67
學測社會,xuece-soc,109,68,公民,供需變動,B,R,S1,T3,C4,成本上升（供給上移）、需求增加更多,根據題文，以下何者最可以表現屏東紅豆由傳統產銷方式到新創品牌後，其市 場供給與需求的變動情形？ (A)供給線上移，需求線上移，且前者移動幅度大於後者 (B)供給線上移，需求線上移，且後者移動幅度大於前者 (C)供給線上移，需求線下移，且後者移動幅度大於前者 (D)供給線下移，需求線上移，且前者移動幅度大於後者,xuece-soc-109-68
學測社會,xuece-soc,109,69,歷史,萬丹社（鄭氏）,C,D,S1,T1,H1,鄭氏屯墾以「社」為名，萬丹社是其遺跡,我們一般認為「社」是指「熟番」村落，但萬丹「社」的出現，顯然提供了另 一種看法。就題文來看，萬丹社的例子最適合從下列哪一歷史脈絡來解讀？ (A)粵民開發與熟番地權的關係 (B)義民形象被塑造的演變過程 (C)鄭氏在當地開發的歷史痕跡 (D)民間信仰與地名命名之關聯,xuece-soc-109-69
學測社會,xuece-soc,109,70,歷史,荷蘭獨立,A,R,S1,T1,H1,荷蘭獨立於三十年戰爭結束時確認,依據題文資訊，低地國十七個省分分裂後，促成某些省分成立荷蘭共和國的戰 爭最可能是下列何者？ (A)三十年戰爭 (B)英法七年戰爭 (C)拿破崙戰爭 (D)普法戰爭,xuece-soc-109-70
學測社會,xuece-soc,109,71,地理,比利時語言區,D,D,S3,T5,G1,北部荷語、南部法語、東部德語,圖14 的甲、乙、丙最可能分別為下列哪種語言的分布區？ (A)法語、德語、荷語 (B)法語、荷語、德語 (C)荷語、德語、法語 (D)荷語、法語、德語,xuece-soc-109-71
學測社會,xuece-soc,109,72,公民,多黨制,A,R,S1,T4,C3,組閣談判 541 天：多黨制且沒有政黨過半,依據題文資訊判斷比利時近二十年的政黨和政府體制，下列推論何者最適當？ (A)其政黨體制為多黨制，且無任何政黨在國會席次過半 (B)其政黨體制為一大黨多小黨制，但該大黨席次未過半 (C)其政府體制為由國家元首和內閣共享行政權的混合制 (D)其政府體制為國家元首同時為最高行政首長的總統制,xuece-soc-109-72
學測社會,xuece-soc,110,1,公民,性別不平等,D,E,S5,T2,C2,名字、族譜、祭祖屬習俗，因懷孕被資遣才違反法律（工作權）,招弟因懷孕遭公司以影響工作表現為由資遣，後來她接觸到性別平等相關資 訊，才意識到自己的生命歷程中迭遭不平等的對待。例如：父親告誡她不能列 名族譜，母親說她已出嫁不能回去祭祖，而作為第一個小孩，父親取其名為 「招弟」。請問以我國現行法令來看，若她向法院或行政主管機關提出救濟， 下列主張何者最可能成立？ (A)招弟這個名字侵害她的姓名權 (B)不得列名族譜侵害了平等繼承 (C)不得回家祭祖限制了宗教自由 (D)公司將她辭退侵害了工作權利,xuece-soc-110-1
學測社會,xuece-soc,110,2,公民,集體行動與搭便車,C,R,S5,T2,C1,別人抗議就不參加：集體行動中的搭便車,某大學決定將運動場改建為停車場以增闢財源，學生認為校方犧牲學生權益而 抗議。籃球校隊的練習場地也受影響，但籃球校隊隊員因已有其他眾多學生抗 議，決定不參加行動。學生持續抗爭終於讓校方檢討改建計畫。上述事件中， 籃球隊員所做的決定對應抗爭的結果，最能呼應下列何項公民參與常遭遇的難 題？ (A)抗爭必須匯聚公民力量，但要靠有效行動策略才能促使政府改變政策 (B)要提升公民參與，須突破網路萬人喊讚但行動時僅有百人到場之困境 (C)為提升勞工權益，要思考如何確保非工會會員不能共享工會,xuece-soc-110-2
學測社會,xuece-soc,110,3,公民,公民社會,D,E,S5,T4,C8,結社增加能累積社會資本與參與技能,根據調查，某國人民近年來參與結社比例明顯成長，但整體比例仍偏低，且大 多偏向參與宗教團體與校友會。若根據公民社會促進民主政治發展的觀點，下 列何者是對該國結社參與的最適切評論？ (A)宗教不該干預政治，因此政府應對宗教團體參與政治予以限制 (B)若政府能補助與扶植該國結社團體，可有效提升人民參與比例 (C)校友會是基於參與者的畢業學校而設立，因此不能算志願結社 (D)該國近年來不僅累積社會資本，公民參與結社技能也可能提升,xuece-soc-110-3
學測社會,xuece-soc,110,4,公民,媒體功能,D,E,S5,T2,C7,評論功能要分析觀點並探討影響，而不只是報導事實,媒體「評論事實」功能是指媒體對於新聞事件會提供不同分析觀點，並可能提出 相關改善措施，以發揮媒體的公共角色。下列何種情境最能說明媒體此種角色？ (A)媒體連續揭發有毒食品並報導其對人體之傷害，引發各界關注食安議題 (B)新聞報導英國公投脫離歐盟結果，提供各區域不同年齡之投票率等資訊 (C)媒體播報土耳其政變消息並報導外交部已因此調升旅遊警示至紅色燈號 (D)媒體針對年金改革採訪立場相異團體，並探討此改革對國家人民的影響,xuece-soc-110-4
學測社會,xuece-soc,110,5,公民,親密關係民主化,D,E,S1,T2,C3,伴侶相互依賴，但仍應肯定彼此獨立自主,為減少伴侶間的分手暴力事件，有學者主張親密關係也應強調民主化，即是將 公共事務中強調的平等溝通、自由表達個人意志等原則，同樣適用於親密關係 的情愛互動中。下列何項敘述最符合前述主張？ (A)國家應針對伴侶間的互動關係，廣泛與民溝通制訂更明確之規範 (B)在私領域親密關係互動中有爭議時，應遵循少數服從多數之原則 (C)親密伴侶雙方應學習達成意見一致，才能避免輕易選擇結束關係 (D)情愛關係強調相互依賴，但依賴中仍應肯定彼此具備獨立自主性,xuece-soc-110-5
學測社會,xuece-soc,110,6,公民,民主理論,A,E,S1,T2,C3,公民會議重視對話討論：審議式民主,公民與社會課堂中老師介紹幾種民主理論如下： 甲：多數決無法顧及公共政策品質，重視決策過程的對話與討論才能提升決策 品質。 乙：人人都具有理性且平等，因此應讓所有人積極參與政治並藉此培養德行。 丙：人人參與政治在實務上有困難，因此應將政府決策權力交給專業政治人 物。 丁：利益團體是民主政治的主角，應由各團體競爭爭取選票，以獲得決策權力。 政府與民間團體針對較具爭議性的公共議題，近年來曾舉辦過多次公民會議。 此做法與上述何者最為接近？ (A)甲 (B)乙 (C)丙 (D)丁,xuece-soc-110-6
學測社會,xuece-soc,110,7,公民,選舉制度與政黨體系,C,R,S0,T3,C3,由多黨轉為兩黨，主因是立委選制改為單一選區兩票制,自1990 年代民主化之後，我國立法院的政黨生態逐漸由一黨獨大制走向多黨 制，近年來則轉變為兩黨制。我國立法院政黨生態由多黨制轉變為兩黨制的最 主要原因為何？ (A)社會分歧的兩極化 (B)社會大眾厭惡小黨 (C)選舉制度的改變 (D)政府體制的調整,xuece-soc-110-7
學測社會,xuece-soc,110,8,公民,政治平等,B,E,S5,T2,C1,參選資格限於企業主管，違反政治平等,某國憲法規定，總統由人民直選，不須對國會負責。另外，該國法律規定總統 候選人若來自民營機構，必須是跨國企業經理級以上主管。請問該國上述制度 可能違反民主政治的哪一項原則？ (A)多數統治原則 (B)政治平等原則 (C)責任政治原則 (D)法治政治原則,xuece-soc-110-8
學測社會,xuece-soc,110,9,公民,消費者保護,B,E,S5,T2,C4,契約自由：店家可選擇給誰優惠,某甲在精品店買了一組咖啡杯，按標價結帳後，繼續在店中觀賞商品時，發現 另一位顧客購買同組咖啡杯，店員給予8 折優惠。甲即向店員表達不滿，認為 自己未受到公平待遇，並表示：如果沒有合理交待，他要向消保官申訴。關於 甲與精品店的這筆交易的法律評論，下列敘述何者正確？ (A)按照消費者保護法，某甲可以主張店家資訊不透明，要求解約 (B)按照契約自由原則，店家有權選擇要跟哪些顧客達成優惠交易 (C)同一商家就同一商品以不同價格販售，違反公平交易法的規定 (D)消保官若接獲申訴，應調查,xuece-soc-110-9
學測社會,xuece-soc,110,10,公民,法律保留,A,E,S5,T2,C2,罰鍰與禁止入園限制權利，須有法律授權,"某政府機關所屬某風景區內常有遊客躺臥在涼亭及走道上，妨礙其他遊客。該機 關於是公告：自即日起，不得在園中躺臥，違者處以罰鍰新台幣3,000 元，且六 個月內禁止入園。從政府機關限制人民權利的合法性界限而言，關於管理機關的 這項公告，下列敘述何者正確？ (A)管理機關公告所採取之罰鍰並禁止入園措施違反比例原則 (B)管理機關可本於管理權頒布上述措施，毋需法律另外授權 (C)公告採取的措施若有法律授權，即可符合法治原則之要求 (D)因躺臥行為可能妨礙他人自由，故該行為不應受憲法保",xuece-soc-110-10
學測社會,xuece-soc,110,11,公民,行政救濟,C,E,S5,T2,C2,不服罰單先向上級機關提起訴願,"某甲騎車遇到環保局人員實施車輛排放廢氣的路邊稽查。查驗的結果不合格。 稽查人員隨即開出一張1,500 元的罰單。甲很生氣，認為自己的車子沒有買多 久，不可能會有問題，質疑檢測儀器有誤。甲若要尋求法律救濟，應該採取下 列哪一個途徑？ (A)向司法院聲請大法官解釋 (B)向行政法院提起行政訴訟 (C)向環保局所屬的縣市政府提起訴願 (D)向地方法院提起對環保局的民事訴訟",xuece-soc-110-11
學測社會,xuece-soc,110,12,公民,無罪推定,D,E,S5,T2,C1,證據不足以證明犯罪，就應判無罪：無罪推定,就我國刑事訴訟制度而言，高等法院再經審理後做成的判決，其判決理由是在 實踐什麼原則？ (A)審檢分立 (B)罪刑法定 (C)從舊從輕 (D)無罪推定,xuece-soc-110-12
學測社會,xuece-soc,110,13,公民,三級三審,A,K,S5,T2,C2,刑事案件三級三審；最高法院是法律審,就我國刑事訴訟制度而言，關於本案經過的審判歷程，下列敘述何者正確？ (A)基於保障被告人權，訴訟程序是依三級三審制進行 (B)被害人對於高等法院的無罪判決不服可以提起上訴 (C)最高法院可以自行調查證據，就本案做成終局判決 (D)最高法院因對事實認定與高等法院不同而撤銷發回,xuece-soc-110-13
學測社會,xuece-soc,110,14,公民,企業才能,C,R,S5,T2,C1,轉型觀光工廠發揮的是企業才能,根據題文，廠商往觀光工廠轉型最能夠發揮的要素為下列何者？ (A)政府效能 (B)人力資本 (C)企業才能 (D)社會資本,xuece-soc-110-14
學測社會,xuece-soc,110,15,公民,機會成本,D,R,S5,T2,C4,在歇業與轉型之間比較機會成本,廠商在歇業與轉型兩者之間選擇，其最可能考量的依據為下列何者？ (A)生產數量是否已達到市場均衡 (B)生產技術能否解決外部性問題 (C)品牌可否獲得智慧財產權保護 (D)歇業與轉型何者機會成本較大,xuece-soc-110-15
學測社會,xuece-soc,110,16,公民,立法委員職權,B,R,S5,T7,C2,修法、立法是立委，立委可提出總統罷免案,依題文判斷，小麗當選的公職最可能擁有下列何項職權？ (A)提出當地縣市的總預算案 (B)提出總統、副總統罷免案 (C)解決縣市之間的事權爭議 (D)審理總統、副總統彈劾案,xuece-soc-110-16
學測社會,xuece-soc,110,17,公民,排放權交易,B,R,S5,T3,C4,汙染防治成本比預估低，排放權需求減少、價格下降,在廠商可以交易廢水排放權的情況下，若交易價格持續下降，其原因最可能為 下列何者？ (A)由政府首輪拍賣出去的廢水排放權數量過少 (B)水汙染防治比原先政府估計的成本低且容易 (C)社會大眾抗議汙染導致排放權交易不夠熱絡 (D)能夠透過出售排放權而獲利的廠商數量太少,xuece-soc-110-17
學測社會,xuece-soc,110,18,歷史,清代行政區劃,C,R,S0,T3,H4,清代多因民變與治安考量才增設縣廳,清廷治臺二百多年期間，多次調整臺灣地方行政區劃，其最主要的考量依據是： (A)根據自然地理的形勢，分區管理 (B)根據交通線的延伸，作線狀開發 (C)因應民變，考量治安，置縣設廳 (D)隨漢人開發，設廳以保障原住民,xuece-soc-110-18
學測社會,xuece-soc,110,19,歷史,唐代氏族志,B,R,S1,T3,H4,依官爵排序、禁止士族通婚，是要壓抑舊士族,唐太宗下令大臣修《氏族志》，欲排定各姓氏等級。編成之後，太宗不滿意， 指示重修時只需根據現在的官爵等第區分等級。修訂版將各姓氏分成九等級， 以皇室為首，外戚次之。高宗時，宰相李義府門第寒微，想與山東士族結親被 拒，乃上告高宗。唐高宗因此下令，山東士族「七姓十家不得自為婚」。唐代 修訂《氏族志》、發布「禁婚令」，最主要目的是： (A)擔憂士族通婚，聲氣相通，壟斷科舉考試晉身管道 (B)避免傳統士族透過聯姻結盟，禁婚壓抑其社會地位 (C)禁止士族近親通婚，避免造成人倫與社會關係混,xuece-soc-110-19
學測社會,xuece-soc,110,20,歷史,二戰英國配給,B,R,S1,T1,H1,配給、紐西蘭加拿大乳品、鱈魚：二戰時的英國,有人回憶：當時，食物都要配給，沒有咖啡，但有糖和紅茶。每次參加茶會， 都要自備糖和茶葉。原本商店中還有牛油和乳酪，大多來自紐西蘭或加拿大， 現在也少了。經常一個月也吃不上一斤肉，天天吃鱈魚。有一段時間，政府領 導人還提倡自己種植糧食作物，解決糧食短缺問題。這最可能是何時何地的景 象？ (A)一次世界大戰時的德國 (B)二次世界大戰時的英國 (C)文化大革命時期的中國 (D)首次石油危機時的伊朗,xuece-soc-110-20
學測社會,xuece-soc,110,21,歷史,敦煌文書,C,R,S1,T1,H1,十六國到北宋的文書、梵藏文：甘肅敦煌,二十世紀初，一名道士在某處山洞中整理文物，發現許多自十六國到北宋以前 的公私文書、大量的佛教典籍及繪畫作品。這些文件的書寫文字，除中文外， 還有梵文和藏文等。許多外國學者聞風而至，購走大量文物，至今仍存於英、 俄、法等國的國家博物館及圖書館。此山洞最可能位在： (A)山西 (B)遼寧 (C)甘肅 (D)雲南,xuece-soc-110-21
學測社會,xuece-soc,110,22,歷史,臺籍海外派遣,D,R,S1,T1,H1,派往南洋擔任軍伕軍屬：臺灣特設勤勞團,自1943 年5 月至1944 年7 月間，日本帝國與臺灣總督府動員並組織超過兩 萬名的臺灣青年，派遣至新幾内亞、菲律賓和印尼等地，擔任各種任務。這些 臺灣青年最可能是： (A)擔任突襲戰鬥任務的神風特攻隊 (B)擔任戰鬥任務的臺灣特別志願兵 (C)擔任軍機組裝工作的臺灣少年工 (D)擔任軍伕軍屬的臺灣特設勤勞團,xuece-soc-110-22
學測社會,xuece-soc,110,23,歷史,師夷長技,C,R,S1,T1,H1,研究西洋火砲輪船：師夷長技以制夷,某一時期，許多知識分子研究軍事技術，紛紛著書立說，出版了《火輪船圖說》、 《演炮圖說》、《西洋自來火銃制法》及《請仿西洋製造火藥疏》等書。這種 情況最可能反映哪種思想？ (A)嚴守夷夏之防 (B)推動全盤西化 (C)師夷長技制夷 (D)擴張軍國主義,xuece-soc-110-23
學測社會,xuece-soc,110,24,歷史,清初減稅,D,R,S1,T1,H1,雲貴廣西四川叛變平定後減稅：清聖祖平三藩,一位皇帝指示研商減稅事宜，隨即有大臣上奏：我朝前一陣子因為軍費支出甚 多，政府財政有些不足，建議暫緩減稅政策。但皇帝認為：先前雲南、貴州、 廣西、四川等省因大規模叛變，使得地方殘破不堪，田畝荒廢，財政才會短收。 現在大亂已平，人口逐漸增加，荒地也逐一開墾，國用已經充足，就應與民休 息。所以，仍決定減稅。這種情況最可能是： (A)唐太宗親征高麗等地之後 (B)宋高宗與金簽訂和約之後 (C)明成祖發動靖難之役之後 (D)清聖祖平定三藩之亂之後,xuece-soc-110-24
學測社會,xuece-soc,110,25,歷史,大陸封鎖,B,R,S1,T1,H1,禁止乙國貨物登陸歐陸：拿破崙的大陸封鎖,甲國企圖以經濟戰手段迫使乙國屈服，並保護自己的經濟發展，乃宣布禁止一 切來自乙國的貨物登陸歐洲大陸；還在其統治區內，追查乙國商人並沒收乙國 貨物，造成乙國經濟危機，引發社會動盪。但乙國尚有許多海外貿易，仍可支 撐其經濟。這種情形最可能是： (A)1651年，英國公布航海法，封鎖荷蘭貿易活動 (B)1806年，拿破崙為壓迫英國，發動對英國封鎖 (C)1917年，德國發動無限制潛艇作戰，封鎖英國 (D)1941年，美國對德國宣戰之後，封鎖德國貿易,xuece-soc-110-25
學測社會,xuece-soc,110,26,歷史,古寧頭與韓戰,C,R,S1,T3,H4,韓戰爆發、第七艦隊協防，共軍取消攻金門,1949 年10 月，共軍集中船隻對金門發動攻擊，遭守軍擊退。1950 年3 月，共 軍又集結大批兵力，用類似「萬船齊發戰術」進攻海南島，迫使當地國軍撤守； 5 月底更攻占廣東萬山群島。共軍原本預定隨後再度對金門發動攻擊，但沒有 多久就取消這項計畫。最可能的原因是： (A)共軍軍備及船隻有限，已經無法再負擔長期作戰 (B)共軍顧忌金門兵力強大，寧可保持戰果故而避戰 (C)韓戰爆發，美國宣布派遣第七艦隊協助臺灣防務 (D)臺灣實施戒嚴，共軍乃轉以心戰策略來瓦解國軍,xuece-soc-110-26
學測社會,xuece-soc,110,27,歷史,景德鎮,A,R,S1,T1,H1,千年工業城、瓷器外銷、歐洲仿製：景德鎮,十八世紀初，一位在中國傳教的法國傳教士於書信中描述，他所在的地區為群 山中的平原，人口稠密，富人甚多。此地自西元一千年左右起已是重要的工業 城，現有作坊三千座，產品不僅供應全中國，還外銷世界各地，數量驚人。這 位傳教士詳述該地產品的製作過程，使歐洲人終得仿製成功。他所描述的產業 最可能是： (A)江西景德的瓷器製作 (B)浙江杭州的絲綢製品 (C)福建福州的武夷茶葉 (D)廣東沿海的醫療藥材,xuece-soc-110-27
學測社會,xuece-soc,110,28,歷史,廣州公行,A,R,S1,T1,H1,與夷商共同議價的行規：廣州公行,1720 年，某地的商業組織制訂「行規」，部分條文內容如下：華夷商民一視同 仁，各行商應與夷商相聚一堂，共同議價，其有單獨行為者應受處罰。他處或 他省商人來省與夷商交易時，本行應與之協訂貨價，俾得賣價公道；有自行訂 定貨價或暗中購入貨物者罰。制訂這份文書者最可能是： (A)廣州公行代表 (B)鹿港行郊郊商 (C)香港殖民政府 (D)天津通商大臣,xuece-soc-110-28
學測社會,xuece-soc,110,29,歷史,人民公社,D,R,S1,T1,H1,工農學兵合一、公共食堂：1958 年人民公社,某一時期，主事者推動一項政策：將工、農、學、兵結合在一起，便於領導。 大部分人民編入組織，私人物品如鍋、盆、桌、椅都交給公家，以便共同生活、 共同生產。不分男女都要工作，兒童都送到托兒所，甚至設置食堂，免費供應 食物和必需品。原本希望建立自給自足的社會，結果卻造成工業停頓，經濟倒 退，國民生產總值大幅減少。這最可能是何種制度或組織？ (A)1853年太平天國天朝田畝制 (B)1900年山東的義和團組織 (C)1931年江西的中華蘇維埃 (D)1958年華北各地人民公社,xuece-soc-110-29
學測社會,xuece-soc,110,30,歷史,漢薩同盟,A,R,S1,T1,H1,北海與波羅的海貿易、擁有武力：漢撒同盟,倫敦泰晤士河邊的一座紀念牌說明當地曾為一個商業團體的遺址。這個商業團 體於十三世紀逐漸形成後，一直在北海與波羅的海間貿易，並沿泰晤士河、萊 茵河與窩瓦河等主要河流，進入內陸貿易，商業路線還遠達俄羅斯。這個商業 團體甚至擁有武力，在許多地方建立行政機構。這個團體最可能是： (A)德意志商人為主的漢撒同盟 (B)活躍於地中海的威尼斯商社 (C)英格蘭商人為主的布商公會 (D)經營亞洲的荷蘭東印度公司,xuece-soc-110-30
學測社會,xuece-soc,110,31,歷史,漢代徙陵,A,R,S1,T1,H1,遷徙豪富守陵、違背孝道：漢代,一位大臣向皇帝稟告：朝廷已三十多年未遷徙百姓守先帝陵墓，如今關東地區 甚多富人，富人購買良田，招貧民耕種。他建議繼續推行遷徙，讓富人搬到首 都附近的陵墓區，一方面壯大首都，衰弱王室諸侯；一方面可平均中等以下家 庭的貧富差距。此政策因地方豪強抵制，且違背朝廷推動的孝道而難以執行。 這最可能發生於： (A)重視儒術的漢代 (B)偏安江南的東晉 (C)崇尚胡風的唐代 (D)推行科舉的宋代,xuece-soc-110-31
學測社會,xuece-soc,110,32,歷史,明末傳教士見聞,A,R,S1,T1,H1,初次認識漢字與茶：十六世紀耶穌會士,某一時期，有人記錄在中國旅行的見聞：漢字不像西方文字橫排書寫，由字母 組成，而是由上而下的直排，每個字都有特定的符號，鄰近民族也都能認識。 進入中國人的家中，一定有人端上一種顏色淡紅的溫水，以一種有苦味的草製 成，有一股藥味，他們稱其為茶。這份記錄最可能出自： (A)十六世紀來華傳教的耶穌會士，開始認識中國文化 (B)十七世紀入主中國的滿洲皇族，體會北京日常生活 (C)十八世紀來華朝貢的安南貢使，走訪中國風土民情 (D)十九世紀來華經商的英國商人，看到新奇特有事物,xuece-soc-110-32
學測社會,xuece-soc,110,33,公民,隱私權（電子圍籬）,C,E,S5,T2,C1,手機定位是 GPS，劃定範圍自動告警是 GIS,在嚴重特殊傳染性肺炎（COVID-19）疫情下，自國外入境的臺灣民眾，需配 合「電子圍籬智慧監控系統」的列管，進行居家檢疫。疾管署每天會發送列管 者的手機號碼給電信業者，業者再將手機定位上傳至電子平台，當列管者離開 系統劃定的基地範圍，系統就會自動發送「告警簡訊」給當事人及第一線監控 單位。此種防疫方式主要結合下列哪些地理技術？ 甲、遙測（RS） 乙、全球定位系統（GPS） 丙、地理資訊系統（GIS） 丁、數值地形模型（DTM） (A)甲乙 (B)甲丁 (C)乙丙 (D)丙丁,xuece-soc-110-33
學測社會,xuece-soc,110,34,地理,石化工業區位,D,R,S5,T6,G8,石化原料供國內產業所需：市場區位,臺灣中油公司在高雄、臺中及新北皆設有油輪專用碼頭，以利將進口的原油運 輸至旗下石化工廠進行煉製，並生產如乙烯、丙烯、丁二烯、苯、甲苯、二甲 苯等石化原料，提供國內各產業所需。依據上述，臺灣中油公司在國內設置石 化工廠，最可能是考量下列哪個工業區位？ (A)技術 (B)勞力 (C)動力 (D)市場,xuece-soc-110-34
學測社會,xuece-soc,110,35,地理,高齡化對策,B,D,S2,T4,G2,高齡者就業比例上升：因應少子高齡化，鼓勵生育、友善托嬰,圖1 為某國2003～2015 年高齡者在所有產業的就業人數與比例變化。面對圖 中人口就業結構所隱含的人口結構議題，該國最可能採取下列哪些應對措施？ 甲、鼓勵生育 乙、延長國民教育年限 丙、提高海外移民門檻 丁、廣設友善托嬰環境 60-64歲 65歲以上 （萬人） （%） 800 16 65 歲以上的受雇者人數 13.5 700 14 12.5 在65 歲以上人口中所占比例 11.8 600 11.0 12 10.9 10.7 10.5 10.3 9.9 9.3 472 50,xuece-soc-110-35
學測社會,xuece-soc,110,36,地理,產業群聚,B,E,S5,T2,G8,改寫程式生產新產品：產業升級,彰化縣社頭鄉與鄰近的田中鎮、永靖鄉織襪廠，泛稱為社頭襪子聚落。2020 年， 該襪子聚落除了傳統的織襪外，在全球口罩強烈需求下，順勢接下百萬個「布 口罩」的外銷訂單。廠商重新設定織襪機的程式，按鍵一按，就可將布料纖維 直接做成一體成型的布口罩，為該襪子聚落帶來不少收益。上述布口罩的生產 特色，最適合以下列哪種概念說明？ (A)產業升級 (B)即時生產 (C)區位移轉 (D)工業慣性,xuece-soc-110-36
學測社會,xuece-soc,110,37,地理,黃河含沙量,A,D,S3,T5,G1,中游流經黃土高原，地質使含沙量暴增,圖2 是中國某河流沿線七個水文站的年平均含沙量資料，該河流上游含沙量與 中、下游含沙量呈現明顯差異。造成此差異可能與下列哪項因素的關係最密切？ 115 kg/m3 渤 102 kg/m3 海 980 kg/m3 62 kg/m3 1365 kg/m3 930 kg/m3 黃 海 1480 kg/m3 圖2 (A)中下游地表地質環境與上游不同 (B)中下游年平均降水量比上游較少 (C)中下游都市汙染程度比上游嚴重 (D)中下游沙塵暴發生頻率比上游高,xuece-soc-110-37
學測社會,xuece-soc,110,38,地理,地形圖比較,D,D,S3,T5,G1,截彎取直後的新左岸靠近市區，已劃為住宅區,2001 年已轉變為河流左岸地區的土地利用最可能為下列何者？ (A)養殖漁業專業區 (B)老街建築保存區 (C)火山生態保護區 (D)都市計畫住宅區,xuece-soc-110-38
學測社會,xuece-soc,110,39,地理,河流侵蝕,D,R,S3,T3,G1,河道變短、坡度變陡，侵蝕力增加,改道後的河道最可能發生下列哪種變化？ (A)河流的流量增加 (B)侵蝕基準面上移 (C)泥沙堆積量增加 (D)河流侵蝕力增加,xuece-soc-110-39
學測社會,xuece-soc,110,40,地理,澳洲自流井,B,D,S3,T5,G1,內陸古海盆、自流井：澳洲大自流盆地,圖4 中哪個地點最可能位於原為古海盆的低地區，早期多利用自噴井取水，發 展畜牧業，近年來逐漸鑿取深層地下水，卻因鹽分過高，已危及當地的畜牧業 發展？ (A)甲 (B)乙 (C)丙 (D)丁,xuece-soc-110-40
學測社會,xuece-soc,110,41,地理,洋流,B,R,S3,T2,G1,西澳洋流是涼流，和秘魯洋流相同,流經該國西部外海的洋流，其水溫性質與下列哪種洋流最為相似？ (A)黑潮 (B)秘魯洋流 (C)東澳洋流 (D)北大西洋洋流,xuece-soc-110-41
學測社會,xuece-soc,110,42,地理,人口轉型,B,R,S4,T3,G7,缺水不只是自然因素，死亡率下降使人口快速增加,郵票顯示該國面臨某項資源缺乏，其成因除自然環境因素外，最可能還與下列 何種人口因素的快速變化有關？ (A)出生率降低 (B)死亡率降低 (C)移入率增加 (D)移出率增加,xuece-soc-110-42
學測社會,xuece-soc,110,43,地理,莽原景觀,B,D,S4,T5,G7,西非草原：莽原氣候，乾濕季分明，牲畜隨季節遷徙,郵票中的草地景象為該地最主要的自然景觀，下列哪段敘述最可能代表該地居 民的生活寫照？ (A)每天午後下完雷陣雨就是一天最舒適的時候 (B)隨著乾濕季節出現牛、羊牲畜的季節性遷徙 (C)夏季炙熱乾燥，但之後就會進入陰雨的半年 (D)雖然太陽輻射強烈，但是氣候卻是相當涼爽,xuece-soc-110-43
學測社會,xuece-soc,110,44,公民,外部性,B,R,S2,T2,C5,挖角造成對其他球隊的影響：外部性,依據題文，球隊總薪資超過一定金額將被處以重罰的規定，由經濟學的角度而 言，主要是想解決下列哪個問題？ (A)相互挖角會減損每一個球隊的經濟收益 (B)過度的挖角行為會對大聯盟造成外部性 (C)頻繁挖角或轉讓會增加球隊的經營成本 (D)時常轉隊將會降低球員的人力資本累積,xuece-soc-110-44
學測社會,xuece-soc,110,45,地理,都市階層,C,R,S2,T3,G2,大都市的都市階層高、生產總值高，資金充裕,依據題文，大聯盟球隊吸引球員加盟的程度高低，最可能與美、加兩國都市體 系所具有的下列哪項特色有關？ (A)交通便利有別，大都市較具有通勤旅時較短現象 (B)人口結構不同，大都市有較高比例藍領勞工球迷 (C)都市階層不一，大都市通常擁有較高的生產總值 (D)內部結構各異，大都市內部土地利用分區較完善,xuece-soc-110-45
學測社會,xuece-soc,110,46,公民,智慧財產權,C,R,S5,T2,C1,專利使藥價高，患者買不起、交易量減少,依上所述，有關抗愛滋病毒藥物專利的智慧財產權會降低經濟效率的主要原因 為何？ (A)政府下令多家廠商加入生產行列，形成生產資源的浪費 (B)強制授權是一種政府干預，會使國際藥廠蒙受巨大損失 (C)智慧財產權使許多患者無法負擔藥價，減少市場交易數量 (D)國際大藥廠與開發中國家的矛盾擴大，消耗國際仲裁資源,xuece-soc-110-46
學測社會,xuece-soc,110,47,地理,非洲愛滋,D,D,S3,T5,G1,愛滋盛行率高的是漠南非洲,下列為四種主題的分布圖。其中哪張分布圖的國家群，因成年人罹患上文中該 疾病的比例偏高，且致死率亦高，或許也可考慮採用強制授權的做法，來降低 病患負擔？ (A) (B) (C) (D),xuece-soc-110-47
學測社會,xuece-soc,110,48,公民,需求法則,B,R,S5,T2,C4,晴天需求低，降價增加需求量,傘具店只在晴天打九折，主要是基於下列何種考量？ (A)與其他傘具店進行價格競爭，以便維持更穩定的獲利來源 (B)透過需求量與價格的負向關係，試圖增加交易量提升獲利 (C)希望透過價格的調整，避免天氣不確定所帶來的市場失靈 (D)試圖提高晴天時的市場供給，讓市場出現一個新的均衡點,xuece-soc-110-48
學測社會,xuece-soc,110,49,地理,雨日與氣候,B,R,S0,T5,G6,由經緯度判斷基隆，雨日最多,"下列是四個都市的經緯度資料，若這些都市都擁有相同數量的傘具店，在僅考 慮年雨日的變數下，其中哪個都市的店家，全年總獲利可能最佳？ (A)（23°33'47""N, 119°33'52""E） (B)（25°07'53""N, 121°44'18""E） (C)（22°38'23""N, 120°18'09""E） (D)（24°03'34""N, 120°25'54""E）",xuece-soc-110-49
學測社會,xuece-soc,110,50,歷史,伊斯蘭朝覲,B,K,S1,T7,H8,一生至少朝覲聖地一次：伊斯蘭教,文中這位朝聖者信仰的宗教最可能是： (A)印度教 (B)伊斯蘭教 (C)猶太教 (D)希臘正教,xuece-soc-110-50
學測社會,xuece-soc,110,51,歷史,蘇伊士運河,D,R,S1,T1,H1,十九世紀後的新航道：蘇伊士運河,文中提到的新航道，最可能是指下列何者？ (A)英吉利海峽 (B)麻六甲海峽 (C)巴拿馬運河 (D)蘇伊士運河,xuece-soc-110-51
學測社會,xuece-soc,110,52,地理,印度西岸,B,D,S3,T5,G1,馬拉巴海岸在印度西南岸,馬拉巴海岸最可能位在圖6 中何處？ (A)甲 (B)乙 (C)丙 (D)丁,xuece-soc-110-52
學測社會,xuece-soc,110,53,歷史,波斯帝國,A,R,S1,T1,H1,黎巴嫩、埃及、印度皆在版圖內：波斯帝國,文中某國最可能是： (A)波斯帝國 (B)羅馬帝國 (C)法蘭西王國 (D)德意志帝國,xuece-soc-110-53
學測社會,xuece-soc,110,54,地理,植被環境,D,R,S1,T6,G3,黎巴嫩山地迎西風，降水多、林木生長好,文中某國徵集木材之來源區，其林地最可能具有下列哪種環境特色？ (A)夏乾冬雨，樹叢低矮且枝幹堅韌，利於林木砍伐 (B)氣流對流旺盛，終年有雨，林木樹冠寬大且茂密 (C)位居北極圈附近，多灰化土，林木枝幹筆直高大 (D)山地攔截西風水氣，降水豐沛，利於林木的生長,xuece-soc-110-54
學測社會,xuece-soc,110,55,歷史,地名歷史,C,R,S1,T1,H1,左營（明鄭）→五結（清）→萬華（日治改名）→光復（戰後）,地名有時也帶有時代的特徵，上述引號之地名在歷史上出現的先後順序是： (A)甲乙丙丁 (B)乙丙甲丁 (C)丙丁甲乙 (D)丁甲丙乙,xuece-soc-110-55
學測社會,xuece-soc,110,56,地理,臺灣聚落防禦,C,D,S6,T5,G4,對照圖片與地圖，找倚靠矮丘的聚落,圖7 為某地矮丘群（63-356 公尺）中的洞穴景觀。矮丘群具有登高望遠的防禦 功能，下列何者即是倚賴其中一個矮丘所建立的聚落？ 圖7 (A)甲 (B)乙 (C)丙 (D)丁,xuece-soc-110-56
學測社會,xuece-soc,110,57,地理,撒赫爾,A,R,S1,T7,G4,位於印度與羅馬之間、飼養駱駝：撒赫爾一帶,該國的管轄範圍，最可能位於下列哪個地帶的部分地區？ (A)撒赫爾 (B)高加索 (C)馬其頓 (D)賽普勒斯,xuece-soc-110-57
學測社會,xuece-soc,110,58,歷史,羅馬印度貿易,C,R,S1,T1,H1,羅馬人從印度進口香料,羅馬人最可能需要何種來自印度的商品？ (A)咖啡 (B)瓷器 (C)香料 (D)茶葉,xuece-soc-110-58
學測社會,xuece-soc,110,59,地理,農業系統,A,R,S1,T2,G4,病害因低溫高濕擴散，是生產「過程」的自然要素,若以投入、過程、產出、回饋為馬鈴薯農業系統的四個環節，根據上文，最可 能是在哪個環節內的自然要素發生變化，使得晚疫病快速傳播蔓延，造成馬鈴 薯廢耕，而使整個系統運作出現崩壞現象？ (A)投入 (B)過程 (C)產出 (D)回饋,xuece-soc-110-59
學測社會,xuece-soc,110,60,歷史,愛爾蘭饑荒,A,R,S1,T3,H4,地主抽高地租，人民窮困無力買穀,依上文推論，除馬鈴薯歉收外，最可能造成愛爾蘭饑荒的主要原因是： (A)愛爾蘭地主抽取高地租，造成愛爾蘭人民窮困，無力購買高價穀物 (B)愛爾蘭人自古以來就以馬鈴薯為主食，不慣食用新引進的穀類作物 (C)愛爾蘭篤信宗教，視馬鈴薯發生疫病為天譴，情願受罰而不食穀物 (D)英國政府因愛爾蘭人民叛服無常，閣員主張嚴懲，故禁止輸入穀物,xuece-soc-110-60
學測社會,xuece-soc,110,61,歷史,西班牙殖民,D,R,S1,T1,H1,管轄墨西哥與菲律賓、曾控制北臺灣：西班牙,這個總督府屬於何國？ (A)英國 (B)荷蘭 (C)葡萄牙 (D)西班牙,xuece-soc-110-61
學測社會,xuece-soc,110,62,地理,中美洲天災,A,R,S1,T6,G5,中美洲有颶風與地震,當時傳教士在上述都督區傳教時，記錄許多當地特殊的地理現象。這些現象最 可能包括下列何者？ 甲、颶風（颱風） 乙、地震 丙、龍捲風 丁、沙塵暴 (A)甲乙 (B)甲丁 (C)乙丙 (D)丙丁,xuece-soc-110-62
學測社會,xuece-soc,110,63,公民,戒嚴時期人權,D,E,S1,T2,C6,禁歌減少可能是自我審查，人權侵害未必減少,從人權保障與法治國原則來看，關於戒嚴時期政府查禁歌曲之相關規定與現象， 下列評論何者正確？ (A)警總的查禁處分是根據政府的法律和行政命令，符合法治國原則 (B)政府查禁〈革命〉一曲違反比例原則，改採罰款手段才符合法治 (C)1970年代以後查禁歌曲改由新聞局負責，顯示已經轉向人權保障原則 (D)1980年代多數歌曲通過審查可能是自我思想審查，人權侵害未必減少,xuece-soc-110-63
學測社會,xuece-soc,110,64,公民,憲政主義,C,E,S1,T2,C3,憲政主義：保障自由才是良善政府,以憲政主義的角度詮釋題文中樂評對於「人民不需要自由」一曲的評論，下列 何者最可能是樂評所指出該首禁歌的反思批判？ (A)政府提升施政效能同時也應重視人民對生活品質的需求 (B)會以經濟成長率翻升彰顯統治萬能的政府都是威權政府 (C)能保障人民自由以維護人性尊嚴的政府才是良善的政府 (D)政府行使職權時若限制人民自由則不符合憲政主義精神,xuece-soc-110-64
學測社會,xuece-soc,110,65,歷史,流行音樂與時代,C,R,S1,T1,H1,1960 年代搖滾樂帶動反越戰風潮,某一時期，出現以流行音樂表達對現狀的不滿，甚至帶動一個充滿反抗、叛 逆、迷惘的時代精神，促使社會上形成一股改變的風潮。下列何者最符合此 種情形？ (A)1910年代，運用民間歌謠批判通俗文化 (B)1940年代，以臺語歌謠抗議太平洋戰爭 (C)1960年代，以搖滾樂曲推動反越戰運動 (D)1990年代，運用國語歌曲表達反共立場,xuece-soc-110-65
學測社會,xuece-soc,110,66,地理,都市內部結構,D,D,S3,T5,G1,音樂廳收費高，多在熱鬧的商業區,圖8 為1930 年代臺北局部地區的市況圖，圖9 為根據當時該區主要土地利 用型態，歸納簡化繪製的都市內部空間結構圖。文中提到的音樂廳，最可能 以圖9 中何處分布較多？ 建成區 水稻田 淡 北警察署 鐵道 水 圓環 河 靜修女學校 道路 水 醬油會社 圳 米國領事館 明石總督墓 圖8 圖9 (D)丁 (A)甲 (B)乙 (C)丙,xuece-soc-110-66
學測社會,xuece-soc,110,67,歷史,寺廟整理運動,B,R,S1,T1,H1,拆廟禁遶境：皇民化運動,總督府發起「寺廟整理運動」最主要的動機是： (A)要積極破除迷信 (B)推動皇民化運動 (C)要廣設國民學校 (D)改建為軍事基地,xuece-soc-110-67
學測社會,xuece-soc,110,68,公民,文化權,C,E,S1,T2,C3,政府投入資源讓地方為自己的文化發聲：文化權,有學者從分析信仰與統治間關係的角度主張：題文中媽祖遶境文化的變遷，反映 出文化權能否受保障，與實現多元文化密切相關。上述說法最可能意指為何？ (A)戰後陸續恢復的廟宇重建並且舉辦信仰活動，有助於推動臺灣多元文化 (B)寺廟整理運動是一地方文化復興政策，使統治者得以有效推動特定文化 (C)政府投注資源讓地方群體為自己文化發聲，有利不同文化之維護與傳承 (D)媽祖信仰是臺灣文化核心，無論日治或現今統治者都利用此順遂其統治,xuece-soc-110-68
學測社會,xuece-soc,110,69,地理,GIS 套疊,A,E,S1,T2,G6,點資料與面資料套疊，即可知照片在哪個行政區,依據題文，遊客操作下列哪個GIS 分析步驟能最直接得到所需資訊？ (A)套疊照片的點資料與各行政區的面資料 (B)計算照片點資料與各行政區的最近距離 (C)計算照片點位的視域範圍後，套疊各行政區的面資料 (D)照片點資料環域分析後的圖層，套疊各行政區的面資料,xuece-soc-110-69
學測社會,xuece-soc,110,70,歷史,客家分布,A,R,S1,T3,H4,客家原鄉在內陸丘陵，來臺後也往內陸集中,依上文判斷，清代臺灣客籍居民空間分布有向內陸集中的趨勢，和下列何者的 關係最密切？ (A)原鄉生活方式 (B)分類械鬥結果 (C)水圳設施分布 (D)保甲制度影響,xuece-soc-110-70
學測社會,xuece-soc,110,71,公民,地方治理,B,E,S1,T2,C7,中央、企業、地方、社區協力：地方治理,文中客委會辦理的「客家桐花祭」活動最可能是下列何種概念的具體實踐？ (A)地方自治 (B)地方治理 (C)地方分權化 (D)全球在地化,xuece-soc-110-71
學測社會,xuece-soc,110,72,地理,天氣圖,C,D,S4,T5,G7,四五月最怕滯留鋒面帶來連日降雨,舉辦桐花祭時，主辦單位最擔心可能出現下列何種天氣圖代表的天氣情況而影 響活動？ (A) (B) 996 (C) (D),xuece-soc-110-72
學測社會,xuece-soc,111,1,公民,刻板印象,B,E,S2,T4,C5,未查明困境就歸因飲食：把結構問題歸咎個人責任,某國媒體報導，該國原住民族罹患心理疾病比率、自殺率、平均壽命與全國之 比較，如表1。該報導在未詳查原住民族生活困境的情形下，即宣稱這是因為原 住民族不注重身心健 表1 康，例如偏好高脂肪、高 原住民族 全國 甜度垃圾食物所致。類 罹患心理疾病比率（%） 14.2 9.0 似此種缺乏同理與理解 自殺率（人／每十萬人） 15.7 8.8 的報導，最可能引導社 平均壽命（歲） 會大眾對原住民個人或 69.3 76.1 民族形成何種更加不利 的社會印象？ (A)原住民個人常缺少改變傳,xuece-soc-111-1
學測社會,xuece-soc,111,2,公民,極權國家,C,R,S4,T2,C3,民主國家的領袖與政黨是管理者，不是效忠對象,圖1 是某國政治宣傳的圖片，有學者指出：此圖呈現該國執政領袖、執政黨和人 民三者的關係，可清楚看出民主國家運作與該國存 有最根本的差異。請問下列何者應為該學者所指的 最根本差異？ (A)存在多黨競爭，難有全民效忠服從的政黨 (B)肯認多元認同，不易服從單一的政治領袖 (C)執政領袖和執政黨皆是國家管理人，而非效忠對象 圖1 (D)執政領袖和執政黨只是代表政府，人民應效忠政府,xuece-soc-111-2
學測社會,xuece-soc,111,3,公民,繼承與性別,B,D,S2,T5,C5,法定繼承人男女比 64:36，實際取得 72:28：遺囑自由處分造成落差,小安研究某國財產制度，蒐集該國某年遺產繼承統計資料（表2）。她推論造成 男女數據差異的成因，除與該 表2 國傳統社會觀念有關外，與其 所有法定繼承人之 法定繼承人中實際取得 性別比 遺產者之性別比 民法繼承法律的規定亦有關 男 女 男 女 聯。下列該國繼承制度所採取 的原理原則，何者與表中數據 64% 36% 72% 28% 所呈現之性別差異最為相關？ (A)民法繼承法律在繼承權利方面採取性別平權的原則 (B)准許被繼承人在生前以遺囑自由處置一定範圍財產 (C)以特定親屬繼承,xuece-soc-111-3
學測社會,xuece-soc,111,4,公民,補貼政策,B,D,S2,T3,C5,汰舊換新補助提高：更多人換車，且淘汰舊車更能改善空汙,表3 是某市府對購買新型低汙染機車， 表3 以及報廢舊機車換購新型低汙染機車 年份 新購機車補助 汰舊換新補助 （汰舊換新）的補助。若這兩年新購置 10000元 8000元 去年 機車的數量與品質皆相同，僅有政府補 6000元 10000元 今年 助金額改變，則今年相較於去年，對消 費者行為和空氣汙染的影響為何？ (A)更多人願意汰舊換新，但去年的政策比較能改善空汙 (B)更多人願意汰舊換新，且今年的政策比較能改善空汙 (C)更多人願意新購機車，且今年的政策比較能改善空汙 (,xuece-soc-111-4
學測社會,xuece-soc,111,5,歷史,人群移動史料,A,R,S1,T2,H8,族譜、護照、同鄉會名簿：人群的移動與交流,某校歷史課程進行「歷史考察」學習時，要求同學事先蒐集族譜、臺灣總督府旅 券（護照）、同鄉會名簿等史料，並進入內政部網站閱讀人口和戶口調查資料。 該「歷史考察」的主題最可能是： (A)人群的移動與交流 (B)國家的建立與形塑 (C)文化的類型與變遷 (D)宗教的起源與傳播,xuece-soc-111-5
學測社會,xuece-soc,111,6,歷史,人民史觀,C,E,S1,T2,H8,以人民為主體，找庶民的信仰生活,一位學者提到：過去歷史研究的主體，往往偏重於統治者的歷史，比較忽略人民 的歷史，其實，人民才是我們應該關心的主體。下列哪個主題最接近這位學者主 張的研究方向？ (A)鄭氏王朝在臺的屯田政策 (B)清代臺灣職官制度的演變 (C)清代臺灣沿海的王爺信仰 (D)日本在臺殖民體制的建立,xuece-soc-111-6
學測社會,xuece-soc,111,7,歷史,反貨幣思想,C,R,S1,T7,H8,反對貨幣、以實物作工作所得：共產主義,二十世紀初期，某人嚴厲抨擊貨幣的使用：「誰還需要該死的貨幣？生活意味著 食物、衣服、房子與休息，沒有貨幣這種金屬與碎紙片，我們依然可以快樂生活。 貨幣將會失去意義，政府應以實物取代貨幣，作為工作所得」。此人的論述反映 下列哪個主義的觀點？ (A)重商主義 (B)自由主義 (C)共產主義 (D)法西斯主義,xuece-soc-111-7
學測社會,xuece-soc,111,8,歷史,科舉在東亞,D,R,S1,T2,H8,在中國促進社會流動，在日韓保障特定對象：科舉,中國傳統政治制度歷經漢、唐的演變而大備，日、韓等國立國較晚，其各種制度 參酌中國者甚多，也有徒取其形式而忽略其精神的。例如：有某個制度在中國具 有公平與促進社會流動的意義，在東亞的日本、朝鮮卻成為保障特定對象的工具。 這個制度最可能是： (A)戶籍 (B)律令 (C)賦役 (D)科舉,xuece-soc-111-8
學測社會,xuece-soc,111,9,歷史,琉球首里城,D,R,S1,T1,H1,同時接待中國冊封使與薩摩藩：琉球首里城,十五至十六世紀間，某王國曾興建一座大型的宮殿，此建築物分為三部分：正殿 為國王舉行各種典禮和議政的場所；北殿專為接待中國的冊封使之用；南殿則自 十七世紀初期開始，用來接待日本薩摩藩官員。該宮殿最可能位於： (A)朝鮮 (B)暹羅 (C)安南 (D)琉球,xuece-soc-111-9
學測社會,xuece-soc,111,10,歷史,美洲蔗糖,B,D,S4,T1,H3,十七世紀歐洲的糖來自西印度群島的甘蔗園,某校歷史課進行「歐洲與非、美兩洲的交流」探究學習時，以一幅歐洲十七世紀 流傳的蔗糖生產過程圖（圖2），說明當時蔗糖逐漸取代蜂蜜，成為歐洲人最重 要的甜味來源。圖中糖廠最可能在何地區？ 圖2 (A)北非的阿爾及利亞 (B)中美洲西印度群島 (C)北美洲的紐芬蘭島 (D)中部非洲剛果盆地,xuece-soc-111-10
學測社會,xuece-soc,111,11,歷史,清遺老年號,B,R,S1,T1,H1,退位後仍用宣統紀年：優待條件允許保留帝號,清宣統三年十二月二十五日（1912 年2 月12 日），清帝溥儀頒布退位詔書。但 在國立故宮博物院典藏的清代檔案中，發現一件進呈給溥儀的奏摺，時間標註為 「宣統十六年七月」。我們應如何解釋這個現象？ (A)宣統朝只有三年，應該是清政府官員誤植年代的奏摺 (B)清帝雖退位，政府仍同意其繼續使用帝號和原有紀年 (C)洪憲帝制時，為獲滿族支持而以宣統紀年進呈的奏摺 (D)滿洲國成立，其政府官員上奏給溥儀，故以宣統紀年,xuece-soc-111-11
學測社會,xuece-soc,111,12,歷史,金門洋樓,C,D,S4,T1,H3,南洋元素的洋樓：民初僑民帶回的風格,金門有許多洋樓，建築上裝飾著象徵吉祥如意的鳳梨、祈求多子多孫的麥穗、象 徵科舉及第的螃蟹（以「甲殼」比喻「科甲」）、表示時間的西洋時鐘或扛著屋 簷的印度苦力（象徵屋主的社會地位）。這些建築裝飾反映以下何種歷史現象？ (A)荷蘭人主導遠東貿易時期，當時盛行的建築風格也流傳至金門 (B)鄭成功家族前往巴達維亞貿易，並將當地的建築特色帶回金門 (C)民國早期，僑民從南洋帶回西方建築風格並融入金門傳統裝飾 (D)日本占領金門時，其商人引進當時歐洲最流行的巴洛克式裝飾,xuece-soc-111-12
學測社會,xuece-soc,111,13,歷史,二戰東線,B,R,S2,T3,H4,蘇聯是東線主戰場，加上飢荒，平民傷亡慘重,據統計，二次世界大戰期間德國平民死亡約117 萬人，占該國1939 年總人口 1.6%；蘇聯平民死亡約1400 萬人，占該國1939 年總人口7.3%。蘇聯平民死亡 人數與比率均遠多於德國的原因為何？ (A)納粹黨在東歐多處設立大型滅絕營，用毒氣殺害當地人 (B)蘇聯是主要戰場，戰火摧殘人命外，還有缺糧飢荒問題 (C)德、義、日軸心國武器優越，超過蘇聯、英、美同盟國 (D)為對付全球反共產勢力，大量的蘇聯士兵駐防東歐國家,xuece-soc-111-13
學測社會,xuece-soc,111,14,歷史,歐亞貿易船隻,A,D,S2,T1,H1,依各國海上霸權的先後：葡萄牙、荷蘭、英國,圖3 為1500 年至1799 年間，從歐洲出發，前往亞洲海域貿易前三名國家的船隻 數量變化圖。根據該圖，甲、乙、丙依序是哪些國家？ 2000 （ 1500 單 位 ： 1000 艘 ） 500 0 （年） 1500-1549 1550-1599 1600-1649 1650-1699 1700-1749 1750-1799 甲國 乙國 丙國 圖3 (A)葡萄牙、荷蘭、英國 (B)西班牙、英國、荷蘭 (C)荷蘭、英國、西班牙 (D)英國、葡萄牙、荷蘭,xuece-soc-111-14
學測社會,xuece-soc,111,15,歷史,五四抵制日貨,B,R,S1,T1,H1,外交失敗、抵制日貨：五四運動,中國的百貨公司成立以來，多以「洋貨」為主打商品。民國初年，某一事件發生 期間，上海一間百貨公司在報紙上刊登「敬告國人書」：「外交失敗，悲憤同深，…… 敝公司雖係統辦環球貨品，然宗旨首重國貨，歐美貨次之，其某國貨，則僅供市 上之需求耳。」並表示某國貨品存貨出清，即不再販售。不過，抵制某國貨品的 聲浪如排山倒海而來，該公司只好再度聲明：概將某國貨品「完全收束不賣，寧 願犧牲血本，以示與眾共棄之決心。」請問「某一事件」指的是： (A)三一運動 (B)五四運動 (C)九一八事變 (D,xuece-soc-111-15
學測社會,xuece-soc,111,16,歷史,日治中華民國領事館,C,R,S1,T1,H1,1930 年代國府在臺北設領事館，華僑可辦國慶,一份資料提到：1933 年的雙十國慶酒會選在臺北的鐵道旅館舉辦，出席的貴賓 有美國、義大利駐臺領事及臺灣總督府高級長官。會場懸掛中華民國國旗，慶典 中除演奏中華民國國歌外，還高呼「中華民國萬歲」。這段資料如何解讀最合理？ (A)當時滿洲國成立不久，日本乃邀請滿洲國官員來臺舉辦慶祝雙十國慶活動 (B)當時中日兩國的關係親密和善，臺灣總督府乃主動舉辦慶祝雙十國慶酒會 (C)當時來臺的中國僑民日多，國府已在臺北設立領事館，故能舉辦國慶活動 (D)當時的臺灣總督府正在進行皇民化政策，,xuece-soc-111-16
學測社會,xuece-soc,111,17,歷史,工業技術擴散,A,R,S1,T1,H1,十九世紀初英國控管紡織技術，美國人偷學回國,某國的動力織布機技術在十九世紀初獨步全球，該國嚴格控管此關鍵技術，避免 秘密外洩。一名外國技師刻意潛入該國工廠學習，花費六個月將所有技術細節記 在腦中，回國後憑記憶建立相同的動力織布工廠，推動自己國家的工業技術革新。 此情況最可能是： (A)他從英國偷學技術，帶回美國 (B)他從英國偷學技術，帶回日本 (C)他從美國偷學技術，帶回印度 (D)他從美國偷學技術，帶回俄國,xuece-soc-111-17
學測社會,xuece-soc,111,18,地理,都市化比較,D,D,S2,T4,G2,中南美洲都市化高但經濟不發達：過度都市化,表4 為聯合國2020 年發表的都市化資料，推估到2030 年全球將有60.4%人口居 住在都市地區。其中與歐、北美兩洲都市化程度相當的某洲，其經濟發展程度卻 無歐、北美兩洲高。造成此現象的主要原因，最可能為下列何者？ 表4 都市化程度（%） 區域 2030 年 2000 年 2010 年 2020 年 （推估） 全球 46.7 51.7 56.2 60.4 非洲 35 38.9 43.5 48.4 亞洲 37.5 44.8 51.1 56.7 歐洲 71.1 72.9 74,xuece-soc-111-18
學測社會,xuece-soc,111,19,地理,非洲疫苗,D,R,S5,T2,G8,疫苗集中在核心國家，非洲是邊陲：核心與邊陲,COVID-19 疫情爆發以後，許多國家積極研發與生產疫苗。2021 年，歐盟與美國、 中國、印度、臺灣等已有疫苗生產廠，但大多實施出口管制，優先留給其公民施 打；相較下，非洲地區目前疫苗嚴重不足，而非洲聯盟也計畫在2040 年擴大疫 苗生產到足敷非洲大陸60%所需。COVID-19 疫苗生產的時空差異，最適合以下 列哪個概念解釋？ (A)時空收斂 (B)區位移轉 (C)擴散與反吸 (D)核心與邊陲,xuece-soc-111-19
學測社會,xuece-soc,111,20,地理,資料蒐集（都市機能）,A,R,S5,T2,G8,電話簿記錄各行業的地址：探究都市機能結構變遷,某小組在進行地理問題探究學習時，蒐集到1960、1980、2000 和2020 等4 年臺 東地區工商消費電話簿，電話簿載有各行業營業場所的地址和電話號碼。該學習 小組探究的主題最可能是下列何者？ (A)臺東市都市機能結構變遷 (B)臺東市都市住宅用地擴張 (C)臺東市土地競租曲線消長 (D)臺東地區都市成長的歷程,xuece-soc-111-20
學測社會,xuece-soc,111,21,地理,公平貿易分布,C,D,S3,T1,G1,公平貿易產地多在熱帶、曾為殖民地,公平貿易指的是在農產品的產銷過程中， 確保生產者獲得公平的報酬、勞動者獲得 應有的保障、環境可以得到保護的一種制 度。圖4 為參與公平貿易生產商的分布， 這些生產商的分布區，具有哪些共同的時 空背景？ 圖4 (A)多位於熱帶沙漠區，八至九世紀時曾為阿拉伯帝國的勢力範圍 (B)多位於熱帶季風區，十至十三世紀曾為東亞人群外流的移入地 (C)多位於熱帶氣候區，二十世紀中期以前曾先後遭歐洲列強殖民 (D)多位於信風帶，二十世紀後期冷戰期間曾為美蘇競爭的緩衝區,xuece-soc-111-21
學測社會,xuece-soc,111,22,地理,移工與農業,D,E,S5,T2,G8,缺工、價格上漲：全球化帶來的貢獻與挑戰,據統計，2020 年澳大利亞農業缺工嚴重，導致部分農產品無人收成、處理，以 致許多農產品價格高漲。形成此現象的原因之一，為澳大利亞因應COVID-19 疫 情而進行邊境管制，使過去占農場勞力來源高達八成的國外背包打工客，在2020 年來澳的人數大減。若僅針對上述澳大利亞的農業發展、農產價格與背包打工客 的關係，擬定相關的全球化議題進行探究，下列哪個議題最為適合？ (A)全球化與區域結盟 (B)全球化與交通革新 (C)全球化與多元文化 (D)全球化的貢獻與挑戰,xuece-soc-111-22
學測社會,xuece-soc,111,23,公民,長照與社會安全,C,E,S5,T2,C1,長照制度的核心目標：社會安全與人民尊嚴,依據題文資訊，政府改善長照制度所欲達成的最重要政策目標為何？ (A)保障勞動參與：增加長照勞力供給以保障勞工的就業機會 (B)提倡兩性平權：確保家庭照護之責任由子女共同平均分擔 (C)促進社會安全：因應人口結構變遷以保障人民生活的尊嚴 (D)促進經濟平等：藉社會福利制度達成財富與資源重新分配,xuece-soc-111-23
學測社會,xuece-soc,111,24,公民,GDP 與移轉支付,D,R,S5,T2,C4,直接補助家庭是移轉性支付，不計入 GDP,依據題文資訊，政府實際執行（甲）與（丁）政策對當年GDP 的計算與直接影 響為何？ (A)甲政策計入政府支出，不影響GDP (B)甲政策計入政府移轉性支付，將增加GDP (C)丁政策計入政府支出，將增加GDP (D)丁政策計入政府移轉性支付，不影響GDP,xuece-soc-111-24
學測社會,xuece-soc,111,25,公民,公私協力,A,E,S5,T2,C1,廣設日照中心最適合委託民間經營,依據題文資訊，政府改善長照制度的政策作為，何者最適合由政府委託民間執行？ (A)甲 (B)乙 (C)丙 (D)丁,xuece-soc-111-25
學測社會,xuece-soc,111,26,歷史,樟腦茶葉產地,D,R,S1,T5,H2,樟腦、茶葉都在內山：大嵙崁（大溪）,該同學如要去考察最靠近樟腦和茶葉產地的地點，下列何地最適合？ (A)基隆（雞籠） (B)萬華（艋舺） (C)淡水（滬尾） (D)大溪（大嵙崁）,xuece-soc-111-26
學測社會,xuece-soc,111,27,歷史,兩岸貿易分工,D,R,S1,T4,H2,出口米糖、運回日用品：兩岸物產互補分工,上述史料最適合作為下列哪項推論的佐證？ (A)外國洋行已在臺灣設立並發展 (B)漢人和原住民族貿易相當熱絡 (C)農業和農產加工技術已很成熟 (D)兩岸物產可互補形成生產分工,xuece-soc-111-27
學測社會,xuece-soc,111,28,地理,作物區位,C,D,S4,T5,G7,玉米需要溫暖氣候，歐洲產區偏南,圖5是歐洲行政區域簡圖。若僅考慮作物生 長與氣溫的關係，2010年代中期甲作物在 歐洲的主要產區，最可能為下列何者？ 卯 (A)子 (B)丑 (C)寅 (D)卯 子 丑 寅 圖5,xuece-soc-111-28
學測社會,xuece-soc,111,29,地理,商業化農業,C,D,S4,T2,G7,大面積單一作物、機械收割：專業化與規模經濟,透過甲、乙兩張照片推論這兩個農業生產活動，最可能具有下列哪項共同的經營 特色？ (A)自然投入重灌溉，人為投入重視生物科技 (B) 在農場旁設立工廠，進行農產品初級加工 (C) 採取專業化耕作，呈現規模經濟經營型態 (D)作物送往畜牧場，形成農牧產業連鎖關係,xuece-soc-111-29
學測社會,xuece-soc,111,30,地理,地形判讀（觀景台）,A,D,S3,T5,G1,往東北低處看，要找東北側開闊、無山阻擋的觀景台,若要觀看東北方向的低處景觀，圖6 中哪個 乙 觀景台的視野最開闊？ 丑 (A)子 子 (B)丑 (C)寅 甲 卯 (D)卯,xuece-soc-111-30
學測社會,xuece-soc,111,31,地理,等高線與谷地,D,D,S3,T5,G6,等高線向高處凸出的是谷地,圖6 中哪條登山步道，最可能是沿著谷地設 寅 置？ 丁 (A)甲 N 0 0.15 0.3 KM (B)乙 (C)丙 圖6 (D)丁,xuece-soc-111-31
學測社會,xuece-soc,111,32,地理,海岸地形（石滬）,D,K,S5,T7,G3,石滬建在潮間帶的海蝕平台,石滬最可能出現在下列哪種海岸地形上？ (A)潟湖 (B)沙嘴 (C)海階 (D)海蝕平台,xuece-soc-111-32
學測社會,xuece-soc,111,33,地理,潮汐與石滬,A,D,S4,T5,G7,開口朝向陸地、伸腳朝外，退潮時才能攔住魚,依據石滬捕魚的原理，漁民為獲取最大漁獲量，設置石滬時最可能採取圖7 中哪 種開口方向？ 滬房 2 水 深 (m) 1 甲 丁 ㇠ 丙 伸腳 陸地 圖7 (A)甲 (B)乙 (C)丙 (D)丁,xuece-soc-111-33
學測社會,xuece-soc,111,34,地理,環境負載力,A,R,S1,T2,G5,山坡沙洲都開墾、森林砍光：超過環境負載力,該官僚在日記中的論述，最適合作為該地區當時下列哪項事實的佐證？ (A)超過環境負載力上限 (B)區域互賴已超過限度 (C)原住居民已遷徙他鄉 (D)產業分工已發展成熟,xuece-soc-111-34
學測社會,xuece-soc,111,35,歷史,清代人口壓力,C,R,S1,T3,H4,殺女嬰的主張反映農業社會重視男性勞動力,由該官僚主張的減緩人口成長策略判斷，其所處的時代，經濟活動最可能有何特 徵？ (A)資源採集需要族群密切合作 (B)貿易活動需要精確計算能力 (C)農業生產需要大量體力勞動 (D)城市對鄰近鄉村依賴程度低,xuece-soc-111-35
學測社會,xuece-soc,111,36,地理,遙測影像,C,D,S4,T5,G6,對照照片與衛星影像找位置,照片2 最可能位於圖9 中何處？ (A)甲 (B)乙 (C)丙 (D)丁,xuece-soc-111-36
學測社會,xuece-soc,111,37,地理,影像變遷判讀,D,D,S4,T4,G7,兩期影像比較：鐵道先建、周邊後發展,依據圖8、圖9 影像資訊的差異，下列對於該地區的推論，哪項最為合理？ (A)中心商業區進行市地重劃 (B)農地多轉為發展休閒農業 (C)河川曾因洪患災害而改道 (D)鐵道建設早於此區的發展,xuece-soc-111-37
學測社會,xuece-soc,111,38,歷史,戒嚴港口,A,D,S1,T5,H2,只有基隆、高雄、馬公開放，省內航線還可以通行,若僅依照《戒嚴令》第二條規定的內容，下列哪兩地 的交通航線仍有機會從事貨物運輸的往來？ (A)蘇澳－安平 (B)新竹－廈門 (C)臺中－香港 圖10 (D)花蓮－東京,xuece-soc-111-38
學測社會,xuece-soc,111,39,歷史,戒嚴目的,C,R,S1,T1,H1,1949 年大陸軍民撤退來臺，管制港口以穩定政情,《戒嚴令》第二條規定最主要的目的應是： (A)禁止臺灣生產的米、糖外銷，以免發生糧荒 (B)切斷臺灣與前殖民母國日本之間的政治聯繫 (C)管制大陸地區軍民撤離來臺以穩定臺灣政情 (D)與美國共同協議以便執行圍堵共產主義政策,xuece-soc-111-39
學測社會,xuece-soc,111,40,公民,比例原則,B,E,S1,T2,C6,不分輕重都處死刑，違反比例原則,《戒嚴令》第四條的規定，因為下列哪項理由而「違反」法治國家應遵循的法律 原則？ (A)國家禁止的行為與防止擾亂治安無關 (B)國家對於違反行為不分輕重均判死刑 (C)國家只限制部分違法行為而違反平等 (D)國家以法規範事後溯及既往處罰人民,xuece-soc-111-40
學測社會,xuece-soc,111,41,公民,副署制度,D,D,S4,T2,C3,行政院長、國防部長副署：內閣制的精神,圖10 的解除《戒嚴令》公告，同時有3 人署名，可用以佐證我國憲政體制的何 種特徵？ (A)總統為三軍統帥且國防部為行政院各部會之首 (B)總統發布命令皆須行政院長與國防部長之副署 (C)行政院長與國防部長皆須遵循總統的命令行事 (D)總統和行政院的關係及運作含有內閣制的精神,xuece-soc-111-41
學測社會,xuece-soc,111,42,公民,經濟效率,B,E,S5,T2,C4,自由編輯可滿足更多需求，提升經濟效率,依據題文所述的協作平台特性，對電子地圖市場的經濟效率最可能產生下列何 種影響？ (A)免費查詢地圖資訊可降低外部成本，提升經濟效率 (B)自由編輯地圖可滿足更多市場需求，提升經濟效率 (C)開放式地圖只有滿足特定群體需求，減少經濟效率 (D)免費的圖資降低電子地圖市場價值，減少經濟效率,xuece-soc-111-42
學測社會,xuece-soc,111,43,地理,自願式地理資訊,B,E,S5,T2,G6,民眾自行建置的是自願式地理資訊，例如社群登山地圖,由於開放式電子地圖協作平台允許使用者新增屬性及空間資料，下列何者最可 能是由民眾透過上述協作平台產出的空間資料及可運用的服務？ (A)中央氣象局製作的地面天氣圖，可觀測各地的沙塵暴 (B)社群自行建置登山步道地圖，可即時查詢及記錄路徑 (C)查詢由政府委製的公車APP即時資訊，減少候車時間 (D)鐵路局製作女性專用車廂車次表，提高女性乘車意願,xuece-soc-111-43
學測社會,xuece-soc,111,44,歷史,鄂圖曼帝國,B,R,S1,T1,H1,十九世紀後期列強覬覦近東：鄂圖曼帝國的危機,當時鄂圖曼帝國面臨的危機為何？ (A)帝國多次進攻基督教大城維也納未果，伊斯蘭勢力擴張失敗 (B)新帝國主義者覬覦近東地理區位與資源，使得國土深受威脅 (C)世界大戰爆發，帝國加入德、奧匈帝國陣營，戰後國勢衰弱 (D)軍人凱末爾推動西化政策，引起保守者反抗，國內政局不安,xuece-soc-111-44
學測社會,xuece-soc,111,45,公民,社會規範（泛伊斯蘭）,C,E,S1,T2,C6,以共同價值與信念團結：社會規範功能,依據題文資訊，下列有關該思想家主張的敘述，何者最能凸顯「泛伊斯蘭主義」 的社會規範功能？ (A)對抗西方諸列強入侵的武力團結主義 (B)避免伊斯蘭世界分裂的國家民族主義 (C)重建伊斯蘭文化共同價值與集體信念 (D)教育穆斯林信徒遵守伊斯蘭宗教儀式,xuece-soc-111-45
學測社會,xuece-soc,111,46,地理,伊斯蘭擴散,D,R,S3,T5,G1,伊斯蘭從阿拉伯半島經伊朗高原傳到阿富汗,該思想家的出生地被納入伊斯蘭世界的一部分，最可能是透過下列哪種文化擴 散過程？ (A)從尼羅河流域向西越過撒哈拉沙漠擴散而來 (B)從尼羅河流域向北越過地中海海域擴散而來 (C)從阿拉伯半島向東南經過南洋群島擴散而來 (D)從阿拉伯半島向東北經過伊朗高原擴散而來,xuece-soc-111-46
學測社會,xuece-soc,111,47,公民,資訊隱私,D,E,S5,T2,C1,警告的重點是能左右使用者的認知與行為,依資訊人權監督團體所提出的警告，顯示其最擔心網路平台商下列哪項行為？ (A)蒐集並分析使用者的網路足跡 (B)提供政黨關於民意走向的分析 (C)製作廣告資訊影響消費者偏好 (D)持續監視並且操縱使用者行為,xuece-soc-111-47
學測社會,xuece-soc,111,48,公民,非選：數位不平等,非選,E,S5,T0,C8,非選：教育程度低者較易受影響，擴大數位不平等,某學習小組依據題文資訊提出：上述廠商的行為「將使社會不平等現象更加嚴 重」。請問該小組論點所指的現象應為何？請在答題卷表格中勾選一項，並從 題文中摘述能支持此論點的依據。（3 分，30 字內）,xuece-soc-111-48
學測社會,xuece-soc,111,49,公民,女性參政,D,D,S2,T4,C5,保障名額大增但靠保障當選的席次沒增：效益在提高女性參選誘因,表5 資料最足以支持下列哪項關於該國女性參政的推論？ (A)女性當選席次的成長，主要是受惠於女性保障名額的增加 (B)女性保障名額與保障名額的當選席次，兩者具有正向相關 (C)女性保障名額當選席次變化，可證明積極平權措施的效益 (D)女性保障名額的主要效益，在於強化女性投入選舉的誘因,xuece-soc-111-49
學測社會,xuece-soc,111,50,公民,非選：選舉制度比較,非選,D,S2,T0,C5,非選：由保障名額與席次判斷，類似縣市議員選舉,從表5 資料判斷，該國該項選舉制度，與我國哪項民意代表選舉最接近？請在答 題卷表格中勾選一項，並依據表5 資料說明判斷的理由。（3 分，20 字內）,xuece-soc-111-50
學測社會,xuece-soc,111,51,公民,環境與生產兩難,B,R,S5,T2,C4,氣候變遷使環境保護與生產成本兩難,依據題文，下列何者最能呈現該國面臨的問題？ (A)石油消耗過多造成油價高漲，迫使政府改用綠色能源的問題 (B)氣候的變遷導致環境保護與生產成本之間所面臨的兩難問題 (C)綠能發展與作物轉型兩者之間將形成資源配置上的取捨問題 (D)葡萄酒產業使資源消耗殆盡，進而造成氣候變遷與環保問題,xuece-soc-111-51
學測社會,xuece-soc,111,52,公民,非選：供需與短缺,非選,R,S5,T0,C4,非選：供給減少，價格不變時會出現超額需求（短缺）,依據題文資訊並從供需架構分析，森林野火對該國當年葡萄酒市場有何影響？ 請在答題卷表格中勾選一項變化，並說明若葡萄酒價格不變，此時供給量與需求 量之間出現的現象可稱為？（3 分，10 字內）,xuece-soc-111-52
學測社會,xuece-soc,111,53,公民,外部成本,B,R,S5,T2,C4,社會成本高於私人成本，塑膠吸管生產過多,從外部成本的觀點，下列敘述何者符合該國政府政策的意涵？ (A)社會成本高於私人成本，從市場經濟的觀點塑膠吸管的生產數量過多 (B)社會成本高於私人成本，從整體社會的觀點塑膠吸管的生產數量過多 (C)私人成本高於社會成本，從市場經濟的觀點政府應管制塑膠吸管使用 (D)私人成本高於社會成本，從整體社會的觀點政府應管制塑膠吸管使用,xuece-soc-111-53
學測社會,xuece-soc,111,54,公民,非選：行政法原則,非選,E,S5,T0,C2,非選：預先公告並舉辦聽證：正當法律程序,依據題文，若該國行政法的原理原則與我國相同，則其主管機關訂定行政命令 的過程，最適宜用哪項法律原則說明？請在答題卷表格中勾選一項（2 分）， 並從題文中摘述判斷的依據（1 分，35 字內）。（法律原則勾選不正確者本題 不給分）,xuece-soc-111-54
學測社會,xuece-soc,111,55,歷史,永嘉之亂,C,R,S1,T1,H1,永嘉之亂：內遷胡人起兵,上述史事的時代背景，應是： (A)遊牧民族避寒南侵 (B)匈奴勢盛南下牧馬 (C)內遷胡人舉兵起事 (D)蒙古鐵騎橫掃中原,xuece-soc-111-55
學測社會,xuece-soc,111,56,歷史,非選：西晉南遷,非選,R,S1,T0,H2,非選：南遷江左或留居結塢自保，南遷者形成東晉政權,題文中的「前者」、「後者」，他們面對時局變動的作法分別為何？請在答題卷 表格中依序作答，並從二者擇一勾選何者形成當地政治文化勢力？（3 分，各35 字內）,xuece-soc-111-56
學測社會,xuece-soc,111,57,地理,知識經濟,A,E,S5,T2,G8,遠端客服與維運需要知識經濟支撐,許多企業為了因應疫情衝擊而優先選擇的經營策略，需要下列哪項要素的配合， 才能有效達成？ (A)知識經濟發達 (B)產業群聚普遍 (C)經濟結構轉型 (D)產品規格化普及,xuece-soc-111-57
學測社會,xuece-soc,111,58,地理,非選：產業分工,非選,R,S5,T0,G8,非選：生產據點分散海外：全球生產分工,文中提及有些企業在疫情影響下，產能調配受到的影響最為明顯。此現象的形成 背景，適合以哪項概念說明？請在答題卷表格中勾選一項，並說明對應此概念的 判斷依據。（3 分，30 字內）,xuece-soc-111-58
學測社會,xuece-soc,111,59,公民,美國總統制,D,E,S5,T2,C3,總統與國會完全分立，預算僵局導致停擺,題文所述之築牆爭議導致某些聯邦政府部門停擺，其原因最可能與該國哪項政 府體制的特性及運作有關？ (A)國會有權拒絕副署總統簽署的法案，阻礙法案公布和施行 (B)國會對於涉及鄰國邊界的重要外交事務，依法擁有否決權 (C)總統為國家最高行政首長，有權暫時停止政府部門的運作 (D)總統與國會各自代表的兩權完全分立，易有政治對立僵局,xuece-soc-111-59
學測社會,xuece-soc,111,60,地理,非選：跨境都會,非選,D,S3,T0,G1,非選：聖地牙哥有技術資本，提華納有廉價勞工,圖中最大跨邊界，分屬美、墨的「聖地牙哥─提華納」都會區，自1965 年起即 利用都市本身的優勢合作發展。請比較聖地牙哥與提華納二個都市在技術、資本 及勞工的區位要素上，各自的優勢為何？請在答題卷表格中作答。（3 分）,xuece-soc-111-60
學測社會,xuece-soc,111,61,歷史,原住民傳統領域,A,R,S1,T3,H4,集團移住使部落離開傳統領域：傳統領域的劃設,當今哪項原住民族議題，和臺灣總督府推動的原住民族集團移住計畫關係最密切？ (A)傳統領域的劃設 (B)傳統姓名的回復 (C)正名運動的展開 (D)族語復振的推展,xuece-soc-111-61
學測社會,xuece-soc,111,62,歷史,原住民政策變遷,D,E,S1,T2,H8,部落取得公法人地位：尊重原住民自治,題文所述總督府的支配控制及治理措施，有些仍影響至今，包括現行有關原住民 族權益的相關法制；但也有些已經因應國際人權觀念趨勢、多元文化發展而有所 改變。下列政策何者最能凸顯這樣的改變？ (A)國家為國有林地所有權人，原住民得由政府機構許可取用森林資源 (B)將原住民立法委員的選舉，分為「山地」與「平地」原住民選舉區 (C)設立原住民保留地以保障原住民生計，並限制將土地轉予非原住民 (D)設有部落會議的原住民族部落，經核定後可取得公法人的主體地位,xuece-soc-111-62
學測社會,xuece-soc,111,63,歷史,非選：集團移住目的,非選,R,S1,T0,H4,非選：打斷部落舊有勢力關係，以便控制,總督府推行集團移住期待「可使原住民『舊來勢力關係中斷』」，就此來看，總 督府推行集團移住的主要目的為何？請在答題卷表格中勾選一項，並說明判斷 的理由。（3 分，50 字內）,xuece-soc-111-63
學測社會,xuece-soc,111,64,地理,非選：繪製遷移圖,非選,D,S3,T0,G1,非選：畫箭頭表示從原居地遷往山腳,請在答題卷作答區繪出一組「連接線」與 繪製集團移住示意圖示例 「箭頭」來代表從移出地地點遷移到移入 兩個圓點分別代表移出地與移入地 地地點，以作為文中說明「集團移住造成 箭頭代表移出地遷移到移入地的方向 賽德克族、太魯閣族與布農族混居情況」 的輔助地圖。（3 分）,xuece-soc-111-64
學測社會,xuece-soc,111,65,公民,無罪推定,C,E,S1,T2,C2,未經審判不得處罰：無罪推定,文中所敘述之事件，乃發生於羅馬人統治的時代。時至今日，若以法治國家理念 檢視此案，可看出題文中羅馬法律保障羅馬公民的規定，與下列何種近代法律重 要原則的精神最為接近？ (A)自由心證原則 (B)公開審理原則 (C)無罪推定原則 (D)偵查不公開原則,xuece-soc-111-65
學測社會,xuece-soc,111,66,地理,行星風系,C,R,S3,T6,G1,地中海航線靠岸而行，避開夏季的西風,保羅從耶路撒冷被押解去羅馬的航程中，前期與一般貿易航線類似，沿著陸地前 行，利用地形來減輕航行的障礙。若從行星風系的大氣環流角度，押解保羅的航 程沿陸地前行，最可能是為了避開哪一行星風帶或氣壓帶的影響？ (A)東北信風帶 (B)極圈氣旋帶 (C)盛行西風帶 (D)副熱帶高壓帶,xuece-soc-111-66
學測社會,xuece-soc,111,67,歷史,非選：猶太教與基督教,非選,K,S1,T0,H2,非選：都是一神信仰；猶太教認為選民只有猶太人，基督教認為信者皆可得救,請問猶太教與基督教的信仰屬性分別是「一神信仰」或「多神信仰」？以及此二 宗教對「神的選民」之看法分別為何？請在答題卷表格中作答。（3 分）,xuece-soc-111-67
學測社會,xuece-soc,112,1,公民,社會正義與身障就業,B,E,S5,T2,C6,身障者就業需要制度支持，追求實質平等,某民間協會致力於聘用智力缺損者投入勞動市場、參與社會，承包多處市府公共 空間的清掃工作，但後來因為工作太重、人力不足，被迫放棄承攬並解散協會。 有網友認為，基於社會正義，市政府應給予該協會在工作範圍或經費上更大的彈 性協助。從該網友所持立場推論，當面對下列校園議題時，其關心的議題最可能 為何？ (A)推廣雙語教育 (B)建造無障礙環境 (C)提供免費營養午餐 (D)提供升學或就業輔導,xuece-soc-112-1
學測社會,xuece-soc,112,2,公民,特留分,D,E,S5,T2,C1,遺囑不能侵害女兒的特留分,甲與前妻育有一子一女，甲立遺囑將其名下僅有財產（房屋一棟）留給兒子。甲 死後，其女認為父親重男輕女，不服遺囑內容，向法院提起訴訟。若該遺囑符合 成立要件，針對此一繼承爭議，下列見解何者正確？ (A)甲為屋主，依法得預立遺囑全權決定房屋所有權歸屬 (B)前妻是其子女的母親，有權與甲之子女共同繼承遺產 (C)遺囑明顯重男輕女，法院應判決房屋由甲的兒女均分 (D)遺囑違反民法分配遺產規定，其女有權繼承部分財產,xuece-soc-112-2
學測社會,xuece-soc,112,3,公民,少年事件,C,E,S5,T2,C1,少年案件不公開審理，是保護少年、利於復歸,國中生甲勒索同學乙，後來甲被移送法院，但法院審理甲的案件時不開放法庭旁 聽。本案不開放的理由，與下列哪種少年事件處理措施相同？ (A)在審理案件的過程中，讓甲有到庭陳述意見的機會 (B)在審理案件的過程中，讓乙有到庭陳述意見的機會 (C)在甲接受輔導處分一段時間後，塗銷該項案件紀錄 (D)在獲得乙同意的情況下，命甲對乙負損害賠償責任,xuece-soc-112-3
學測社會,xuece-soc,112,4,公民,租屋補貼,D,D,S2,T5,C5,定額補貼不改變每坪租金的高低比較,表1 4. 阿芬打算租屋，選擇的唯一考量是每坪房租 高低，表1 是她蒐集某區不同格局的租屋資 面積 月租 選項 訊。若阿芬的公司每月補貼房租10000 元， （坪） （元） 此租金補貼對她租屋決策有何影響？ 一房一廳 20 16000 (A)補貼前後，都選擇兩房兩廳 兩房一廳 30 21000 (B)補貼前後，都選擇三房兩廳 兩房兩廳 40 26000 (C)補貼前選兩房兩廳，實行後選兩房一廳 三房兩廳 50 32000 (D)補貼前選三房兩廳，實行後選一房一廳,xuece-soc-112-4
學測社會,xuece-soc,112,5,歷史,十三行遺址,B,R,S1,T2,H8,外來銅錢出現在墓葬：史前文化與外界的交流,學者在臺灣北部的十三行遺址中，發現七世紀中國與十七世紀日本鑄造的兩種銅 錢，並指出它們是出土於墓葬的陪葬品。這些銅錢可用於討論臺灣史前文化的哪 項議題？ (A)文化的傳承關係 (B)東亞各國的交流 (C)交易的貨幣單位 (D)人群遷徙的方向,xuece-soc-112-5
學測社會,xuece-soc,112,6,歷史,漢武帝任用儒生,B,R,S1,T3,H4,大量任用讀書人：官僚組成轉向士人,西漢初年，政府官員主要由宗室、軍人、富人組成。漢武帝推動政制改革，採納 董仲舒建議，擴大推行察舉制度，大量任用讀書人為官。下列何者最適合描述漢 武帝採納董仲舒建議所造成的結果？ (A)地方權力提高，君權弱化 (B)儒生成為官員的主要來源 (C)政府壓抑商人，經濟停滯 (D)政府建立官員的輪調制度,xuece-soc-112-6
學測社會,xuece-soc,112,7,歷史,美國黑人平權,A,R,S1,T1,H1,「偉大宣言」沒有包括我們：十九世紀美國黑奴的控訴,十九世紀中期有人在某個紀念日控訴：「各位，我與我所代表的人，跟你們的紀 念日有何關連？你們歷史上偉大宣言所揭櫫的偉大原則，有擴及到我們嗎？我們 並不被包括在這個紀念日內，我們與你們是不平等的。你們前輩留下的遺產：正 義、自由、繁榮與獨立，只由你們享受，而我們沒有。」這個控訴最可能發表於： (A)美國獨立紀念日；控訴黑人與白人不平等 (B)拿破崙戰爭紀念日；控訴女性與男性不平等 (C)俄國革命紀念日；控訴勞動者與資本家不平等 (D)印度獨立紀念日；控訴印度教徒與穆斯林不平等,xuece-soc-112-7
學測社會,xuece-soc,112,8,歷史,西班牙基隆貿易,C,R,S1,T3,H4,基隆貿易依賴駐軍的購買力，市場有限,十七世紀西班牙傳教士提及：中國商人帶大量貨物來基隆，若貨物只能賣給西班 牙駐軍，駐軍又因未領薪而缺錢購買商品，那麼中國商人將不再來基隆貿易。由 此來看，基隆吸引中國商人前來貿易的主因是： (A)此處為天然良港，適合作為貿易據點 (B)當地有西班牙駐軍，可保障交易安全 (C)在此處與駐軍貿易，可取得美洲白銀 (D)港區已是龐大市場，有利於發展貿易,xuece-soc-112-8
學測社會,xuece-soc,112,9,歷史,泉州伊斯蘭,B,R,S1,T1,H1,阿拉伯文、波斯文墓碑：宋元泉州的穆斯林商人,泉州又名刺桐城，宋元時期是海外貿易重要港口，曾發現一方波斯人墓碑，刻有 漢文、阿拉伯文與波斯文。阿拉伯文為：「人人都要嚐死的滋味。」波斯文為： 「艾哈瑪德・本・和加・哈基姆・艾勒德死於艾哈瑪德家族母親的城市― 刺桐 城。」漢文為：「先君生於壬辰六月二十三日申時，享年三十歲。於元至治辛酉 九月二十五日卒，遂葬於此。」此墓碑可作為下列哪項描述宋元時期泉州波斯人 的佐證？ (A)經商客死他鄉者多 (B)會與漢人相互通婚 (C)全數已經改信回教 (D)採用儒家喪葬儀式,xuece-soc-112-9
學測社會,xuece-soc,112,10,歷史,清末傳教與洋行,D,R,S1,T1,H1,傳教士靠洋行協助，進入淺山的熟番部落,十九世紀晚期臺灣開港通商，西方傳教士來傳教，但在漢人市街多遇反彈，故部 分傳教士在洋行商人協助下，進入淺山地區的「熟番」部落傳教。此傳教活動範 圍的擴張最可能和洋行商人經營哪項事業有關？ (A)種椰取汁 (B)圍獵捕鹿 (C)插蔗煮糖 (D)伐樟結腦,xuece-soc-112-10
學測社會,xuece-soc,112,11,歷史,日治漢文,C,R,S1,T1,H1,學校不教漢文：日治時期漢文式微,日治時期某報紙發刊詞提及：「… … 臺灣學堂裡的教科（科目），又多不用到漢 文，對於漢文一學很不用工（很消極）… … 漢文因這樣難懂又沒獎勵的機會，所 以我們臺灣的兄弟自二十年來已經廢棄不慣了。」此發刊詞的寫作背景，和日本 殖民政府正在推行的哪項政策有關？ (A)因應教師、通譯的需求，成立國語學校 (B)公學校皆改為國民學校，推動義務教育 (C)推行日臺共學，常用日語者可入小學校 (D)日本領臺初期，將書房、義塾納入管理,xuece-soc-112-11
學測社會,xuece-soc,112,12,歷史,魏晉門第,C,R,S1,T1,H1,南遷數代、坐領俸祿不下田：南朝士族,某一歷史時期的移民群體，遷居已經八、九代，以領俸祿為生，若有土地也全交 給佃客耕種，而不親自下田，完全不懂人情世故，所以當官不明事理，治家也不 行。這種現象最可能出現於何時？ (A)春秋時期 (B)兩漢時期 (C)魏晉時期 (D)宋明時期,xuece-soc-112-12
學測社會,xuece-soc,112,13,歷史,清末革命文宣,C,R,S1,T1,H1,甲午、庚子之痛與驅外族：清末革命宣傳,一份資料寫道：「痛只痛，甲午年，打下敗陣。痛只痛，庚子歲，慘遭殺傷。痛 只痛，割去地，萬古不返。痛只痛，所賠款，永世難償。… … 雪仇恥，驅外族， 復我冠裳。到那時，齊叫道，中華萬歲。」這份資料最可能出自哪份文件？ (A)太平天國時，洪李太平軍的告民書 (B)戊戌變法後，康、梁維新派的宣言 (C)八國聯軍後，革命黨人的宣傳書冊 (D)立憲運動時，各省仕紳的改革方案,xuece-soc-112-13
學測社會,xuece-soc,112,14,歷史,元代儒戶,D,R,S1,T6,H2,元代儒戶與僧道同受優遇，「九儒十丐」是誤解,學者指出，蒙古人統治各地區後，對各地宗教都一視同仁而給予優遇；在元代戶 口職業世襲制度下，儒戶待遇約略等於佛僧和道士，是諸色戶口職業中較受優遇 的一種，娼人地位遠低於儒戶，只是元代士人的仕進機會與在社會上所受尊崇不 如前後各代。根據題文，以下何者最能說明元代統治者對儒士的立場？ (A)對儒士抱持懷柔寬容的態度 (B)與其他世襲戶口均平等對待 (C)貶抑儒士而削減其入仕機會 (D)類同宗教神職人員予以尊重,xuece-soc-112-14
學測社會,xuece-soc,112,15,歷史,二戰英屬印度,D,D,S4,T1,H3,印度士兵在各戰場作戰：二戰時的英屬印度,老師請同學針對某時期英國提出討論資料，甲同學提出圖像 （圖1），乙同學找到新聞報導：「從香港到義大利的戰場，從 緬甸沼澤到北非沙漠戰場，都看得到印度士兵作戰的身影，他 們戰術精湛，在東非、北非與中南半島也都擊敗了敵人」。綜 合兩份資料，同學探討的問題最可能是： (A)英國呼籲西歐國家團結一致，共同對抗1853年的俄羅斯帝國 (B)英國提醒英語為母語的國家，共同建立日不落大英帝國國協 (C)英國號召帝國殖民地人民，加入第一次世界大戰協約國陣營 (D)英國招募自治領與殖民地的軍隊,xuece-soc-112-15
學測社會,xuece-soc,112,16,歷史,文物返還,C,R,S1,T1,H1,古代雕像流落他國博物館：要求文物返還,某國文化部長憤怒的說：「許多我國古代雕像都在別國博物館內，這些雕像原本 在宗教建築內。後來基督信仰普及、伊斯蘭勢力也進來，都說雕像是異教物而棄 置，建築物被當成彈藥庫，毀壞後成了大廢墟。接著一些外國人來，欣賞廢墟又 喜愛殘破雕像，說這是文明成就，而且把雕像帶回國，至今不願歸還我們，還強 辯說是合法取得的藝術品！」文化部長批評的是： (A)十字軍東征時，士兵從西亞的墓穴取下雕像 (B)鄂圖曼帝國時，土耳其人拿下東歐教堂雕像 (C)西方帝國主義擴張時，英國人帶走希臘雕像 (D)英,xuece-soc-112-16
學測社會,xuece-soc,112,17,歷史,喀爾文思想,A,R,S1,T7,H8,暴君違反上帝旨意、祖先抵抗後獨立：喀爾文,一位歷史人物的紀念展覽開幕時，貴賓致詞重點如下： 甲：「他認為暴君違反上帝旨意，人民有責任抵抗，我們祖先依此說法開始反抗， 十七世紀終於成為主權獨立國家。」 乙：「他的論點為資本主義提供道德支撐，促使我們在十七世紀成為資本主義富 裕之國與海外貿易強權。」 丙：「今日我們北部有些社區人民不看電視、不設網路，仍然嚴格遵守他當時拒 絕娛樂文化的教導。」 這個展覽最可能是： (A)尼德蘭紀念喀爾文 (B)德國紀念馬丁路德 (C)英國紀念亞當斯密 (D)法國紀念孟德斯鳩,xuece-soc-112-17
學測社會,xuece-soc,112,18,地理,農業區位變遷,D,D,S2,T5,G2,由種植面積的變化判斷產區的轉移,「1997 年花蓮縣吉安鄉是臺灣龍鬚菜種植面積最大的鄉鎮，可達57 公頃，比當 時第二名南投縣信義鄉多約12 公頃。到了2021 年，吉安鄉龍鬚菜種植面積已增 至180 公頃，仍居全臺之冠，第二名的高雄市那瑪夏區僅51 公頃。」上述現象 的形成過程，最適合以下列哪個概念解釋？ (A)都市外圍區位租較低，農作物生產區往外擴張 (B)臺灣產業結構轉型，促使東西部經濟空間重組 (C)中地等級向上提升，帶動農作物市場範圍擴大 (D)農業生產因地制宜，逐漸形成區域生產專業化,xuece-soc-112-18
學測社會,xuece-soc,112,19,地理,東南亞混血族群,D,R,S1,T1,G4,殖民母國男性與當地女性通婚：麻六甲的混血族群,十五至十七世紀馬來半島南部海岸，有許多自殖民母國遷入該地的男性商人、船 員與苦力，在與當地女性通婚後，逐漸在當地形成一混血的少數族群，並保有原 鄉海神節的慶典習俗。該族群在節慶當天，會先在海邊進行彌撒，接著抬出聖彼 得神像遊行，最後來到船隻旁灑聖水祈福。根據前述，該族群的先人最可能來自 下列哪個地區？ (A)中國東南沿海 (B)西亞肥沃月灣 (C)澳洲東部沿岸 (D)伊比利半島西部,xuece-soc-112-19
學測社會,xuece-soc,112,20,地理,都市規模結構,C,D,S2,T5,G2,拉丁美洲大都市人口比例高：首要都市現象,圖2 為2018 年全球五個大洲各種 規模都市的都市人口比例圖。若將 北美洲 拉丁美洲與歐洲兩者資料相比較， 拉丁美洲 最可能推論出拉丁美洲的都市發 歐洲 展具有下列哪項特色？ 亞洲 (A) 政府積極推動首要型都市政 非洲 策，能吸引人口移往大型都市 0% 20% 40% 60% 80% 100% (B) 大型都市就業機會相對充分， <50萬 50~100萬 100~500萬 500~1000萬 >1000萬 促使鄉村人口大量移入求職 圖2 (C) 鄉村產業結構不夠健全，許多,xuece-soc-112-20
學測社會,xuece-soc,112,21,地理,大洋洲地緣政治,D,R,S3,T6,G1,中國進入南太平洋，挑戰澳洲的傳統影響力,2022 年中國與太平洋的索羅門群島島國起草一份安全協議，中國將在索國設立軍 事基地，因此引發澳大利亞的緊張。長期以來澳大利亞一直是索國主要的防衛夥 伴，以及最大的援助國，因此特別關切「任何危害區域穩定和安全的行動，包括 建立軍事基地的常在性設施」，但索國政府表示「正在擴大與更多國家安全合作， 其中也包括中國」。索國的作法最可能帶來下列哪種國際情勢發展？ (A)大洋洲地緣樞紐角色漸漸不再由南島語族國家掌控 (B)大洋洲各島國將逐步取代紐澳兩國的區域核心角色 (C)同屬大洋洲的,xuece-soc-112-21
學測社會,xuece-soc,112,22,公民,供需（生絲）,C,D,S2,T3,C5,供給不變、毛利上升：日本的生絲需求增加,"500,000 22. 比較圖3 中1633 和1638 年生絲毛利潤 的變動，假設此期間其他條件不變且東 年代 1633 1635 1637 1639 1641 印度公司對日本國內生絲的供給不變， 圖3 針對此期間日本國內生絲市場供需的 推論，下列何者最合理？ (A)因價格提高，市場呈現供不應求 (B)因價格提高，促使日本減少進口 (C)因需求增加幅度大於供給增加，市場價格提高 (D)因需求減少幅度大於供給減少，市場價格提高",xuece-soc-112-22
學測社會,xuece-soc,112,23,公民,GDP 計算,C,R,S2,T2,C5,找會使 GDP 增加的貿易資料（出口）,某生在估計1638 年日本的GDP 時，疏忽了題文與圖3 的相關貿易資料，經提醒 納入後重新計算得到較高的GDP 估計值。該生補上的必須是下列哪項資料才能 得到這個結果？ (A)東印度公司該年度對日貿易的總收益高於總成本 (B)東印度公司該年度對日貿易的總金額高於上年度 (C)東印度公司販售商品給日本的金額低於向日本買入的金額 (D)東印度公司賣生絲給日本的金額高於買入其他商品的金額,xuece-soc-112-23
學測社會,xuece-soc,112,24,公民,法律保留,B,E,S5,T2,C4,限制人民權利須有法律依據，課稅也要依法律,題文中，中央必須「先修訂食安法、再公告殘留標準」背後的法理考量，與下列 何種情況的法理考量最為相似？ (A)憲法規定命令如違反國會所制定的法律則無效 (B)課徵人民稅捐涉及憲法上財產權應由法律規範 (C)子女從父姓或母姓在民法規定由父母自行約定 (D)少年犯罪應優先適用少年事件處理法而非刑法,xuece-soc-112-24
學測社會,xuece-soc,112,25,公民,供需（萊豬）,A,R,S5,T3,C4,標示產地後國產豬需求增加、萊豬需求減少,其他條件不變下，原產地標示原則的實施，對於國產豬肉與萊豬市場的均衡價格 與數量，最有可能造成何種變化？ (A)國產豬肉價格上升，數量上升；萊豬的價格下降，數量下降 (B)國產豬肉價格上升，數量下降；萊豬的價格下降，數量上升 (C)國產豬肉價格下降，數量下降；萊豬的價格上升，數量上升 (D)國產豬肉價格下降，數量上升；萊豬的價格上升，數量下降,xuece-soc-112-25
學測社會,xuece-soc,112,26,公民,法律位階（自治條例）,D,E,S5,T2,C2,自治條例牴觸中央法律者無效,依據題文，下列何者最足以作為函告該自治條例無效的理由？ (A)未經由地方議會針對該條例審議通過 (B)未舉辦地方公民投票由民眾投票決議 (C)與行政院相關部會的政策立場相違背 (D)與立法院通過之食安法內容相互牴觸,xuece-soc-112-26
學測社會,xuece-soc,112,27,公民,國家權力與個資,D,E,S5,T2,C1,國家掌握大量個資會擴大權力，須審慎,對於該國數位身分證計畫引發的爭議，某公民團體發表聲明指出：國家 的 ，因此政策制訂過程應該更審慎。依據題文資訊，下列何者最 適合填入該聲明的空格內？ (A)資訊服務涉及特別的跨部會合作機制 (B)職責在於提供人民更便捷的政府服務 (C)願景實現攸關能否讓人民產生認同感 (D)權力行使範圍及其影響既廣泛且深遠,xuece-soc-112-27
學測社會,xuece-soc,112,28,公民,隱私權,B,E,S5,T2,C1,疫苗地圖不涉個資；數位身分證涉及個人資訊自主,針對該高中生的疑惑，從資訊利用行為與個人權利的角度來看，下列何種見解最 為合理？ (A)疫苗地圖增強人民行動自由，數位身分證增強人民知的權利，應予相同評價 (B)疫苗地圖增強人民知的權利，數位身分證削弱人民的隱私權，應予不同評價 (C)疫苗地圖削弱人民的隱私權，數位身分證增強人民人身自由，應予不同評價 (D)疫苗地圖削弱人民人身自由，數位身分證削弱人民行動自由，應予相同評價,xuece-soc-112-28
學測社會,xuece-soc,112,29,公民,機會成本,A,R,S5,T2,C4,放棄換發，失去的是整合資訊帶來的便利,依題文資訊，下列何者最可能是該國政府放棄換發計畫所產生的機會成本？ (A)政府整合資訊減低民眾申辦政府業務的交易成本 (B)政府為了保護民眾的個人資料所降低的外部成本 (C)政府蒐集民眾的資訊進行數位整合而投入的成本 (D)政府制定特別法規範自身行為所產生的額外成本,xuece-soc-112-29
學測社會,xuece-soc,112,30,歷史,土地調查（大租）,B,D,S2,T2,H8,日治土地調查把業主（小租戶）認定為所有人,依據表2，何人是土地調查時臺灣總督府認為的實際土地所有人？ (A)劉大 (B)劉四 (C)林三 (D)徐六,xuece-soc-112-30
學測社會,xuece-soc,112,31,歷史,減四留六,B,R,S2,T1,H1,大租戶還收租：大租權整理的減四留六,該資料最適合作為該生探究下列哪項主題的佐證史料？ (A)保甲制度 (B)減四留六 (C)割地換水 (D)三七五減租,xuece-soc-112-31
學測社會,xuece-soc,112,32,地理,勞工遷徙,D,D,S3,T5,G1,對照資料與兩期遷徙流線圖,若將遷徙流線圖與資料進行配對，資料一、二、三最適合的配對，最可能為下列 何者？ (A)資料一：圖5，資料二：圖6 (B)資料一：圖6，資料二：圖5 (C)資料一：圖5，資料三：圖6 (D)資料一：圖6，資料三：圖5,xuece-soc-112-32
學測社會,xuece-soc,112,33,地理,區域發展,A,D,S3,T4,G1,部分核心持續成長，多數地區出現反吸,透過圖5 與圖6，最適合用來解釋臺灣這段時期具有下列哪種區域發展過程？ (A)部分核心持續成長，但多數地區開始出現反吸隱憂 (B)都市對外聯繫密切，對區域發展持續帶來擴散效應 (C)北部經濟成長快速，但與南部呈現不平等交換問題 (D)人口多往都市集中，各地都市化程度明顯持續成長,xuece-soc-112-33
學測社會,xuece-soc,112,34,地理,金門季風,C,R,S0,T6,G3,金門沒有山阻擋，冬季東北季風強勁,該地具有風速強勁的特色，下列何者是形成此特色的主要原因？ (A)緊鄰大陸且無山勢屏障，導致冷鋒常夾帶強風長驅南下 (B)太平洋熱帶性低氣壓擾動頻繁，導致強風吹襲日數較多 (C)季風通過臺灣海峽，由於海峽寬度縮減，導致風速增強 (D)太陽幾乎終年直射，對流旺盛，導致白天常有強風發生,xuece-soc-112-34
學測社會,xuece-soc,112,35,地理,研究方法（比例尺）,D,E,S5,T2,G6,探究石獅爺與風向，需要位置分布、風向等客觀資料,若該生要獲得較具科學性的成果，除利用GPS 工具外，還適合透過下列哪三項 資料作為支持此探究主題的材料？甲、遊客問卷結果；乙、耆老訪談紀錄；丙、 聚落分布圖（比例尺1/400000）；丁、聚落內部測繪圖（比例尺1/1000）；戊、 聚落附近測站的氣候數據；己、田野調查當天的風向風速計測量數據。 (A)甲丙戊 (B)甲丁己 (C)乙丙己 (D)乙丁戊,xuece-soc-112-35
學測社會,xuece-soc,112,36,地理,曲流地形,B,D,S4,T5,G7,洪水從高處的甲河段來，沖擊基蝕坡上的聚落,照片中聚落的災情，其形成原因最可能為下列何者？ (A)洪水從甲河段襲來，沖擊位於滑走坡的聚落 (B)洪水從甲河段襲來，沖擊位於基蝕坡的聚落 (C)洪水從乙河段襲來，沖擊位於滑走坡的聚落 (D)洪水從乙河段襲來，沖擊位於基蝕坡的聚落,xuece-soc-112-36
學測社會,xuece-soc,112,37,地理,行星風系,A,R,S5,T5,G8,德國在西風帶，降水與極圈氣旋帶的鋒面有關,若以行星風系的尺度，造成該次降水事件的原因，最可能與下列哪個風帶或氣壓 帶關係密切？ (A)極圈氣旋帶 (B)極地高壓帶 (C)東北信風帶 (D)副熱帶高壓帶,xuece-soc-112-37
學測社會,xuece-soc,112,38,地理,產業連鎖,A,R,S5,T2,G8,上下游相互依存：產業連鎖緊密,文中提到臺灣成為世界晶片重要供應地的原因，最可能是該產業具有下列哪項發 展特性？ (A)產業連鎖較緊密 (B)規模經濟較龐大 (C)工業慣性較明顯 (D)生產趨向標準化,xuece-soc-112-38
學測社會,xuece-soc,112,39,地理,知識經濟,B,R,S5,T2,G8,需要高品質技術與人力：知識經濟,若僅針對文中所述，其他亞洲開發中國家短期難以複製臺灣經驗的原因，最可能 是下列何者？ (A)欠缺良好原料工業區位條件 (B)知識經濟發展進程相對緩慢 (C)企業未能形成垂直整合結構 (D)國際分工體系尚未完整建立,xuece-soc-112-39
學測社會,xuece-soc,112,40,地理,環域分析,A,E,S5,T2,G6,找住在油井周圍一定距離內的人口：環域分析,該篇學術研究最可能使用到下列哪種地理資訊分析方法？ (A)環域分析 (B)路徑分析 (C)視域分析 (D)地形分析,xuece-soc-112-40
學測社會,xuece-soc,112,41,地理,美國拉丁裔,C,R,S3,T7,G1,加州南部、德州西南部：拉丁裔,文中提到的社群最可能是以下列哪個族裔為主？ (A)亞裔 (B)非裔 (C)拉丁裔 (D)阿拉伯裔,xuece-soc-112-41
學測社會,xuece-soc,112,42,地理,避難處選址,D,D,S3,T5,G1,易達性高又安全：避開河道與坡地,依據題文及圖7，鄉公所最可能選擇下列何處作為「災害應變中心避難收容處」 的設置地點？ (A)甲 (B)乙 (C)丙 (D)丁,xuece-soc-112-42
學測社會,xuece-soc,112,43,歷史,霧社事件,C,K,S1,T1,H1,賽德克族被迫遷居：霧社事件後的集團移住,導致部分賽德克族人被遷居到南豐村的歷史事件是： (A)1906年日警設置隘勇線，被迫退居南豐村 (B)1910年林野調查後，喪失地權而遷居此處 (C)1930年霧社事件後，因集團移住遷居於此 (D)1937年皇民化政策後，強制遷居至川中島,xuece-soc-112-43
學測社會,xuece-soc,112,44,公民,民主治理,D,E,S5,T2,C3,政府與部落合作決策：民主治理重視參與協力,該部落與政府合作的計畫，最能凸顯以下哪項民主治理的理念？ (A)由地方政府推動資源分配計畫，最能代表在地意見 (B)經民眾投票產生的多數決，最符合公平的決策模式 (C)民眾直接參與決策比由議會決定，更符合公共利益 (D)開放地方民眾參與決策過程，更能回應在地的需求,xuece-soc-112-44
學測社會,xuece-soc,112,45,公民,原住民族權利,B,E,S5,T2,C2,部落申請的是傳統領域的權利,題文中該部落申請之權利，其性質和下列所舉的原住民族權利中的哪種權利相同？ (A)選擇信仰的權利 (B)傳統領域的權利 (C)原住民傳統姓名權 (D)申請保留地的權利,xuece-soc-112-45
學測社會,xuece-soc,112,46,公民,研究方法（網路參與）,C,E,S5,T4,C2,要驗證同溫層現象，需要不同立場者互動的資料,若要探究我國是否出現該學者指稱的參與現象，下列何者是最適當且必要的佐證 資料？ (A)公共政策網路參與平台提案者及附議者的政黨立場分析 (B)不同政黨支持者的教育程度及其網路使用行為之相關性 (C)民眾網路言論傾向與對不同政黨支持者的好感度之關聯 (D)民眾的政黨偏好及其對政府施政滿意度的網路調查分析,xuece-soc-112-46
學測社會,xuece-soc,112,47,公民,非選：民主原理,非選,E,S5,T0,C3,非選：由鍵盤參與的現象判斷民主運作的原理,依題文判斷，該學者所謂的「民主政府組織及運作的最重要原理」，應為下列何 者？請在答題卷表格先勾選一項最重要的原理，再從題文摘述判斷依據。（3 分， 20 字內；左欄未勾選或勾錯，本題不計分） 最重要的原理 題文判斷依據 □ 政黨輪替 □ 三權分立 □ 分權制衡,xuece-soc-112-47
學測社會,xuece-soc,112,48,歷史,城隍信仰,B,R,S1,T2,H8,城隍信仰對應行政層級：分層管理,鎮城隍廟也祀奉各自所屬縣的城隍爺，其主要原因最可能是： (A)鎮城隍廟主神需同樣是周圍農村信仰的神 (B)城隍信仰可反映分層管理的地方行政體系 (C)從縣城往來市鎮者能夠於交易時順道參拜 (D)國家開始在市鎮設置政府機構以管理商業,xuece-soc-112-48
學測社會,xuece-soc,112,49,歷史,非選：市鎮興起,非選,R,S1,T0,H2,非選：鎮城隍廟出現，反映市鎮興起、工商業發達,根據題文，明代中期以後江南地區出現鎮城隍廟，反映什麼新的社會現象？請在 答題卷上勾選一個正確選項（1 分），並從題文內找出論據（2 分，40 字內）。 新的社會現象 論據 □ 市鎮地位提升 □ 縣治地位下降 □ 土地信仰衰微,xuece-soc-112-49
學測社會,xuece-soc,112,50,地理,珊瑚礁地形,D,D,S3,T5,G1,高雄淺山海拔 300 m：隆起珊瑚礁（壽山）,該地獼猴的棲地，最可能屬於下列哪種生態環境？ (A)火山邊坡坡地上密布的灌木叢與箭竹林 (B)廣大沙丘群上遍布的防風林與保安林木 (C)高位河階地上長滿茂密果實的針葉林木 (D)海岸隆起珊瑚礁山丘上蓊鬱的闊葉林木,xuece-soc-112-50
學測社會,xuece-soc,112,51,地理,非選：環境負載力,非選,D,S3,T0,G1,非選：猴群往步道移動，棲地食物不足,從環境負載力的角度，在答題卷的表格中以40 字內寫出猴群移動的趨勢及可能 原因。（3 分） 猴群移動趨勢及可能原因,xuece-soc-112-51
學測社會,xuece-soc,112,52,公民,育嬰政策,B,E,S5,T2,C1,鼓勵夫妻共同分攤育嬰責任,依題文資料推論，上述某國所施行的政策，是想要透過什麼策略來提高生育率？ (A)鼓勵新婚夫妻之一方退出職場 (B)鼓勵夫妻共同分攤育嬰的責任 (C)提升高齡已婚婦女的生育意願 (D)提供年輕人早婚並生育的誘因,xuece-soc-112-52
學測社會,xuece-soc,112,53,地理,人口轉型,A,R,S5,T5,G8,出生率雖較高，北歐仍屬低穩定階段,資料中提及出生率相對較高的國家，其人口轉型最可能處於下列哪個階段？ (A)低穩定階段 (B)高穩定階段 (C)早期擴張階段 (D)晚期擴張階段,xuece-soc-112-53
學測社會,xuece-soc,112,54,公民,非選：生育率因素,非選,R,S5,T0,C7,非選：北歐性別平等與托育支持較完善,學者甲若依據自己的發現來解釋北歐國家出生率比東亞國家高的現象，最可能選 擇下列哪個因素來解釋？請在答題卷表格勾選一項，並參考題文說明判斷理由。 （3 分，30 字內；左欄未勾選或勾錯，本題不計分） 最可能解釋的因素 參考題文說明判斷理由 □ 經濟發展 □ 社會規範 □ 人口政策,xuece-soc-112-54
學測社會,xuece-soc,112,55,歷史,沉船貨物（瓷器）,D,R,S1,T1,H1,中國對外輸出的主要商品是瓷器,依據題文，下列何者最可能是該沉船打撈起來的貨物？ (A)象牙 (B)香料 (C)銀幣 (D)瓷器,xuece-soc-112-55
學測社會,xuece-soc,112,56,地理,非選：繪東西洋分界,非選,D,S3,T0,G1,非選：以文萊（婆羅洲）為東西洋的分界,"依照文中民國初年學者的研究成 N 果，請在東南亞的範圍內，於答題卷 0 500 1,000 公里 的地圖中畫出明代東洋與西洋的分 分界線 界線。（3 分） 摩鹿加群島 蘇門答臘 小巽他群島",xuece-soc-112-56
學測社會,xuece-soc,112,57,歷史,玉山定名,B,E,S1,T2,H8,由統治者命名，反映主權的轉移，如阿拉斯加改名,題文中「玉山」最後的定名，從統治權力運作的觀點來看，與下列哪項事件性質 最接近？ (A)雍正廢除清朝初建課徵的丁稅（人口稅），改為攤丁入地（畝） (B)阿拉斯加被俄羅斯出售後，曆法制度從原有曆法改為公（西）曆 (C)臺灣省政府發行新臺幣，以取代臺灣省行政長官公署發行的臺幣 (D)南韓政府將首都官方中文譯名，以首爾取代獨立後即使用的漢城,xuece-soc-112-57
學測社會,xuece-soc,112,58,地理,等高線山脊,C,D,S3,T5,G6,等高線向低處凸出的是山脊,不考慮天氣因素，僅由圖9 的等高線疏密與地形走向判斷，圖中哪條路線是沿著 山脊前進，並且最有可能在沿路就可遠眺到Morrison 船長駛入的港口？ (A)玉山西峰→玉山 (B)玉山北峰→玉山西峰 (C)玉山→玉山北峰 (D)玉山東峰→玉山北峰,xuece-soc-112-58
學測社會,xuece-soc,112,59,歷史,非選：原住民傳說,非選,R,S1,T0,H2,非選：大洪水傳說可討論族群起源與遷徙,原住民族關於玉山的傳說，可用於討論哪項議題？請在答題卷上勾選一個正確議 題（1 分），並從題文中找出判斷依據且加以說明（2 分，50 字內）。 議題 判斷依據與說明 □ 各族的名稱起源 □ 各族的活動空間 □ 各族的社會階層,xuece-soc-112-59
學測社會,xuece-soc,112,60,公民,媒體再現,C,E,S5,T2,C7,錯誤名稱持續流傳：媒體再現,某生發現至今仍有很多人誤以為西班牙流感起源於西班牙，為探究此種以訛傳訛、 持續發生的認知錯誤問題，該生最適合使用下列哪個概念展開探究？ (A)媒體近用 (B)媒體壟斷 (C)媒體再現 (D)媒體守門,xuece-soc-112-60
學測社會,xuece-soc,112,61,歷史,非選：史料（西班牙流感）,非選,R,S1,T0,H2,非選：用當時的原始紀錄考證疫情最早的發生地,今日若要藉由歷史考察來修正「西班牙流感」這個錯誤名稱，最適合使用的材料 為何？請在答題卷上勾選一個正確選項（1 分），並說明此材料適合使用的理由 （3 分，40 字內）。 最適合修正「西班牙 此材料適合使用的理由 流感」名稱的材料 □ 1918 年各國衛生單位的疫情記錄 □ 1918 年各國疫情新聞報導的內容 □ 1918 年西班牙的疫情升降曲線圖,xuece-soc-112-61
學測社會,xuece-soc,112,62,地理,非選：分級符號地圖,非選,D,S2,T0,G2,非選：以大小不同的符號表示死亡人數,依照表3 的數據，請在答題卷的地圖中，以分級符號方式繪製「流感死亡人數」 的統計地圖，並繪製圖例。（4 分） 費城 堪薩斯城 洛杉磯 圖例 死亡人數（人） 2000 以上 500 – 2000 500 以下,xuece-soc-112-62
學測社會,xuece-soc,112,63,歷史,瓜分非洲,C,R,S2,T1,H1,十九世紀下半葉：柏林會議瓜分非洲,從表4 可見「漠南非洲」飢餓指數高於世界其他地區，其與十九世紀下半葉歐洲 多國在非洲的剝削與掠奪有關。以下何者是發生於當時的歷史事件？ (A)歐洲海權大國開始尋找到亞洲最短的貿易路線 (B)歐洲商人在西非洲沿岸設立了販售黑奴的據點 (C)歐洲強權召開國際會議決定非洲勢力劃分原則 (D)歐洲人的殖民使當地人團結反抗種族隔離政策,xuece-soc-112-63
學測社會,xuece-soc,112,64,地理,糧食生產,D,D,S2,T4,G2,飢餓與糧食分配不均有關，不只看產量,若僅針對表4 內容，可推論21 世紀全球的糧食生產，最可能出現下列哪項發展 過程？ (A)南方區域國家農業技術不及富裕國家，糧食生產總量成長較慢 (B)中低收入國家出口糧食給富裕國家，呈現出不平等交換的關係 (C)氣候變遷使部分地區糧食減產，糧食貿易全球化程度持續緊密 (D)品種改良、灌溉進步等因素，導致糧食增產與人口壓力的減輕,xuece-soc-112-64
學測社會,xuece-soc,112,65,公民,非選：生產可能線,非選,R,S2,T0,C5,非選：在生產可能線上標出生產組合,若以圖10 描述全球小麥及其他糧食的 其 生產與消費組合，圖中的P 點為滿足全 他 糧 球糧食消費的組合，請根據題文資訊， 食 在答題卷表格左欄，以直線連結橫軸與 縱軸上各一圓點，繪出一條符合題文之 生產可能線示意圖，並從題文摘述判斷 P 的依據。（3 分，25 字內；左欄錯誤或 未作答，本題不計分） 0 小麥 圖10 二、非選擇題 說明：本部分共有 1 題，配分標於題末。限在標示題號作答區內作答。「非選擇題作圖部 分」使用 2B 鉛筆作答，更正時以橡皮擦擦拭，切勿使用修正帶,xuece-soc-112-65
學測社會,xuece-soc,112,66,公民,非選：行政罰,非選,E,S5,T0,C2,非選：申報不實要處行政罰,某公司從某國進口符合該國食用油標準之食用油，但進口時為逃避繁瑣的進口檢 驗，刻意選擇「工業用途」名義以加速通關。相關食安法律規定，申報不實得處 新臺幣三百萬元以下罰鍰。某市政府查獲該公司申報不實後，因其行為對消費者 造成重大食安疑慮，決定處以最高額度的罰鍰。該公司不服，表示該油品符合輸 出國的食用油標準，並無影響人民健康的重大違法情節。依前述，該公司若要提 起行政訴訟，訴訟攻防中可以主張的法律原則為何？請在答題卷表格左欄勾選一 項原則，並從題文摘述對應的事實論據。（3 分，2,xuece-soc-112-66
學測社會,xuece-soc,113,1,公民,原住民族文化權,B,E,S5,T2,C2,歲時祭儀定為法定節日：保障原住民族的文化權,我國「紀念日及節日實施辦法」規定，臺灣原住民族各族的歲時祭儀日期，依 原住民族委員會的公告，定為法定民俗節日，各該族原住民應予放假。從公民權 利與社群資源分配的角度思考，該立法用意與下列何者最為相近？ (A)民法規定父母應以書面約定子女要從父姓或母姓 (B)國家語言發展法將臺灣手語納入國家語言的範圍 (C)國籍法解除限制新住民歸化未滿十年不得參選公職之規定 (D)廣播電視法規定無我國國籍者不得為股東或擔任董監事職務,xuece-soc-113-1
學測社會,xuece-soc,113,2,公民,繼承順位,A,E,S5,T2,C2,未婚無子女、兄已過世：法定繼承人不包括嫂嫂，要靠遺囑,某甲未婚無子女，僅有一兄長，父母過世後，仍繼續與兄嫂及姪兒姪女共5 人同 住。其兄過世後，甲善待嫂嫂，視姪兒姪女如己出，長年承擔其生活費用。如甲 亦不幸身故，且生前未留遺囑，依我國民法規定，下列何者會是甲之遺產的繼承 情形？ (A)無法定繼承人且無遺囑故遺產歸國有 (B)由其血親卑親屬姪兒與姪女共同繼承 (C)因其兄已逝故由姪兒與姪女代位繼承 (D)其嫂及姪兒姪女應繼分各為三分之一,xuece-soc-113-2
學測社會,xuece-soc,113,3,公民,供需（咖啡）,B,R,S1,T3,C4,咖啡風行使需求增加，帶動殖民地擴大種植,小宜在書上讀到一段資料：「十七世紀以後，咖啡風行歐洲，帶動咖啡消費風氣， 使之成為大眾化飲料，歐洲各國其後也開始在殖民地大量種植咖啡。」依據此段 歷史敘述，小宜推斷當時的咖啡市場價格應該會下跌。依市場分析，其推論之依 據應為下列何者？ (A)咖啡已經成為大眾化飲品，消費市場便容易發生短缺 (B)咖啡消費需求增加，但殖民地大量種植供給增加更大 (C)歐洲各國在殖民地種植咖啡後，同步刺激了消費成長 (D)政府預期咖啡價格將有大波動，採取了價格管制政策,xuece-soc-113-3
學測社會,xuece-soc,113,4,歷史,西班牙占北臺,B,R,S1,T1,H1,荷蘭與日本威脅西班牙航運，因此占領北臺灣,十七世紀荷蘭人來臺後，西班牙官員的報告提到：「荷蘭與日本帶給我們極大的 損失，如去年荷蘭人擄獲一艘我國船隻，船上載著大量銀兩。… … 我建議在臺灣 的另一個港口取得據點，便可將荷蘭人逐出他們的現居地。如果國王能在那裡建 一商館，將使我們的根據地回復舊時榮光。」報告中「另一個港口」和「根據地」 分別是指： (A)打狗、澳門 (B)基隆、馬尼拉 (C)安平、麻六甲 (D)淡水、巴達維亞,xuece-soc-113-4
學測社會,xuece-soc,113,5,歷史,南宋都市環境,D,D,S1,T2,H8,跨溝造屋、垃圾丟溝中：南宋城市的環境衛生問題,在歷史課程中，某生找到一份有關南宋繁華城市的資料：城中的民家緊鄰壕溝， 甚至跨溝造屋而居，人們多將垃圾、穢物等丟棄溝中，不僅處處汙穢潮濕，偏街 窄巷的氣味更讓人掩鼻難耐。根據上述資料分析，下列哪個推論最合理？ (A)政府忙於抗金，無力管理居民 (B)瘴癘盛行，導致城市惡臭潮濕 (C)坊市瓦解，無力維修城郭街道 (D)城市人口密集，公共衛生欠佳,xuece-soc-113-5
學測社會,xuece-soc,113,6,歷史,越戰,D,R,S1,T6,H2,美國以自己的價值判斷越南，忽略當地歷史文化,美國前國防部長檢討越戰失利，指出：「美國錯以為當地人會為自由民主而戰， 我們以為好的，對越南人而言，未必一定是好的，這反映我們對當地歷史、文化、 政治的無知。我們又不肯承認現代軍事科技在面對北越陣營士氣高昂時，仍有力 不從心之處。」他認為美國的錯誤最主要是： (A)美國出兵越南不符合國家利益 (B)美國軍事科技的能力有侷限性 (C)越南因信奉共產主義而反民主 (D)忽略越南人民的民族獨立意志,xuece-soc-113-6
學測社會,xuece-soc,113,7,歷史,明代人口隱匿,A,D,S2,T4,H5,無天災戰亂人口卻銳減：戶口隱匿逃避賦役,"某生進行探究學習時，根據明代《寧波府志》的資料，整理出1522 至1542 年間 鄞縣等地的人口資料（表1）。比對史書記載，發現此時期該地區並無大的天災 或戰亂，按理戶數和人口數應會增加，但實則不然。針對上述現象，以下哪個解 釋最合理？ 表1 嘉靖1 年（1522） 嘉靖11 年（1532） 嘉靖21 年（1542） 縣 戶數 人口數 戶數 人口數 戶數 人口數 鄞縣 58,345 193,380 58,350 193,385 58,355 193,395 慈溪 21,000",xuece-soc-113-7
學測社會,xuece-soc,113,8,歷史,文藝復興菁英,C,D,S2,T1,H1,菁英多是畫家、商人：文藝復興時期的佛羅倫斯,學者分析歐洲某一時期某地600 名社會菁英的職業類別及其家庭背景，如圖1、 圖2 所示。這種情況最可能出現於下列何時、何地？ 3% 8% 19% 9% 畫家和雕塑家 工匠或店主的孩子 作家和人文學者 貴族的孩子 科學家 商人或專職者的孩子 53% 音樂家 農民或園林工人的孩子 30% 33% 45% 圖2 圖1 (A)西元前一世紀，亞歷山卓 (B)西元十一世紀，拜占庭 (C)西元十五世紀，義大利 (D)西元十九世紀，日耳曼,xuece-soc-113-8
學測社會,xuece-soc,113,9,歷史,隘防政策,B,D,S2,T5,H5,由官隘與民隘人數的變化判斷趨勢：官方逐步接管,"為開發山林資源，日治前期延續清代臺灣山區的隘防政策，以防堵原住民。根據表 2 呈現的官隘與民隘人數變化，可說明日治前期隘防政策的哪種發展趨勢？ 表2 隘勇人數 時間 官隘 民隘 合計 1895 -- 568 568 1897 159 437 596 1903 3,054 0 3,054 (A)官方僱用平埔族人防禦 (B)山區防禦漸由官方主導 (C)從武力鎮壓到安撫教化 (D)山區居民漸被官方撤離",xuece-soc-113-9
學測社會,xuece-soc,113,10,歷史,八二三與柏林,A,R,S1,T1,H1,攻擊沿海小島是拿下臺灣的前奏，比照柏林,1960 年美國總統候選人尼克森表示：中國共產黨聲明，攻擊沿海小島只是拿下臺灣 的前奏。一旦中共發動對臺灣的攻擊，美國將站在盟友這邊，如同對歐洲某個城市 的支持一樣。他說的沿海小島和歐洲城市分別指： (A)金門、柏林 (B)大陳、倫敦 (C)澎湖、巴黎 (D)馬祖、華沙,xuece-soc-113-10
學測社會,xuece-soc,113,11,歷史,黨化教育,B,R,S1,T1,H1,國民黨領導、三民主義取代帝國主義：黨化教育,某本歷史教科書在最後一節「未來的世界」中有如下結論：「國民黨領導的國民 革命是世界革命的準繩，三民主義將取代帝國主義和社會主義，成為領導人類建 立大同世界的普遍理念，中國對於這一目標的實現負有不可推卸的責任。」這最 可能是何時、何地的教科書？ (A)1910年代初的北京 (B)1930年代初的上海 (C)1960年代末的南京 (D)1990年代末的香港,xuece-soc-113-11
學測社會,xuece-soc,113,12,歷史,大化革新,C,R,S1,T1,H1,土地國有分授、徵收租庸調：日本大化革新,日本某位天皇在位期間，曾將國有土地分授給人民，並規定不得買賣，死後必須 歸還政府；同時，政府也向人民徵收穀物、布疋，以及要求貢納各鄉土的特產。 上述措施，最可能受到中國哪個制度的影響？ (A)三國戶調制 (B)西晉占田制 (C)唐代租庸調法 (D)明代一條鞭法,xuece-soc-113-12
學測社會,xuece-soc,113,13,歷史,新加坡華人,A,R,S1,T1,H1,1818 年英人開闢、華人建廟：新加坡,亞洲某處沿海寺廟的建廟碑文寫道：「… … 崇祀聖母神像，我唐人所共建也。自 嘉慶二十三年（1818 年），英吏斯臨，新闢是地，… … 謂可為商賈聚集之區。… … 數年之間，遂成一大都會。我唐人由內地帆海而來，經商茲土，惟賴聖母慈航。」 從碑文判斷，此寺廟最可能的地點是： (A)新加坡 (B)雅加達 (C)馬尼拉 (D)長崎,xuece-soc-113-13
學測社會,xuece-soc,113,14,地理,觀光地理,C,R,S5,T2,G8,劇場、溫泉、祈福：結合多元資源的觀光地理,日本大阪西北方的「寶塚市」，為知名觀光旅遊勝地。遊客可在榮町的寶塚大劇 場觀賞東西方歷史劇表演，在湯本町的寶塚溫泉泡湯，參訪市郊紫雲山以祈求安 產、護佑嬰兒聞名的佛寺中山寺，參觀武庫川町的手塚治虫漫畫紀念館。上述哪 個地方的景點，最能說明東亞文化圈的擴散現象？ (A)榮町 (B)湯本町 (C)紫雲山 (D)武庫川町,xuece-soc-113-14
學測社會,xuece-soc,113,15,歷史,北宋泉州海外貿易,D,R,S1,T3,H4,人多地瘠、向海發展：泉州海外貿易興盛,北宋末年有詩云：「泉州人稠山谷瘠，雖欲就耕無地辟，州南有海浩無窮，每歲 造舟通異域。」該詩最可能說明當時泉州具有下列哪種社經發展特色？ (A)生產技術革新，促使沿岸漁業產量提升，居民財富得以增加 (B)土地贍養力低，人們多前往臺灣從事墾殖，在異鄉建立聚落 (C)產業升級快速，從事手工業以增加附加價值，提高人均收入 (D)人口壓力過重，居民透過對外貿易創造利潤，彌補家鄉生計,xuece-soc-113-15
學測社會,xuece-soc,113,16,地理,網購蔬菜箱,D,E,S5,T2,G8,網購蔬菜箱讓小農獲利，但也有新的挑戰,在COVID-19 疫情期間，社會上開始出現網購蔬菜箱的風潮。在地小農將自身生 產的多樣蔬果放入蔬菜箱透過宅配到消費者手上，帶來更多的利潤。然而此情況 卻可能阻礙下列哪種農業發展現象？ (A)精緻農業 (B)產銷履歷 (C)智慧農業 (D)農業專業化,xuece-soc-113-16
學測社會,xuece-soc,113,17,歷史,開港與茶業,A,R,S1,T1,H1,開港後茶業興起，茶鄉的採茶生活,某同學小論文探究臺灣某茶鄉的產業發展，採集到具有地方特色的閩南語「相褒 歌」：「透早（清晨）出門上茶山，冷風吹來會畏寒（感到寒冷）。親像（好比） 孤鳥揣（找）無伴，怎樣放我會孤單。」當地種茶事業的發達與1860 年代「臺 灣開港」有密切關係，1860 至1960 年代也是「相褒歌」最流行的期間。該小論文 研究區域最可能位於下列何地？ (A)新北市石碇區烏塗窟 (B)新竹縣北埔鄉六份壢 (C)南投縣竹山鎮杉林溪 (D)嘉義縣阿里山鄉樂野,xuece-soc-113-17
學測社會,xuece-soc,113,18,地理,自然災害與地名,A,D,S4,T5,G7,五營小廟位置對應村落範圍，找容易發生災害的方向,臺灣部分村落常在四周外緣設置東、西、南、北、中等五營的小廟，以彰顯守護 的村落範圍，並象徵能避開災禍侵擾。照片1 為某村落五營中的兩座小廟，其對 聯呈現該村落常面臨的自然災害；若自然災害與自然環境有關，而地名可顯示 當地自然環境特徵，這兩座小廟最可能位於下列哪組地名所在村落的外緣？ 照片1 (A)大潭、後塭仔 (B)崁頂、馬頭山 (C)東澳、烏石鼻 (D)大坪頂、松柏崙,xuece-soc-113-18
學測社會,xuece-soc,113,19,地理,泥炭地,D,R,S5,T6,G5,泥炭地在熱帶雨林帶，開發會釋放大量碳,研究指出，某自然景觀帶廣布泥炭地的重要原因之一，是該景觀帶具有終年潮濕 積水的環境；而該景觀帶若進行大規模開採礦物、石油，或持續焚林種植油棕樹 等作物時，將可能導致泥炭地乾涸，甚至消失，促使泥炭繼續分解，釋放大量二 氧化碳至大氣中。為防患未然，研究者對位於該景觀帶的國家進行分析，最可能 歸納出這些國家大多具有下列哪項社會經濟發展特色？ (A)居民組成以穆斯林為主，但受歐美干涉內政影響，國內宗教衝突頻仍 (B)政府以都市工作為誘因，吸引鄉村貧民移入，間接促使世界都市成形 (C),xuece-soc-113-19
學測社會,xuece-soc,113,20,地理,板塊與生物分布,D,R,S3,T5,G1,有袋類隨板塊分離而遷移、隔離,地球上有袋類動物起源於北美洲，目前主要分布在澳洲，另外南美洲亦有少數分 布，其棲地廣闊。關於澳洲有袋類物種遷 移路線之一，學界有不同觀點，有的主張： 早期地球有兩塊大陸，其中之一為岡瓦納 大陸，有袋類在該大陸內部遷移，等到該 大陸分裂成現今的數個大洲後，由於澳洲 地理位置的特性，才使它成為絕大多數有 袋類分布區。至於在亞洲、非洲發現的有 袋類化石，則與歐洲的物種關係較為密 切，與澳洲有袋類化石關係較遠。圖3 為 圖3 岡瓦納大陸復原圖，圖中哪條物種遷移路 線，最符合上述學界的,xuece-soc-113-20
學測社會,xuece-soc,113,21,公民,絕對利益,D,R,S5,T2,C1,男性在數理「先天較強」：類似絕對利益,該校長認為男生比女生有優勢的觀點，若純粹以經濟學觀點來理解，最接近下列 哪個概念的意涵？ (A)人力資本 (B)比較利益 (C)市場機能 (D)絕對利益,xuece-soc-113-21
學測社會,xuece-soc,113,22,公民,性別刻板印象,C,E,S5,T4,C7,要反駁「先天優勢」，需證明差異來自環境而非天生,假定下列各敘述在現實世界中都成立，如果要指出該校長上述觀點有誤，下列何 者可構成反駁校長的充分理由？ (A)一般人對於男性與女性科學家的尊敬與信任程度，並沒有差異 (B)中學老師在評量學生的數理成績時，會出現高估男學生的偏誤 (C)男女學生在各個學習階段的數理能力表現相當，幾乎沒有差異 (D)很多女性科學家表示，在學生階段曾受到女性數理老師的啟蒙,xuece-soc-113-22
學測社會,xuece-soc,113,23,公民,民主課責,A,E,S5,T2,C3,記者會說明政策：類似定期公布治安與因應措施的民主課責,如就「民主課責」而言，政府相關首長經常舉行記者會向各界說明疫情，和下列 哪項政府定期措施的性質最相近？ (A)公布治安狀況，並提出主管機關的因應措施 (B)發布死刑存廢的民意調查數據，供人民參考 (C)公告食品衛生標準，定期邀請學者討論修正 (D)提供健康飲食生活標準，要求各界廣為宣導,xuece-soc-113-23
學測社會,xuece-soc,113,24,公民,法律保留（特別條例）,D,E,S5,T2,C2,限制人民權利要有法律依據：以特別條例解決法律保留,立法院迅速通過題文中的特別條例，其為解決之法律爭議與某個法律原則相關。 請問該原則與下列哪一敘述中蘊含的法律原則最相近？ (A)有論者認為，不禮讓行人者應一律以最高額度罰鍰處罰 (B)大法官釋憲後確定相同性別二人可至戶政機關辦理結婚登記 (C)政府原有補助人民投保防疫險，後以財政困難為理由突然停止補助 (D)學者表示，土地登記規則對人民財產有巨大影響，應從命令升格為法律,xuece-soc-113-24
學測社會,xuece-soc,113,25,公民,GDP 計算,C,R,S5,T2,C4,找會影響國內生產毛額的經濟活動,「對居家隔離民眾違規外出處以重罰」這項措施，請判斷下列何者最可能衍生 對國內生產毛額之影響？ (A)部分被隔離民眾擅自出門，購買路邊小吃攤的食物來解饞 (B)政府將民眾違反防疫措施所繳交之罰鍰，轉用於紓困補貼 (C)居家隔離民眾為恢復健康，透過外送平台訂購營養補給品 (D)為排遣時間，被隔離的民眾熱衷於報名國外大學線上課程,xuece-soc-113-25
學測社會,xuece-soc,113,26,公民,數位落差,D,E,S5,T2,C1,偏鄉缺乏設備與網路：數位落差,學校採線上教學期間，有學者認為此舉將對偏鄉學生的學習品質造成負面影響。 該學者持此論點的依據最可能為下列何者？ (A)科技發展經常導致社會變遷 (B)科技創新加速時空收斂現象 (C)科技產品的生命週期很短促 (D)科技事物的近用上有所落差,xuece-soc-113-26
學測社會,xuece-soc,113,27,歷史,羅馬胡椒,B,R,S4,T6,H3,胡椒與銀器都昂貴，可彰顯身分,將胡椒放置在銀製容器中，最可能的原因是： (A)胡椒接觸銀器後會產生化學作用，可以增加香料風味 (B)胡椒和銀器都是高價格的物品，人們常用來彰顯身分 (C)胡椒可防止食物腐敗，放入貴重容器代表重視其寓意 (D)歐洲盛產白銀，人們常用來製作存放各種物品的器皿,xuece-soc-113-27
學測社會,xuece-soc,113,28,歷史,羅馬印度貿易,C,D,S3,T5,H7,羅馬經紅海、印度洋到印度的貿易路線,圖4 中，若以羅馬城為中心，羅馬帝國至胡椒產地的主要貿易路線最可能是： (A)甲 (B)乙 (C)丙 (D)丁,xuece-soc-113-28
學測社會,xuece-soc,113,29,地理,歐洲區域,B,D,S2,T5,G2,依經濟資料判斷各國位置：北歐、西歐所得高，東歐較低,表3 的甲、乙、丙、丁四個國家，最可能分別位在下圖中的何處？ (A) (B) 丁 丁 乙 乙 甲 丙 丙 甲 (C) (D) 乙 乙 丁 丁 丙 甲 丙 甲,xuece-soc-113-29
學測社會,xuece-soc,113,30,地理,歐盟整合,C,R,S2,T4,G2,成員國之間發展差距大：政策整合的困難,根據表3，該生從歐盟各區域成員國之間的經濟發展狀況，最可能進行下列哪項 主題的探究？ (A)歐盟製造業發展的困境 (B)歐盟向東擴散趨勢分析 (C)歐盟政策整合面臨的挑戰 (D)歐盟國家不平等交換現象,xuece-soc-113-30
學測社會,xuece-soc,113,31,地理,颱風降水,A,R,S2,T5,G3,9 月上游大雨：颱風外圍環流,造成該河川上游降水的主要原因，最可能是下列何者？ (A)颱風外圍環流影響 (B)北方強烈冷鋒過境 (C)熱力對流旺盛引起 (D)滯留鋒面停留盤旋,xuece-soc-113-31
學測社會,xuece-soc,113,32,地理,水文站判讀,B,D,S2,T5,G2,最高水位發生時間由早到晚：上游到下游,這五個觀測站依照上游至下游的排列順序，最可能為下列何者？ (A)乙丙丁甲戊 (B)丙戊乙甲丁 (C)丁甲乙戊丙 (D)戊甲丁丙乙,xuece-soc-113-32
學測社會,xuece-soc,113,33,歷史,烏克蘭歷史,C,E,S1,T2,H8,以史實反駁：烏克蘭有獨立的歷史發展,以下何者最能從歷史的角度，反駁上述俄羅斯對烏克蘭發動侵略的理由？ (A)烏克蘭是俄羅斯歷史、文化不可分割的一部分，兩國屬於同一民族 (B)現代烏克蘭是由俄國共產主義者創造的國家，不是一個真正的國家 (C)烏克蘭人認定，九世紀立國的基輔羅斯國是其歷史文化發展的源頭 (D)應以俄羅斯文化為基礎聯合東斯拉夫民族，共創單一的俄羅斯民族,xuece-soc-113-33
學測社會,xuece-soc,113,34,公民,媒體識讀,D,E,S5,T2,C7,判斷訊息真偽要追問資訊來源與證據,針對俄羅斯國營媒體和英美國際媒體間出現重大訊息落差的情形，若從媒體識讀 的角度出發，下列何者為最關鍵的提問，可以協助我們判斷訊息真偽？ (A)報導者的國籍背景及媒體機構的所有權歸屬為何？ (B)報導內容是否提供清晰可辨識的圖像或影像證據？ (C)新聞媒體是否屬於高知名度及公信力的國際媒體？ (D)報導者是否提出充分且符合因果時序的佐證支持？,xuece-soc-113-34
學測社會,xuece-soc,113,35,地理,遙測解析度,B,E,S5,T2,G6,要數人數需要高解析度，重返週期也要短,某生欲取得衛星影像計算當時倒臥路旁的受害者人數，考量衛星解析度與拍攝到 同地點的重返週期，下列哪個衛星最適合？ (A)M衛星，重返週期1天，解析度250公尺 (B)W衛星，重返週期4.5天，解析度0.3公尺 (C) S 衛星，重返週期5天，解析度10公尺 (D) L 衛星，重返週期16天，解析度30公尺,xuece-soc-113-35
學測社會,xuece-soc,113,36,公民,農產品開放,D,D,S2,T3,C5,開放進口使國內價格下降，農民福祉減少,依題文，此農民抗議起因於政府農產品政策對農民經濟福祉的影響。假設圖5 為 國內農產品市場供需的兩種情形，請判斷 甲 乙 P P 前述情境適用甲圖或乙圖，並從經濟福祉 S S 的角度分析可能的影響為何？ 國際市場價格 (A)適用甲圖，開放進口後，消費者剩餘會增加 國際市場價格 (B)適用甲圖，開放進口後，生產者剩餘會減少 D D O Q O Q (C)適用乙圖，開放進口後，消費者剩餘會減少 圖5 (D)適用乙圖，開放進口後，生產者剩餘會減少,xuece-soc-113-36
學測社會,xuece-soc,113,37,公民,司法制衡,A,E,S1,T2,C2,司法權監督檢警，正義才能伸張,如果要為那些可能被冤枉起訴、定罪的民眾爭取平反，以下觀點何者正確？ (A)如果司法權無法對檢警違失進行有效的監督制衡，正義恐將難以伸張 (B)即使國家處於法律定義的緊急狀態，檢警亦不得限制人民的基本人權 (C)若事件屬於預謀，而且群眾確實使用暴力，才不受正當法律程序保障 (D)集會遊行為人民重要憲法權利，即使動員戡亂時期檢警亦不得限制之,xuece-soc-113-37
學測社會,xuece-soc,113,38,公民,非選：萬年國會,非選,R,S1,T0,C3,非選：國會長年未改選（萬年國會）,依題文中農民抗議的發生背景，有學者認為反映了當時臺灣有重要的政治體制 問題，請判斷該學者所指政治體制問題為何？請於答題卷左欄勾選一項最符合學 者觀點的選項（1 分，左欄勾選錯誤或未勾選，本題不予計分），並於右欄說明 判斷理由（2 分，20 字內）。 重要政治體制問題 說明判斷理由 □ 立法院未能全面改選 □ 司法權獨大不受監督 □ 行政權受制於立法權,xuece-soc-113-38
學測社會,xuece-soc,113,39,歷史,東臺灣熱帶栽培,B,R,S1,T6,H2,東臺灣氣候溫暖、土地較未開發，適合試驗熱帶作物,就日治時期臺灣的歷史和環境特性來看，東臺灣被總督府視為熱帶栽培業和軍需 作物的生產試驗地，最大的考量為何？ (A)有充足的日本和臺灣移民勞動力 (B)有廣大未開墾且容易取得的荒地 (C)有熟悉熱帶作物種植的原住民族 (D)有充裕的水源和廣闊的平原地形,xuece-soc-113-39
學測社會,xuece-soc,113,40,地理,非選：商閾與商品圈,非選,D,S2,T0,G2,非選：由人口與距離判斷門檻與商品圈,文中創業者僅根據表5 資訊，且暫不考慮其他因素，判斷甲區較乙區具有區位 優勢。該創業者所謂的區位優勢，最可能是指表5 四個條件中的何者？（1 分） 並以商閾與商品圈的角度，寫出判斷理由（3 分，28 字內）。 區位優勢條件 判斷理由 因為,xuece-soc-113-40
學測社會,xuece-soc,113,41,歷史,印度史觀,D,R,S1,T5,H2,資料甲的分期：印度教文明、伊斯蘭統治、英國殖民,根據資料甲，在印度獨立前，印度歷史可依時間先後分為哪幾個時期？ (A)宗教統治時期→專制統治時期→民主自由時期 (B)共產社會時期→封建制度時期→資本主義時期 (C)神權統治時期→王權統治時期→帝國統治時期 (D)印度教時期→伊斯蘭統治時期→英國殖民時期,xuece-soc-113-41
學測社會,xuece-soc,113,42,歷史,文化比較,B,E,S1,T2,H8,比較不同資料對文化的看法：文化異同與發展,透過資料甲、乙的比較，最適合進行下列哪個主題的探討？ (A)全球化經濟的發展史 (B)文化異同與其發展機會 (C)南方區域的獨立運動 (D)區域互賴與不平等交換,xuece-soc-113-42
學測社會,xuece-soc,113,43,歷史,非選：史料解釋,非選,R,S1,T0,H6,非選：比較三則資料對十三到十八世紀統治者的評價,上述三則資料中，對於自十三世紀到十八世紀初印度統治者的歷史解釋，哪則 資料與另外兩則的觀點不同？（2 分）其不同之處為何？（2 分，20 字內） 資料名稱 不同之處,xuece-soc-113-43
學測社會,xuece-soc,113,44,歷史,明治航運,C,R,S1,T3,H4,扶植航運是為了發展國內經濟、與西方競爭,日本在明治維新前期，仿效西方作法，大力扶植日本郵船公司開闢歐亞航路，其 目的最可能是： (A)建設大東亞共榮圈勢力範圍 (B)推動海外殖民紓解人口壓力 (C)發展商業貿易增加國家財富 (D)爭奪東南亞與印度半島資源,xuece-soc-113-44
學測社會,xuece-soc,113,45,地理,歐亞航線,C,D,S3,T5,G1,1850 年還沒有蘇伊士運河，要繞過好望角,1850 年開通的英國至中國上海航路，在不經陸路轉運的情況下，其中間航點依序 最可能是下列何者？ (A)美國紐約－美國紐奧良－巴拿馬運河－日本長崎 (B)南非好望角－巽他海峽－印尼雅加達－菲律賓馬尼拉 (C)南非好望角－印度孟買－馬來亞檳城－麻六甲海峽－新加坡 (D)法國馬賽－蘇伊士運河－印度孟買－馬來亞檳城－麻六甲海峽,xuece-soc-113-45
學測社會,xuece-soc,113,46,公民,非選：明治憲法公民權,非選,R,S1,T0,C2,非選：明治憲法限制的公民權（選舉權）,某同學從題文中發現，明治時期的新憲，對當時日本的公民權有所限制，因此製 作下表，但仍有三個項目未完成，請協助其填入最適合的公民權或事證以完成表 格。請在答題卷左欄填入公民權（1 分，4 字內），並在右欄填入事證（一項1 分， 共二項，從上而下分別為20 字內、10 字內）。（公民權與事證連結不合理則該 項不計分） 受限制的公民權 該項公民權受新憲限制的事證 宗教自由 禁止基督教的傳播 1. 2. 參政權或選舉投票權 （20 字內） （4 字內） 限制僅男性有投票權，女性無 3,xuece-soc-113-46
學測社會,xuece-soc,113,47,公民,童養媳與兒少權,D,E,S1,T2,C2,買賣童養媳侵害兒少權利,燈妹成為彭家童養媳的過程，在現代社會已不容許，應是基於下列哪項價值觀念 變遷？ (A)優生觀念下禁近親婚配，故溯及禁止童養媳習俗 (B)晚近以來重視兒少表意權，故不許收養年幼嬰孩 (C)性別平等運動推動平權理念，不再允許販賣女嬰 (D)重視婚姻自由，不許父母指定子女未來婚配對象,xuece-soc-113-47
學測社會,xuece-soc,113,48,地理,農業系統,D,R,S1,T2,G4,由甘藷田改種水稻：農業系統的過程,題文中「甘藷田… … 水稻」內容，若以農業系統圖的方式呈現，最可能屬於系統 中的哪個步驟？ (A)回饋 (B)投入 (C)產出 (D)過程,xuece-soc-113-48
學測社會,xuece-soc,113,49,公民,非選：機會成本,非選,R,S1,T0,C4,非選：有水源就改種水稻，放棄甘藷的利益是機會成本,依據題文，該戶人家在部分土地改種水稻的行為，考慮自然環境資源與作物選擇 因素，並用機會成本的概念加以分析，其理由為何？請將答案寫在答題卷的表格 中（3 分，30 字內）。 分析之理由,xuece-soc-113-49
學測社會,xuece-soc,113,50,歷史,非選：開山撫番,非選,R,S1,T0,H2,非選：前往番界墾殖：開山撫番之後,題文描述的時間場景，最可能出現在清代臺灣哪個措施或政策之後？（2 分）判 斷的依據為何？（2 分） 措施或政策 判斷依據,xuece-soc-113-50
學測社會,xuece-soc,113,51,歷史,伊斯坦堡文物,D,R,S1,T1,H1,依時代排列拜占庭、鄂圖曼的文物,伊斯坦堡因歷史發展因素，擁有不同時代的古文物。經由歷次古建築遺址考古， 出土了以下四件文物： 甲、有希臘文福音故事的馬賽克磚 乙、鑄有君士坦丁皇帝頭像的金幣 丙、書寫於羊皮紙上的古蘭經殘頁 丁、描繪特洛伊戰爭的古希臘陶瓶 依照它們所代表的時代，其先後順序應是： (A)甲乙丙丁 (B)乙丁甲丙 (C)丙甲乙丁 (D)丁乙甲丙,xuece-soc-113-51
學測社會,xuece-soc,113,52,公民,總統制,C,E,S5,T2,C3,修憲後總統權力擴大：總統制,若僅依據題文並從民主國家的政府體制特性加以判斷，下列何者最可能符合土耳其 修憲後的政治運作？ (A)總統所屬政黨若未獲國會過半席次，須組聯合政府 (B)總統必須到國會說明外交政策，以表示對國會負責 (C)總統執行各項政策的預算，仍須獲得國會審議通過 (D)總統施政不佳時，國會可提出不信任案促使其下台,xuece-soc-113-52
學測社會,xuece-soc,113,53,地理,非選：土耳其海峽,非選,D,S3,T0,G1,非選：土耳其控制黑海海峽，可阻絕俄國海運,在答題卷中標示出土耳其的國家位置（1 分），並寫出文中該國反對黨若要阻絕俄 羅斯海運，從地理位置面向提出制裁方案的主要做法（1 分），且說明該做法將使 俄羅斯對外交通所帶來的具體影響。【須明確寫出具體受影響的海域名稱】（2 分） 以2B 鉛筆打「ˇ」 主要做法 對俄羅斯影響 方式標示出土耳其位置 土國若將 將使俄國船隻無法從 俄羅斯 烏克蘭,xuece-soc-113-53
學測社會,xuece-soc,113,54,地理,海地位置,A,D,S3,T5,G1,加勒比海的島西部：海地,圖7 是四個島嶼的位置圖。題文中「加勒比海的某島西部」最可能位於圖中的哪 個島嶼？ 165°E 70°W 12°E 147°E 56°N 56°N 20°S 20°S 20°N 20°N 42°S 42°S 乙 丁 甲 丙 165°E 70°W 12°E 147°E 圖7 (A)甲 (B)乙 (C)丙 (D)丁,xuece-soc-113-54
學測社會,xuece-soc,113,55,地理,世界體系,D,R,S1,T3,G5,殖民地提供原料，母國加工：世界體系的核心與邊陲,題文中「加勒比海的某島西部」與法國之間的商品往來，最可能是形成下列哪種 現象的重要背景？ (A)基於經濟誘因原則，該地生產的甘蔗主要送往法國加工製成精糖 (B)屬於世界體系邊陲區的該地，獨立後國民所得有逐年減少的趨勢 (C)民主化導致該地的蔗糖勞工短缺，製糖業者承擔較高的外部成本 (D)核心國擴散效應對該地影響有限，國內產業仍多受跨國企業掌控,xuece-soc-113-55
學測社會,xuece-soc,113,56,歷史,海地獨立,D,R,S1,T1,H1,海地獨立後長期不被承認，國民出國受限,如題文所述，推論在十九世紀初期時，加勒比海的某島西部人民如果前往其他國 家工作，最可能因其國家的國際處境而遭遇下列哪項情況？ (A)必須遵守在地國家法律 (B)必須歸化取得其他國籍 (C)無法使用母國原有貨幣 (D)無法獲得母國使館協助,xuece-soc-113-56
學測社會,xuece-soc,113,57,公民,非選：公民資格,非選,E,S1,T0,C6,非選：公民資格的擴大是為了統治需要,題文中法國政府陸續接納二群體成為公民的作為，有其目的考量。請判斷下列 公民資格相關論述中何者最適合解釋其目的，在答題卷左欄勾選最適合之解釋 （2 分，左欄勾選錯誤或未勾選，本題不予計分），並在右欄依據題文寫出支持 此項解釋的資訊（1 分，15 字內）。 最適合之解釋 支持此解釋之題文資訊 □ 革命有助於推動不利群體的公民身分 保障，落實自由民主理念 □ 執政者因應政治衝突的作為，往往會 犧牲邊緣群體的公民權利 □ 公民權的具體權利內涵，會因族群、 階級身分不同而有所不同 □ ,xuece-soc-113-57
學測社會,xuece-soc,113,58,歷史,日治女子教育,D,R,S1,T3,H4,女子教育以培養賢妻良母為目標,根據題文，日治時期初等女子教育的課程設計理念應為何？ (A)為求男女平權而提高女童就學率 (B)訓練醫師、教員等專門職業人才 (C)提供殖民統治所需要之基層人員 (D)培養具日本女性婦德的賢妻良母,xuece-soc-113-58
學測社會,xuece-soc,113,59,公民,職業性別隔離,D,D,S1,T2,C7,女性集中在少數職業：職業的性別隔離,依據題文，對於當時女性職業特色的觀察，最適合用下列哪個概括性敘述來說明？ (A)經濟分工產生的性別多元化 (B)社會規範設定的玻璃天花板 (C)社會變遷促成的性別不友善 (D)性別角色期待造成職業隔離,xuece-soc-113-59
學測社會,xuece-soc,113,60,地理,非選：區位考量,非選,R,S1,T0,G4,非選：女子中學設在人口多、交通便利的都市,根據題文，在答題卷中寫出設立第一所女子中等學校的都市（1 分），而選擇設 立地點時，往往同時有許多考量。請以地理概念推論，說明該都市被選擇為該校 設立地點時的考量依據。【先勾選一項考量概念，再說明對應此概念的考量依據】 （3 分，25 字內） 學校 概念／考量依據 設立的都市 因為該都市 □ 聚落系統 □ 市場區域 □ 都市機能 所以第一所女子中等學校會先設在該都市。,xuece-soc-113-60
學測社會,xuece-soc,113,61,公民,誘因,C,E,S5,T2,C1,改用誘因：依華工安全抵達人數付費給船公司,如果要避免華工在旅途中高死亡率的人道悲劇，從「誘因」的角度思考，下列改 善作法中何者相對有效？ (A)船公司要求華工在搭船前須先行購買旅行平安險 (B)要求船公司加強對船員進行基本人權的道德教育 (C)依安全抵達目的地的人數比例支付運費給船公司 (D)由船公司要求提高運送費以改善華人的旅程待遇,xuece-soc-113-61
學測社會,xuece-soc,113,62,公民,排華法案與人權,B,E,S1,T2,C2,以法律排斥特定族群：多數決也不能侵害少數人權,依據題文，針對美國政府通過《排華法案》的歷史簡述，如果站在民主體制，促 進人權與法治的觀點來反思，下列何者是最應該記取的歷史教訓？ (A)政府若未能積極幫助各移民群體融入社會，將製造很多衝突 (B)即便過程看起來都合法，但政府也可能訂定歧視性的移民法 (C)政府在制訂移民相關法律或者政策時，應考慮社會接納程度 (D)中央層級的移民法有所不當，地方議會可自行立法予以補救,xuece-soc-113-62
學測社會,xuece-soc,113,63,地理,洛杉磯都市,C,R,S1,T3,G5,早期大量移民，洛杉磯成為多族群都市,根據題文所提供的歷史資訊，其對於現代美國洛杉磯的都市發展，最可能帶來下 列哪種現象？ (A)移民大量遷入，是美國較早進入人口晚期擴張階段的都市 (B)工作機會眾多，成為美國亞裔與拉丁裔等移民主要聚集地 (C)是探索美國多元文化的基地之一，如設有華人在美博物館 (D)成為高科技產業重鎮之一，居民年均所得高於美國平均值,xuece-soc-113-63
學測社會,xuece-soc,113,64,歷史,非選：廢奴與華工,非選,R,S1,T0,H2,非選：廢除奴隸制度造成勞力不足,題文中，美國出現低階勞動力不足的現象，和該國立法廢除哪項制度有關？（2 分） 此外，早期移民美國的華人，大多過著類似「光棍」（單身）生活的因素為何？ （2 分） 說明 廢除的制度 過類似光棍生活的因素,xuece-soc-113-64
學測社會,xuece-soc,114,1,公民,多元文化教育,C,E,S5,T2,C7,開設移民母語課：多元文化教育，尊重不同族群,小文發現讀國小的妹妹會講幾句越南文，有點羨慕，詢問後得知學校新開設東南亞移民 母語課。小文跟公民老師討論此項義務教育課程改變的用意，若老師欲以目標相近的 政策解說，下列何者最適當？ (A)公家機關與道路應設雙語標示以建置國際友善環境 (B)法院為語言不通的外籍刑事被告提供司法通譯協助 (C)客家電視台法制化納入公共電視體系由公部門預算經營 (D)新建公共建築電梯須設置視障者所需點字版始核發建照,xuece-soc-114-1
學測社會,xuece-soc,114,2,公民,國會課責,D,E,S5,T7,C2,我國立法院可對行政院長提出不信任案,某國最近爆發食安問題，輿論認為主管機關管理監督不周，嚴重失職，強烈要求主責的 閣揆應該下台。依據我國政府體制，若上述事件發生在我國，國會可行使下列何項 職權加以課責？ (A)質詢與調查後對該首長提出罷免案 (B)凍結行政預算並重新任命行政首長 (C)對該首長進行失職調查並提出彈劾 (D)對失職的行政首長提出不信任投票,xuece-soc-114-2
學測社會,xuece-soc,114,3,公民,投票參與,B,D,S2,T4,C5,由實施前後的投票率變化判斷制度效果,某國實施不在籍投票，讓無法返回戶籍地的選民，可透過網路投票。表1 是該國實施 這項制度前、後的相關統計資料。依據表1，若不考慮該國其他情況，上述制度實施後， 對於選民投票參與的影響，下列推論何者最合理？ 表1 比較項目 實施前 實施後 候選人總數 324 人 400 人 實際投票人數 1200 萬 1400 萬 選民總投票率 60% 70% (A)不在籍投票明顯提升選務工作效率，使選民更願意參與投票 (B)科技進步增加選民投票的便利性，有助於選民表達政治意志 (C)不在籍投票,xuece-soc-114-3
學測社會,xuece-soc,114,4,公民,勞動法規,D,E,S5,T2,C2,修法要求揭露薪資：保障求職者資訊、促進勞動公平,某學者撰寫一篇關於推動薪資透明化的論文，主張勞動部應積極推動修法，強化對企業 及雇主揭露招聘員工薪資的規範，要求薪資未達一定金額的職缺，其招聘公告不能註明 「薪資面議」，必須公開薪資範圍，否則即可依法開罰。該學者的論文最可能探討下列 哪項法律議題？ (A)國家權力行使與可課責性 (B)勞動法規與權利平等議題 (C)刑罰謙抑及其最後手段性 (D)私法自治的範圍及其限制,xuece-soc-114-4
學測社會,xuece-soc,114,5,公民,刑法（不作為）,A,E,S5,T2,C2,甲沒有救援的法律義務，不構成犯罪,甲和乙兩人在溪邊戲水，乙不慎落水，甲會游泳但見溪流湍急未下水救援，後乙不幸溺斃。 恰巧有路人在高處錄下影片上傳網路，引發輿論一片譁然，並要求檢察官起訴甲。也有 部分網民主張修法，將此種行為入罪化。依刑法基本原則判斷，偵辦此案的檢察官 最可能如何判定是否起訴？ (A)依從舊原則，僅能依現行法律辦理起訴事宜 (B)因犯行明確，可逕行起訴甲再啟動修法程序 (C)因犯行明確，故可以類推適用類似法條起訴 (D)依罪刑法定，須依據新修正的法律來起訴甲,xuece-soc-114-5
學測社會,xuece-soc,114,6,公民,GDP 計算,B,R,S5,T2,C4,GDP 只計國內生產的最終商品與勞務，黃牛票轉售不算,某國外藝文團體收取高價酬勞（甲）來臺演出，不僅帶動國內購票風潮，更吸引國外 粉絲來臺追星與觀光（乙），黃牛票也因此大賣（丙），連該團體帶來給觀眾的紀念品， 也發送一空（丁）。上述四項事件何者最可能直接增加當年度臺灣的GDP？ (A)甲 (B)乙 (C)丙 (D)丁,xuece-soc-114-6
學測社會,xuece-soc,114,7,歷史,噶瑪蘭族,C,R,S1,T1,H1,地名雅化、十九世紀遷入花蓮平原：噶瑪蘭族,某生撰寫〈在「他鄉」成為「原住民」〉一文的摘要時寫到：此族群的名稱曾是地名 雅化後的行政區名，因原鄉土地流失而在十九世紀遷入花蓮平原。後因新開地爭奪 與清軍衝突，發生加禮宛戰役，失敗後被迫流離分散，多數族人移居東海岸，與阿美族 混居，但仍保有其傳統文化。後此族群發起正名運動並成功，但原鄉許多族人受限法令， 未能取得原住民族身分。此族群為： (A)布農族 (B)太魯閣族 (C)噶瑪蘭族 (D)西拉雅族,xuece-soc-114-7
學測社會,xuece-soc,114,8,歷史,戰後教育政策,D,R,S1,T1,H1,依戰後教育政策的先後排序,教育政策的制定往往與國家的政經局勢息息相關，戰後臺灣教育政策依序有：滌除日本 文化思想、戡亂建國、提升國民素質以及教育鬆綁、尊重多元等面向，而與之配合的作法 包括：（甲）強化軍事訓練與政治教育；（乙）實施九年國民義務教育；（丙）推行 國語教育；（丁）推動大學自治。上述甲、乙、丙、丁出現的順序應為： (A)甲乙丙丁 (B)甲丙乙丁 (C)丙乙丁甲 (D)丙甲乙丁,xuece-soc-114-8
學測社會,xuece-soc,114,9,歷史,郡縣與編戶,A,R,S1,T3,H4,郡縣制下編製戶籍，國家直接掌控人民,中國古代國家從封建制轉化為郡縣制的過程中，統治者控制和掌握人民的方式也出現 變革，並形成新的社會型態，此變化最重要的意義是： (A)編製戶籍成為統治者動員人力的主要依據 (B)頒布法律成為統治者建構權威的主要途徑 (C)徵收賦役是消弭社會貧富不均的主要作法 (D)計口授田是提高社會勞動生產的主要措施,xuece-soc-114-9
學測社會,xuece-soc,114,10,歷史,法國大革命前出版,B,R,S1,T3,H4,啟蒙思想家多出身貴族，革命前流行的是批評權貴的地下出版品,一位史家認為：在啟蒙運動中，重要的思想家通常出身貴族，或者與貴族有密切聯繫， 很少挑戰當時的政治與社會秩序。這位史家還發現在1780 年代法國大革命前的暢銷書， 多是一些八卦式的虛構文學，主題如「教宗的私生子」、「皇后的奢靡生活」等。這些 作者透過撰寫捏造上流人士醜聞的小冊來養活自己並抒發心中的苦悶。從上文可知， 史家認為這類暢銷書與法國大革命之間的關係最可能是： (A)啟發人民以爭取民主自由 (B)打擊了王室與教會的權威 (C)敵國為顛覆法國故予支持 (D)為了賺錢以支持革,xuece-soc-114-10
學測社會,xuece-soc,114,11,歷史,中共民族政策,C,R,S1,T3,H4,漢人移往自治區，是為了強化對邊疆的控制,1950 至1980 年代，中共在政策上促成中國內部大規模人口流動，大多是漢族移往少數 民族自治區，如內蒙古、新疆、西藏等地，其主因是為了： (A)促進國內與鄰國族群往來，帶動邊疆經濟開發 (B)推動不同信仰的族群交流，創造多元宗教環境 (C)改變當地人口與族群結構，以加強政府的控制 (D)強迫與邊境少數民族通婚，強化當地文化傳承,xuece-soc-114-11
學測社會,xuece-soc,114,12,歷史,戰後西伯利亞扣留,D,R,S1,T1,H1,蘇聯扣留日軍俘虜到西伯利亞勞動,學者指出，二次大戰結束前，蘇聯基於雅爾達會議對日宣戰，得以在日本投降後，接收 日軍在中國東北留下的設備及武器等。同時，為彌補勞動力，扣留此地的數十萬名日本 平民，送往西伯利亞強制進行苦役勞動。這批日本平民最可能是： (A)日、俄戰爭後，日本政府為解決國內經濟危機所推動的計畫移民 (B)併吞朝鮮之後，日本政府為拓墾東北亞殖民地所推動的季節移民 (C)第一次大戰後，日本政府為擴大對中國的影響所推動的自願移民 (D)滿洲國建立後，日本政府為協助該國經濟建設所推動的政策移民,xuece-soc-114-12
學測社會,xuece-soc,114,13,歷史,婆羅浮屠,D,R,S1,T1,H1,八、九世紀爪哇的佛教遺址：婆羅浮屠,1814 年，英人萊佛士造訪爪哇島上建於約八、九世紀的佛教遺址，看到許多巨大的 佛塔，塔上飾以千幅的浮雕作品及數百尊佛陀雕像。此遺址形成的背景最可能是： (A)越南接受從西域直接傳來的佛教，再傳往當地 (B)唐朝派遣使節前往當地傳播佛教時，雕塑佛像 (C)日本派遣僧侶前往當地推廣佛教時，建造佛塔 (D)印度人將佛教傳播到當地，影響其建築與雕塑,xuece-soc-114-13
學測社會,xuece-soc,114,14,歷史,古埃及文字失傳,A,R,S1,T3,H4,關閉神廟、祭司流散：古埃及文字失傳,四世紀末，羅馬皇帝狄奧多西一世因信奉基督教，下令關閉羅馬境內所有異教神廟，包括 埃及的神廟，使得最後一批懂古埃及文的祭司四處流散。這個舉動造成的最大影響 應當是： (A)長期無人識讀古埃及文字系統 (B)基督教成為西方世界唯一宗教 (C)羅馬皇帝成為埃及宗教的教宗 (D)羅馬脫離埃及文化而自成體系,xuece-soc-114-14
學測社會,xuece-soc,114,15,歷史,北美殖民人口,B,D,S2,T5,H5,印第安人減少、白人增加、非裔隨種植園增加,圖1 是1610 到1750 年間，北美洲東岸某殖民地印第安人、白人及非裔三個不同族群 人數的變化趨勢。圖中甲、乙、丙三條線分別代表： 250 甲 200 人 口 ︵ 乙 150 以 千 人 100 為 單 位 ︶ 50 丙 0 1610 1630 1650 1670 1690 1710 1730 1750 年 圖1 (A)印第安人、白人、非裔 (B)白人、非裔、印第安人 (C)白人、印第安人、非裔 (D)非裔、白人、印第安人,xuece-soc-114-15
學測社會,xuece-soc,114,16,歷史,清末朝鮮問題,B,R,S1,T3,H4,允許朝鮮與各國締約，是為了引進外國勢力牽制日本,十九世紀末，一位英國議員批評清朝允許朝鮮與其他國家締結條約，有違國際慣例， 但也指出：「若不採取此種方式，就無法引進外國勢力，以阻止清朝在朝鮮地區最害怕 的兩個國家。」這兩個國家最可能是： (A)美國、日本 (B)日本、俄國 (C)俄國、英國 (D)英國、美國,xuece-soc-114-16
學測社會,xuece-soc,114,17,歷史,琉球中轉貿易,C,R,S1,T1,H1,明朝海禁，琉球以公憑中轉貿易,宋元時期，中國船隻出海必須取得市舶司發給以漢字書寫的「公憑」，是記載貨物相關 內容的出海執照，也是東亞各港口驗證商船的依據。明朝實施海禁，琉球在明朝的封貢 秩序下，進行與東亞、東南亞各國間的中轉貿易。琉球國王以漢字咨文（外交文書）與 暹羅等國往來，琉球負責貢舶貿易的官員也以漢字文書與舊港（印尼蘇門答臘東部）的 華人領袖聯繫。根據上文，下列哪個推論最合理？ (A)中國政府強制貿易必須使用漢字 (B)各國商人認為使用漢字難以竄改 (C)東亞港口長期通行漢字已為定例 (D)東亞港口,xuece-soc-114-17
學測社會,xuece-soc,114,18,地理,人口轉型,A,R,S5,T4,G8,出生率高、戰亂與失業：停留在早期擴張階段,南方區域的某國，有項人口指標一直維持在高點。該國人口數雖持續增加，但因戰亂 不斷，經濟並未對應成長，失業率高達3 成，人口轉型也大致停留在特定階段。文中的 指標最可能為下列何者？ (A)出生率 (B)死亡率 (C)移出率 (D)移入率,xuece-soc-114-18
學測社會,xuece-soc,114,19,地理,澎湖農業,B,R,S1,T6,G4,過去是廈門往鹿耳門的要道、農業不佳：澎湖,某地過往是廈門至鹿耳門舟船往來的必經要道，貿易興盛，但農業生產一直不佳。時至 今日，基本的糧食供應也多仰賴外地，有時受限天候不佳，如颱風船隻停航即無法載送。 造成該地上述農業生產特色的主要環境原因，最可能包括下列何者？ 甲、熔岩台地地勢低平，使水氣攔截不易 乙、農作物的生長季，恰逢風勢最強季節 丙、沼澤密布使排水受阻，不利作物生長 丁、日照時數長，蒸發強烈，易缺水嚴重 (A)甲乙 (B)甲丁 (C)乙丙 (D)丙丁,xuece-soc-114-19
學測社會,xuece-soc,114,20,地理,印太國家,C,R,S3,T7,G1,鄰近孟加拉灣的大洋：印度洋國家（印度）,2024 年，日本、美國與鄰近孟加拉灣及其所屬大洋的其他國家，於前述的大洋進行 聯合軍事演習，希望透過強化重要夥伴關係，以維護自由開放的亞太地區。上述與 日、美進行聯合軍演的國家，最可能為下列何者？ (A)印度、菲律賓 (B)紐西蘭、菲律賓 (C)印度、澳大利亞 (D)紐西蘭、澳大利亞,xuece-soc-114-20
學測社會,xuece-soc,114,21,地理,環域分析,D,E,S5,T2,G6,環域篩選後，再查詢人潮或競爭店家,某人想在交通幹道附近尋找開設飲料店的理想店址，他先利用地理資訊系統以交通幹道 兩側200 公尺內的待租店面為條件進行分析並選取。下列哪項進一步的查詢，最可能 使用與上述相同的GIS 分析功能？ (A)店面所在鄉鎮市的消費人口數 (B)店址所在的土地使用分區類別 (C)店家至周圍公園最短距離路線 (D)周圍特定距離內的飲料店數量,xuece-soc-114-21
學測社會,xuece-soc,114,22,地理,土地利用轉型,C,R,S1,T3,G5,糖業鐵道沿線農場轉型：土地利用轉型,「日治時期，為了支援製糖會社的發展，臺灣總督府協助會社興建『糖業鐵道』，以利 農場運送甘蔗至糖廠，製糖後輸往海外。1990 年代開始，部分農場土地釋出，提供 科學園區或相關產業使用；其他農場儘管仍維持農業使用，但轉為栽種毛豆等經濟價值 較高的作物外銷，部分糖業鐵道也轉型為觀光使用。」僅依題文資訊，上文最可能是 下列哪個研究的摘要？ (A)糖業發展與國際貿易關係之研究 (B)糖業專業分工與產品標準化之研究 (C)經濟全球化與糖業地景變遷之研究 (D)知識經濟下糖業產業系統轉變之,xuece-soc-114-22
學測社會,xuece-soc,114,23,地理,產業群聚（泰國）,C,R,S5,T2,G8,汽車零組件到整車都在同一區：產業群聚,1980 年以前，泰國透過減稅促使日本公司與當地企業合作組裝汽車；1990 年代後， 曼谷北側許多汽車相關產業在此設廠，從零組件到整車都可以完成，因而吸引國際大廠 至此投資，銷往東協各國的日系車輛大多由泰國生產。依據題文，1990 年代泰國汽車 產業的發展特色，最適合用下列哪個概念解釋？ (A)進口替代 (B)工業慣性 (C)聚集經濟 (D)產品生命週期,xuece-soc-114-23
學測社會,xuece-soc,114,24,地理,石灰岩地形,B,D,S4,T5,G7,相連的水下洞穴是石灰岩溶蝕：臺灣的石灰岩地形,照片1 是猶加敦半島上被水淹沒的洞穴，洞穴之間彼此相連，發展出特殊的潛水活動 （如照片1 中央的潛水人）。該地景發育的作用力，與臺灣下列哪種地形的成因最相似？ 照片1 (A)澎湖西嶼的柱狀節理地形 (B)屏東墾丁公園的溶蝕地形 (C)臺東長濱沿岸的海蝕地形 (D)東沙潟湖外圍的環礁地形,xuece-soc-114-24
學測社會,xuece-soc,114,25,地理,郊區化,A,D,S2,T5,G2,人口往都市外圍增加：郊區化,某人想要了解美國休士頓都會區的都市發展歷程，因此蒐集2000 年與2013 年該都會區 的人口資料，並繪製成不同年度都會區的人口分布統計圖（圖2）。該圖最適合以下列 哪個地理概念解釋？ 2000年 2013年 3.5 3.167 3 人 2.5 口 2.108 1.987 數 1.906 2 （ 百 1.5 萬 1.041 人 1 0.78 ） 0.5 0.025 0.024 0 0 0 5 8 12 20 30 與中心商業區的距離（公里） 圖2 (A)都市化 (B)都市計畫,xuece-soc-114-25
學測社會,xuece-soc,114,26,公民,循環經濟,A,E,S5,T2,C1,資源重新導入其他產業：循環經濟,「循環經濟」強調資源能夠循環再利用，以減少廢棄物，例如將使用過的資源，重新 導入新的產業系統，朝向永續經營。下述何種做法，最符合上述概念？ (A)將清理好的漁網尼龍紗再製成為環保購物袋 (B)尖峰時間實行汽車共乘來降低塞車與排碳量 (C)企業群聚共享必要的基礎建設並強化產業鏈 (D)降低生活的消費與生產來減少對環境的傷害,xuece-soc-114-26
學測社會,xuece-soc,114,27,歷史,殖民與制度,A,R,S1,T3,H4,殖民者建立的制度，影響獨立後的貧富,全球各殖民地在獨立後，有些殖民地成為富國，有些卻深陷貧窮。對此，某書指出 「北美、澳紐等地區，原為人口相對稀少且技術較落後，被殖民後，經濟快速成長。 中南美洲人口相對密集，但被殖民後，到近代卻發展遲緩。」該書從體制、自然環境、 人口密度與人口移動等角度，解釋上述殖民地獨立後呈現經濟發展不均的現象。下列 何者最能解釋該書的說法？ (A)英國法制較注重個人財產權，有助繼承制度的北美與澳紐人民勇於投資 (B)西、葡種植咖啡需大量資金，使得中南美洲的此類栽培業擁有較多企業 (C)黃熱,xuece-soc-114-27
學測社會,xuece-soc,114,28,地理,中東地緣政治,C,R,S3,T6,G1,中東各國支持敘利亞反政府勢力：宗派與地緣政治,2024 年，伊朗與俄羅斯長期支持的敘利亞政府垮台。而該國政府垮台的原因之一，實際上 與許多國家暗中資助敘利亞境內的反政府勢力聯盟有關，沙烏地阿拉伯即是其中一員。 沙國支持上述聯盟的原因，最可能與下列何者有關？ (A)敘利亞在底格里斯河上游興建水庫，將可能導致沙國水資源供應嚴重不足 (B)敘利亞在波斯灣發現豐富石油蘊藏，沙國對國際石油價格的掌控優勢降低 (C)沙國與什葉派的伊朗政權存在對立，不願伊朗介入敘利亞政治以擴大勢力 (D)沙國境內庫德族長期追求獨立建國，擔心分離主義導,xuece-soc-114-28
學測社會,xuece-soc,114,29,歷史,朱一貴事件,B,R,S1,T3,H4,粵籍移民協助官府鎮壓，造成閩粵衝突,根據〈諭閩粵民人〉所述，族群衝突的起因應與下列何者有關？ (A)朱一貴事件係因為閩粵械鬥而起，故事件後閩粵族群關係緊張 (B)事件時粵籍移民協助官府鎮壓朱一貴，導致閩粵族群關係緊張 (C)事件後官府厲行渡臺禁令，粵籍移民僅能偷渡來臺故多有衝突 (D)事件後官府劃設番界，卻無力約束界外不同族群私墾者的衝突,xuece-soc-114-29
學測社會,xuece-soc,114,30,歷史,族群區別,D,R,S1,T2,H8,海豐、陸豐與漳泉並列：以祖籍地區分族群,《重修鳳山縣志》內容提及的「客民」，並未包括海豐、三陽，且將這兩個族群與漳、 泉並列，由此判斷當時人最可能是以何種方式來區別族群？ (A)省籍區別 (B)來臺先後 (C)血緣宗族 (D)語言習俗,xuece-soc-114-30
學測社會,xuece-soc,114,31,地理,新加坡華人移入,D,R,S1,T3,G5,蘇伊士運河開通後東南亞開發，需要大量華工,根據題文，下列何者最能解釋新加坡華人的移入？ (A)作為殖民地行政首府，可創造市場區位優勢 (B)栽種技術領先，形塑絕對利益增加勞動供給 (C)華人的草原耕作技術，有利當地栽培業發展 (D)運輸成本降低活絡貿易，帶來更多勞動需求,xuece-soc-114-31
學測社會,xuece-soc,114,32,地理,海峽與航路,D,D,S3,T5,G1,從英國到東亞，蘇伊士運河開通後改走麻六甲海峽,根據題文，歐洲人建立西歐與東亞新航路後，影響歐洲各國國際貿易甚劇。若從英國 出發到東亞，僅以航線距離來思考，圖3 中哪個海峽，在新航路開通後的通道價值， 可能降低最多？ (A)甲 (B)乙 (C)丙 (D)丁,xuece-soc-114-32
學測社會,xuece-soc,114,33,歷史,臺灣議會請願,C,R,S1,T1,H1,臺灣議會請願：由臺灣人選出代表、參與立法,題文中臺灣民眾所發起的政治抗爭活動，最主要的訴求為何？ (A)由殖民政府遴選議員組成臺灣議會，審查總督發布之律令以防止專斷 (B)由臺灣民眾選舉民意代表，至日本帝國議會參與臺灣相關法案的審議 (C)在臺灣成立議會，由民選議員行使與臺灣相關的法案與預算之審議權 (D)由議會通過臺灣加入日本決議，爭取與日本本土國民相同的政治權利,xuece-soc-114-33
學測社會,xuece-soc,114,34,公民,日治法治,A,E,S1,T2,C2,日治時期不能透過司法救濟行政處分,根據題文，下列有關日治臺灣法治運作與人民權利的分析與評論，何者最為適切？ (A)臺灣人民不滿政府禁止結社的處分，但無法向司法機關請求救濟 (B)日治臺灣司法聽命於行政權，可見司法獨立規範未被施行於臺灣 (C)臺灣為殖民地，日本憲法有關人民權利保障只有原母國人民享有 (D)臺灣議會期成同盟會籌組失敗，顯示日治時期臺灣人民無結社權,xuece-soc-114-34
學測社會,xuece-soc,114,35,地理,颱風災害（養蚵）,D,R,S5,T6,G3,養蚵在沿海潟湖，颱風會破壞蚵棚,題文中提到的產業風險，最可能包括下列何者？ (A)西南氣流帶來豪雨，導致土石流災害頻仍 (B)梅雨季若降水有限，易使潟湖海水量減少 (C)東北季風風速過強，大浪常造成礁石崩落 (D)颱風引發強風暴雨，潮間帶環境易受侵襲,xuece-soc-114-35
學測社會,xuece-soc,114,36,公民,社會規範,D,E,S1,T2,C7,社會規範影響性別角色與職業選擇,依據題文，該學者的主張最能凸顯社會規範的何種特性與作用？ (A)會影響個人的自我認同，也決定資源分配 (B)會因不同時空背景，形成各不相同的內涵 (C)雖具穩定性，但受到挑戰時也會有所轉變 (D)會框限個人追求，但並無法杜絕突破空間,xuece-soc-114-36
學測社會,xuece-soc,114,37,歷史,美援紡織業,A,R,S1,T1,H1,進口布不如進口紗：以美援原料代紡代織,根據資料一，當時政府所推行的紡織業政策最可能為下列何者？ (A)以美援購入原料發展代紡代織 (B)增設新廠並擴大舊廠生產規模 (C)用田賦徵實鼓勵農民轉種棉花 (D)開放布料進口以刺激國內生產,xuece-soc-114-37
學測社會,xuece-soc,114,38,地理,產業轉型,B,R,S1,T4,G4,綜合三則資料：臺灣紡織業的困境與轉型,綜合上述三則資料判斷，下列何者最可能是該生探究學習的主題？ (A)大稻埕紡織業的反吸與擴散分析 (B)臺灣紡織業困境與產業轉型分析 (C)亞洲地區紡織業的產業群聚分析 (D)全球機能紡織業的市場需求分析,xuece-soc-114-38
學測社會,xuece-soc,114,39,歷史,冷戰,B,D,S4,T1,H3,兩位大人代表美蘇，歐洲夾在中間：冷戰,以下何者最適合用來描述圖4 反映的國際情勢？ (A)四國分占德國時期，兩位大人代表同盟國與軸心國，被壓制的是中歐 (B)國際冷戰時期，兩位大人代表民主陣營與共產集團，被壓制的是東歐 (C)殖民地解放時期，兩位大人代表美、蘇帝國主義，被壓制的是西南歐 (D)西歐重建時期，兩位大人代表自由經濟與計畫經濟，被壓制的是北歐,xuece-soc-114-39
學測社會,xuece-soc,114,40,地理,區域互賴,C,R,S1,T2,G4,法國提出煤鋼共同管理：區域互賴,依據上文，1950 年代法國提出的管理計畫，其規定所隱含的理念最適合以下列哪個 概念說明？ (A)核心邊陲 (B)地緣樞紐 (C)區域互賴 (D)中地體系,xuece-soc-114-40
學測社會,xuece-soc,114,41,地理,歐盟東擴,B,R,S1,T3,G5,歐盟東擴，東歐國家獲得更多產業資金,依據上文，2004 年歐盟組織的變化，最可能對成員國帶來下列哪項影響？ (A)開啟西歐國家使用歐元貨幣 (B)擴大東歐國家產業資金來源 (C)開放西歐國家免除簽證出境 (D)穩定東歐國家石油能源輸出,xuece-soc-114-41
學測社會,xuece-soc,114,42,公民,全球化治理,A,E,S1,T2,C6,英國脫歐談判是處理全球化帶來的治理問題,依據題文資訊，下列何者最能詮釋英國與歐盟談判的主要目的？ (A)處理英國與全球化發展交織的治理問題 (B)確認英國與歐洲國家建立雙邊自由貿易 (C)保障英國的本土文化不受全球化的衝擊 (D)爭取英國得以繼續適用歐盟的移民政策,xuece-soc-114-42
學測社會,xuece-soc,114,43,公民,AI 政策,C,E,S5,T2,C1,AI 素材偏頗：發展本國資料庫,依據題文，該國政府採取哪個方法最有助於解決乙指出的問題？ (A)教育其國民瞭解AI潛藏的族群與性別偏頗 (B)制定嚴格的法規以監管業者使用AI的範圍 (C)發展本國資料庫以提供國際訓練AI的數據 (D)監測及調查國際上AI出現歧視該國的頻率,xuece-soc-114-43
學測社會,xuece-soc,114,44,公民,平等原則,A,E,S5,T2,C1,以 AI 決定假釋可能造成差別待遇：平等原則,根據題文，丙對於以AI 為依據決定是否假釋的疑慮，最可能是基於下列哪一法律原則？ (A)平等原則 (B)比例原則 (C)誠實信用原則 (D)信賴保護原則,xuece-soc-114-44
學測社會,xuece-soc,114,45,公民,外部成本,B,E,S5,T2,C4,AI 耗電造成外部成本：課徵碳稅,根據題文，丁最可能建議政府採行何種政策？ (A)開發綠能以支應AI廠商用電 (B)對導入AI的廠商課徵碳稅 (C)補貼水費以協助AI機房降溫 (D)要求廠商外包AI運算系統,xuece-soc-114-45
學測社會,xuece-soc,114,46,公民,非選：媒體近用,非選,E,S5,T0,C7,非選：媒體近用，發聲有助青年自我實現,甲的主張最適合以媒體作用的哪項相關概念解釋？為何抗議行動有助青年世代 自我實現？請先勾選適合的概念與解釋，並依據勾選之解釋說明理由。（3 分，左欄勾選 不正確，整題不計分；右欄未依據勾選項目寫出理由或僅抄錄題文，右欄不計分） 抗議能促進自我實現的理由（28 字內） 適合的概念與解釋 □ 媒體近用權有助於傳播重要的教育資訊 使邊緣群體青年世代更有機會在媒體上 □ 倡議可讓邊緣文化經媒體傳承青年世代 □ 媒體再現影響人們的價值進而改變行為,xuece-soc-114-46
學測社會,xuece-soc,114,47,公民,集會遊行權,A,E,S1,T2,C6,校園運動需要集會遊行的自由，類似反核靜坐,根據題文，學生推動校園運動需要透過的公民權利類型，與下列哪項社會運動所藉助的 權利類型最為接近？ (A)反核團體透過靜坐抗議與集會遊行活動，要求政府正視廢核民意 (B)代孕合法化的推動者接受政黨立委提名，透過政治參與爭取修法 (C)西拉雅族正名運動，透過訴訟爭取被國家承認登記為平地原住民 (D)環保團體提案透過公民投票方式來表達訴求，以求改正政府政策,xuece-soc-114-47
學測社會,xuece-soc,114,48,公民,族群認同,D,E,S1,T2,C7,建立社群以強化族群認同,根據題文，學生建立社群的主要目的，最可能為下列何者？ (A)保存快要被消滅和流失的原住民文化 (B)矯正和補償過去曾發生的歷史不正義 (C)要求國家政策平等尊重原住民族文化 (D)凝聚原住民族群體身分肯認與行動力,xuece-soc-114-48
學測社會,xuece-soc,114,49,公民,非選：主權與族群承認,非選,R,S1,T0,C7,非選：由主權承認的轉變說明立場變化,依據題文，英軍對佩柯特平民從不攻擊轉為屠殺，下列哪項解釋觀點最能說明其立場 變化？請先在左欄勾選觀點，並在右欄寫出題文中的關鍵證據。（3 分，左欄未作答或 作答錯誤，右欄不計分） 觀點 題文中的關鍵證據（25 字內） □ 抹除佩柯特部落的族群認同 □ 否定佩柯特部落的主權地位 □ 重建佩柯特部落的政治秩序,xuece-soc-114-49
學測社會,xuece-soc,114,50,歷史,西方中心主義,D,E,S1,T2,H8,以白人為最優秀的種族：西方中心主義,根據題文，我們如何理解資料二史家評述的觀點？ (A)反對帝國主義 (B)實踐民族自決 (C)支持廢除黑奴制度 (D)反映西方中心主義,xuece-soc-114-50
學測社會,xuece-soc,114,51,歷史,非選：羅德的立場,非選,E,S1,T0,H6,非選：資料三批判羅德的種族主義,根據題文，資料三的抗議行動，最可能是批判羅德的何種立場？請在答題卷勾選一個 正確選項，並說明判斷理由。（4 分） 羅德的立場（2 分） 判斷理由（2 分，35 字內） □ 種族主義 □ 自由主義 □ 軍國主義 □ 社會主義,xuece-soc-114-51
學測社會,xuece-soc,114,52,地理,觀景台選址,B,D,S3,T5,G1,找對斷崖視野開闊、不被遮擋的點,若要在圖5 設立一處展望金門峒斷崖的觀景台，在圖中的哪個點位展望最佳？ (A)甲 (B)乙 (C)丙 (D)丁,xuece-soc-114-52
學測社會,xuece-soc,114,53,地理,非選：標示玉山,非選,D,S3,T0,G1,非選：在地圖上標出玉山主峰,請在答題卷的地圖上，以圖例符號標示出玉山主峰位置。（3 分）,xuece-soc-114-53
學測社會,xuece-soc,114,54,公民,交易成本,C,R,S1,T2,C4,廢大租權使產權單純，降低交易成本,根據題文，大租權廢除對於日資企業在臺購地投資興業，最直接的影響為何？ (A)降低外部成本 (B)增加外部成本 (C)降低交易成本 (D)增加交易成本,xuece-soc-114-54
學測社會,xuece-soc,114,55,公民,非選：所有權內涵,非選,E,S1,T0,C2,非選：大租戶的處分權受限,題文中清代大租戶對土地所擁有的支配力，相較於今日的土地所有權，哪方面的所有權 內涵最可能受到限制？請先勾選一項受限的權利內涵，並摘述相關題文作為佐證。 （3 分，左欄勾選錯誤或未作答，右欄不計分） 受限制的所有權內涵 受到限制之理由（30 字內） □ 使用權 □ 收益權 □ 處分權,xuece-soc-114-55
學測社會,xuece-soc,114,56,歷史,非選：減四留六,非選,R,S1,T0,H2,非選：政府只需面對單一業主，便於徵稅,根據題文，「減四留六」政策使小租戶變成官府認定的業主，從政府管理的角度， 其最主要的影響為何？為什麼總督府提出的說詞有助於順利廢除大租權？（4 分） 該政策最主要的影響 該說詞有助於順利廢除大租權的原因 （2 分，20 字內） （2 分，30 字內）,xuece-soc-114-56
學測社會,xuece-soc,114,57,公民,供給變動,B,R,S5,T3,C4,基改番茄降低加工成本：供給增加,根據題文，成功培育改造的番茄，對番茄糊市場供需變動的直接影響，與下列哪個商品 的市場變動情況最類似？ (A)品種改良後的水梨深受消費者喜愛 (B)政府採補貼政策鼓勵香蕉擴大栽種 (C)颱風肆虐令西瓜受損嚴重無法到貨 (D)民眾擔心基改草莓會帶來未知危害,xuece-soc-114-57
學測社會,xuece-soc,114,58,地理,非選：產業連鎖,非選,D,S4,T0,G7,非選：原料與產品關係判斷產業連鎖,根據題文，勾選一項該加工產業最主要呈現的連鎖關係（2 分），並從圖6 所呈現的 產品與原料關係說明判斷的依據。（30 字內，勾選與說明需配對才給分，3 分） 連鎖關係（2 分） 說明（3 分，30 字內） 因為在全球番茄糊加工產業中， □ 垂直整合 □ 垂直分工 □ 水平整合 □ 水平分工,xuece-soc-114-58
學測社會,xuece-soc,114,59,地理,商業化農業,C,R,S4,T2,G7,大規模機械化生產，降低單位成本,根據題文與圖7，當時該國的農耕模式，為其帶來可觀的利潤。此模式得以取得利潤的 原因，與下列哪種企業經營的獲利方式最為接近？ (A)利用溫室的溫度控管進行園藝作物精緻栽培，並創立品牌在網路進行銷售 (B)以原有石雕技術為基礎，進口低價石材加工，並嘗試轉型以符合市場需求 (C)超市增加麵包、咖啡、飯盒等商品販售數量，並持續增加其他的服務項目 (D)企業將外勤部門工作委由薪資較低地區承包，並透過網路聯繫以確保時效,xuece-soc-114-59
學測社會,xuece-soc,114,60,歷史,自由貿易,D,R,S4,T3,H3,農畜產過剩要找市場：推行自由貿易,從圖7 呈現的二十世紀初期美國農畜業狀況，下列何者最能反映當時美國的訴求？ (A)提倡門羅主義 (B)建立關稅壁壘 (C)劃分勢力範圍 (D)推行自由貿易,xuece-soc-114-60
學測社會,xuece-soc,114,61,公民,非選：生產者剩餘,非選,R,S2,T0,C5,非選：出口增加，價格上升、數量增加，生產者剩餘增加,在其他條件不變下，題文中的貿易發生後，對美國農畜市場的均衡價格與數量有什麼樣 的影響？該市場的生產者剩餘會有何變化？請在左欄先寫出對價格與數量的影響 （2 分），再於右欄寫下生產者剩餘的變化（1 分）。（左欄錯誤或未作答，右欄不計分） 對價格與數量的影響（10 字內） 生產者剩餘的變化（5 字內）,xuece-soc-114-61
學測社會,xuece-soc,114,62,公民,社會救助,A,E,S1,T2,C2,古代救災是恩典，現代社會救助是人民的權利,從現代社會安全制度設立的角度來看，題文中因應災變的福利措施，雖與現今社會救助 制度非常類似，但二者有重要差異。下列何項敘述最足以說明其差異？ (A)前者強調基於悲憫動機，後者基於保障公民權 (B)前者為解決災害問題，後者則為解決貧窮問題 (C)前者針對受災戶提供資源，後者針對所有公民 (D)前者由政府與民間發動，後者由第三部門主導,xuece-soc-114-62
學測社會,xuece-soc,114,63,地理,非選：氣候與災害,非選,D,S2,T0,G3,非選：由氣候圖判斷關中的乾旱或水患,不考慮長期氣候變遷的情況下，在答題卷中勾選一個最可能是唐朝建都所在地的氣候 圖代號，並且以氣候的角度，分析該地容易發生的一項天然災害，並說明該災害發生的 原因。（4 分） 甲 乙 丙 （mm） （℃） （℃） （℃） （mm） （mm） 30 250 30 250 30 250 25 25 25 200 200 20 200 20 20 15 15 15 150 150 150 10 10 10 5 5 5 100 100 100 0 0 0 -5 -5 -5 50 50 5,xuece-soc-114-63
學測社會,xuece-soc,114,64,歷史,非選：政治重心南移,非選,R,S1,T0,H2,非選：安史亂後經濟重心南移,題文中對唐朝安史亂後的敘述，最能反映出何種歷史發展趨勢或變化？請在答題卷上 勾選一個正確選項，並說明判斷依據。（4 分） 趨勢或變化（2 分） 判斷依據（2 分，30 字內） □ 人群移往東北 □ 政治重心南移 □ 北人稅賦加重 □ 經濟重心轉移,xuece-soc-114-64
學測社會,xuece-soc,115,1,公民,健保與個資,D,E,S5,T2,C1,以提供基因資料交換健保給付，侵害個資自主權,小文在公民課報告時事：某國政府宣布將治療癌症的昂貴基因技術，納入全民健保， 但民眾須同意提供基因資料供學術使用，作為獲得健保給付之交換。對此小文提出評論： 在我國，未繳保費都不能立即構成拒絕給付理由，相較之下該國政策無異是對人民健康 權的不合理限制。依據小文的評論，下列何者最能反映小文對健康保險制度的立場？ (A)健保旨在維護人民健康，應確保全民皆低價取得服務 (B)健保應有合理差別對待，故應僅要求高所得群體交換 (C)健保重視平衡公益與私利，故基因應僅供有益人民健康之研究 ,xuece-soc-115-1
學測社會,xuece-soc,115,2,公民,全球勞動分工,A,E,S5,T2,C1,AI 背後有低薪標註勞工：全球分工的不平等,研究指出人們常忽略AI 的運作須仰賴許多勞工辛苦將海量資料加以分類、標註，提供 給機器學習。例如東非標註者每週工作45 小時，時薪僅約1 美元，該研究強調，相較 於AI 產業的鉅額投資與回報，目前標註工作薪資極低廉。從題文判斷，下列何者為 該研究最可能表達的觀點？ (A)高科技的發展，常忽視全球經濟不平等的現象 (B)人們推崇科技，卻常忽略其運作仍需人類智慧 (C)人們過度仰賴科技，忽略使用科技帶來的傷害 (D)科技未發展區域，賺取薪資比勞動權益更重要,xuece-soc-115-2
學測社會,xuece-soc,115,3,公民,同溫層與民主,D,E,S5,T2,C3,同溫層使意見極化，不利民主審議,社群網站已成為民眾接觸新聞與政治意見的重要管道，然而網站平台多以分析並預測 使用者偏好進行內容排序，持續提供使用者相似立場資訊，形成同溫層現象，此一現象 不利於民主政治中多元意見交流。在不需由平台管理者判定內容立場或價值，以最小化 限制言論自由疑慮的考量下，下列作法何者最可能改善上述狀況？ (A)促使平台朝向公共媒體的方向轉型，以承擔公共責任 (B)促使平台依不同立場分類內容，並主動呈現多元觀點 (C)促使平台篩選各種「優質」的內容，並予以優先曝光 (D)促使平台調整排序邏輯,xuece-soc-115-3
學測社會,xuece-soc,115,4,公民,緘默權,C,E,S5,T2,C1,被告有權保持緘默、要求律師陪同,某國警方在執勤時發現某甲涉嫌販毒而將其逮捕，甲被捕後堅稱沒有從事任何犯罪 行為，也拒絕在無律師陪同下接受偵訊。該國檢察官乙在偵訊期間被甲的態度激怒， 表示一定要將甲繩之以法，並在審判時強調甲拒絕自白，應該求處重刑。假設該國之刑事 訴訟法原理與我國相同，下列對甲、乙兩人行為的評論，何者最適當？ (A)甲是現行犯，應拒絕甲聘請律師陪同偵訊 (B)甲如自白犯罪，可能牴觸不自證己罪原則 (C)乙偵訊時之言論，可能違反無罪推定原則 (D)乙在審判時的言論，牴觸偵查不公開原則,xuece-soc-115-4
學測社會,xuece-soc,115,5,公民,GDP 支出結構,B,D,S2,T5,C5,比較各國消費、投資、政府支出與淨出口的比例,某生蒐集了甲、乙、丙三國近10 年各項支出占GDP 比例的平均資料（表1），想要比較 各國的經濟發展型態與規模。下列哪項敘述最能解釋表1 的資訊？ 表1 民間消費 投資 政府消費 出口 進口 甲國 67% 16% 20% 12% 15% 乙國 20% 34% 40% 20% 14% 丙國 50% 23% 11% 69% 53% (A)甲國消費占比最高，國際貿易占比最低但仍為順差 (B)乙國服務業占比最低，最重視政府與民間投資支出 (C)丙國國際貿易總額最高，但國內總消費占比卻,xuece-soc-115-5
學測社會,xuece-soc,115,6,公民,比較利益,B,R,S5,T2,C1,兩國鯖魚各具特色：依比較利益分工並互相進出口,甲國鯖魚油脂含量較高，口感細膩滑順，價格較高；而乙國鯖魚油脂含量較低，肉質 紮實有嚼勁，價格親民，年產量高達五萬多公噸。從專業分工與進出口的角度分析， 下列對兩國鯖魚相關產品的論述何者最合理？ (A)甲國鯖魚價格較高，使其鯖魚相關產品在市場上較具比較利益 (B)乙國鯖魚用於製作一般魚類罐頭，甲國鯖魚用於餐廳鮮魚料理 (C)甲國鯖魚油脂含量比乙國鯖魚高，乙國很難出口鯖魚相關產品 (D)乙國鯖魚的供給量已經很多，從甲國進口鯖魚不符合成本效益,xuece-soc-115-6
學測社會,xuece-soc,115,7,歷史,清初海禁,D,R,S1,T1,H1,十七世紀下半葉禁止船隻往日本：清初海禁,史書記載：十七世紀下半葉，山東官員一旦知悉當地有船隻欲前往日本，往往立即派人 搗毀船隻。在此同時，浙江、南京地方官員追討海賊時，還會將前往日本的商船扣押， 並燒毀貨物。而廣東地方官員若查出有船主來自敵對陣營，會立即緝捕問斬、沒收其 商品。這些地方官員採取上述措施的最主要目的為何？ (A)確保東亞海域航道暢通 (B)防止中國貨幣外流南洋 (C)嚴禁走私保障本國稅收 (D)斷絕鄭氏政權物資來源,xuece-soc-115-7
學測社會,xuece-soc,115,8,歷史,清代臺灣地圖,A,R,S1,T2,H8,官員依統治、用兵需要繪製地圖,學者指出：清代臺灣地圖除呈現一地的自然環境特徵外，往往也能反映出繪製官員對 當時社會情況的關注重點。具體而言，政府會因統治、用兵和管理之需而繪製地圖， 所繪地圖具有定疆劃界、兵防規劃、因應因地制宜等功效。表2 是彙整自康熙（1696 年）、 乾隆（1742、1747 年）不同時期《臺灣府志》地圖上出現的地名註記類別及數量統計。 根據表2，下列推論何者最合理？ 表2 年份 1696 1742 1747 地名註記類別（個） 山岳 24 29 127 官署 5 8 7 社 61 2,xuece-soc-115-8
學測社會,xuece-soc,115,9,歷史,日治殖民地身分,C,R,S1,T1,H1,在內地隱瞞出身：殖民地人民的身分處境,日治時期，某篇小說寫到，主人翁在內地時，被問到來自何處，總是謊稱來自四國或 九州，也只敢以日本姓名與朋友交往，深怕被人認出真實的出身。主人翁表示，在內地時， 他對於內地人、本島人、半島人、還是中國人，看一眼總能辨認出來。主人翁的時代背景 和身分最可能是： (A)1900年代前往日本工作的朝鮮學者 (B)1930年代在滿洲國任教的日本教師 (C)1940年代前往日本求學的臺灣學生 (D)1950年代回歸日本的前殖民地官員,xuece-soc-115-9
學測社會,xuece-soc,115,10,歷史,二戰英國,B,R,S1,T1,H1,與法國攜手、無論如何繼續作戰：二戰時的英國,第二次世界大戰期間，一位政治領袖針對當時嚴峻局勢演講時，表示：自己的國家會與 法蘭西共和國緊密攜手、互相援助，無論法國發生什麼事情，本國都將繼續戰鬥，誓死 保衛國土，絕不放棄也永不投降。雖然他堅信自己的國家自己救，但是也深信「新世界」 會竭盡全力來拯救。上述的「演講者」與「新世界」分別是指： (A)演講者是希特勒；「新世界」是指德國，會重新塑造舊歐洲 (B)演講者是邱吉爾；「新世界」是指美國，會派兵與英國合作 (C)演講者是史達林；「新世界」是指英國，會從西方夾擊德國 (D),xuece-soc-115-10
學測社會,xuece-soc,115,11,歷史,元代海運,A,R,S1,T3,H4,京師遠離江南產糧區，元代開啟海運漕糧,元代〈重建海道都漕運萬戶府碑〉提及：海漕（以海運運漕糧），古未有也。漢仰漕山東， 唐仰漕江淮，皆無路途遙遠之阻。今京師與江南相去數千里，而政府所需皆仰賴南方， 欲朝夕供給，如取諸左右，若無良法則民勞國弊。根據上述，元代增闢海運的最可能原因 為何？ (A)建立迅速取得大量物資的方式 (B)將京師的農產物資調往各地區 (C)原有的運河因淤積而無法運輸 (D)避免北方漢人抗元勢力的干擾,xuece-soc-115-11
學測社會,xuece-soc,115,12,歷史,古埃及飲食,A,D,S4,T6,H3,壁畫呈現古埃及貴族的飲食,考古出土的墓室壁畫是重要的歷史研究材料。圖1 是埃及考古挖掘出的墓室壁畫，其中 甲圖描繪僕人正在處理禽肉；乙圖描繪僕人正在調製醬汁及製作麵包。上述壁畫內容可 作為研究哪項歷史課題的資料？ 甲 乙 圖1 (A)古代社會階層分化與物質生活 (B)宗教祭司與信徒間的互動關係 (C)宗教輪迴轉世觀與社會倫理觀 (D)傳統王權統治與神權思想結合,xuece-soc-115-12
學測社會,xuece-soc,115,13,歷史,明朝與朝鮮,D,R,S1,T1,H1,明朝表彰忠節、送回國：與朝鮮的宗藩關係,十六世紀末日本出兵朝鮮，將一些朝鮮官員俘至日本。稍後，其中一位官員逃至中國。 明朝官方聽聞此事，特別頒發詔書表彰其忠節，並派人送他回國。這位官員不僅未被懷疑 通倭，甚至倍感榮耀。他的經歷，最能用來說明當時朝鮮對明朝的何種認知？ (A)明朝是軍事盟國，有協助朝鮮戰俘返國並獎勵忠貞的責任 (B)明朝是理學開創期，朝鮮人深受影響而有強烈的忠節觀念 (C)明朝是東亞強權，朝鮮必須服從明朝意旨才能獲得其援助 (D)明朝是宗主國，朝鮮人獲其表揚不需擔憂被追究戰俘身分,xuece-soc-115-13
學測社會,xuece-soc,115,14,歷史,馬尼拉大帆船貿易,D,R,S1,T1,H1,華人運來絲綢換取白銀：馬尼拉大帆船貿易,十六世紀末期，駐菲律賓的西班牙總督向國王報告，在菲律賓和華人貿易有害而無益， 因為華人運來了大量棉布、粗糙廉價的絹疋，還有生絲或紡絲等在此貿易。而最令人 憂慮的是它們還超過從西班牙運來的輸入量，這將會導致格拉那達、瓦倫西亞等地繳納 給王室的稅收減少。依據題文，總督最擔憂的是： (A)菲律賓當地紡織品產量降低，人民將缺乏布料 (B)華人已逐步取得西班牙貿易代理權並壟斷貿易 (C)若是進口中國大量廉價貨物，本土產業將毀滅 (D)西班牙出口至菲律賓的紡織品數量將日益減少,xuece-soc-115-14
學測社會,xuece-soc,115,15,歷史,拉丁美洲文化,C,E,S1,T2,H8,拼湊外國服裝：批判拉丁美洲缺乏自己的文化認同,一位十九世紀末的古巴作家，提及自己身處的拉丁美洲是：身穿美國短褲和外衣，也穿著 巴黎的背心，頭戴著西班牙禮帽。他藉由描繪這種怪異裝扮，實際上批評的是： (A)基督信仰價值觀取代傳統觀念 (B)美國門羅主義讓政治運作受阻 (C)歐美殖民對於當地文化的威脅 (D)主張成立民族國家的革命運動,xuece-soc-115-15
學測社會,xuece-soc,115,16,地理,地名分布圖,C,D,S3,T5,G1,由「崙」字地名的分布作推論，不要過度延伸,圖2 為某生在探究臺灣帶有「崙」字地名時所繪製的地圖。根據此圖，最可能得到下列 哪項推論？ (A)臺灣的崙字地名多分布在客家語優勢區 (B)臺北與基隆的崙字地名多源於沙丘之意 (C)南投崙字地名多隱含凸起小丘地形特徵 (D)臺南沿海因多沙丘故崙字地名冠於全臺 ●「崙」字地名 圖2,xuece-soc-115-16
學測社會,xuece-soc,115,17,地理,生態系與授粉,D,R,S5,T6,G5,食蜜鳥減少會影響植物授粉與繁殖,澳大利亞食蜜鳥，是一種以花蜜為主食的鳥類，多棲息在常綠闊葉林中，牠們在吸取 花蜜的同時，也成了花粉的散播者，因此能促進植物授粉與繁殖。但近年來，上述鳥類 的棲息地逐漸受到破壞，導致生物群落減少，此情形最容易造成下列哪項影響？ (A)西部海岸生態系脆弱度增加 (B)大堡礁沿岸易遭外來種入侵 (C)中部盆地的生物多樣性降低 (D)大分水嶺難以維持環境永續,xuece-soc-115-17
學測社會,xuece-soc,115,18,地理,生活圈資料,B,D,S3,T5,G1,用通勤起迄流量劃出生活圈,某生利用高速公路電子收費系統在通勤時段的流量資料，探究臺灣地區民眾的活動範圍。 他將汽車進入與離開高速公路的起迄資料繪製於地圖上，並根據資料在空間上的密集 程度，定義數個生活圈。圖3 是起迄資料與生活圈的呈現結果。下列何者最適合成為 該探究活動的標題？ 臺北 生活圈 新竹 生活圈 臺中 生活圈 臺南 高雄 生活圈 生活圈 圖3 (A)資訊革命如何改變生活模式 (B)運輸活動如何影響聚落系統 (C)路網型態如何加速人口遷移 (D)交通革新如何造就都市機能,xuece-soc-115-18
學測社會,xuece-soc,115,19,地理,方位角判讀,D,D,S4,T5,G7,由影像判讀堰塞湖的方位,圖4 為南亞某河川因大規模土石滑落阻擋河道而形成的堰塞湖。湖水目前已自天然 壩體上方溢流，但壩體整體結構仍屬穩定，暫無潰決之虞。圖中顯示的堰塞湖溢流方向， 最可能指向下列哪個方位角？ N 圖4 (A)0° (B)90° (C)180° (D)270°,xuece-soc-115-19
學測社會,xuece-soc,115,20,地理,環域分析（遊戲）,C,D,S3,T5,G6,狙擊射程與禁入半徑：兩層環域分析,某生玩一款手機遊戲，其中一個關卡需要先利用射程200 公尺的狙擊槍來癱瘓某座碉堡 頂端的探照燈，而且若走入該碉堡半徑 80 55 90 80 80 75 85 乙 40 公尺的範圍內，則會被碉堡內的 士兵發現並遭到反擊。圖5 是該關卡 35 65 65 65 60 70 50 的地圖，每個網格為10 公尺的正方形， 50 65 75 60 65 65 70 網格內的數值代表高度，黑色網格為 碉堡所在位置，灰色網格為射擊地點 80 65 70 90 60 70 70 丁 候選位,xuece-soc-115-20
學測社會,xuece-soc,115,21,地理,中亞交通,D,R,S3,T6,G1,歐盟投資中亞交通，繞過俄國連接歐亞,2021 年歐盟提出全球門戶計畫，投資相關國家的數位、氣候、能源、交通等基礎建設， 以拓展歐盟對外的政治經濟影響力。2023 年歐盟宣布先投資中亞的交通建設，建立 歐洲經裏海至中亞的貿易替代路線。該路線完成後，將有助於藥品、汽車、機械與紡織 品等商品貿易往來。其中哪項商品最可能大量地透過該貿易路線由東往西運送？ (A)藥品 (B)汽車 (C)機械 (D)紡織品,xuece-soc-115-21
學測社會,xuece-soc,115,22,地理,巴西雨林,A,R,S1,T6,G4,為發展農業砍伐雨林：巴西,2024 年在聯合國森林論壇中，有代表指出「農業是全球森林砍伐的重要驅動因素， 應列入會議文件」，但某國代表則要求將「農業」移除在外。主因是該國為求經濟發展， 長期砍伐森林，開闢肉牛放牧場和飼料農地。當地土壤層雖深厚，但實為貧瘠，因暴雨 頻繁，在無森林保護下，養分流失更快。上述的農業景觀最可能是照片1 中的何者？ 甲 乙 丙 丁 照片1 (A)甲 (B)乙 (C)丙 (D)丁,xuece-soc-115-22
學測社會,xuece-soc,115,23,地理,坦尚尼亞咖啡,A,D,S3,T5,G1,維多利亞湖附近、另一類產於高山：坦尚尼亞,臺灣有咖啡店家自某國進口咖啡豆，烘焙出獨特風味咖啡。已知該國咖啡豆主要分為 兩類，一類分布在維多利亞湖附近，果實碩大、口味甘甜，另一類則分布在全國其餘 各地，並以吉力馬札羅山腳地區所生產帶有柑橘、莓果味的阿拉比卡豆為最有名。圖6 是四個測站的氣溫雨量圖，哪個測站最可能位於該國出名的阿拉比卡咖啡產區？ 乙 丁 甲 (℃) (mm) 丙 (mm) (℃) (mm) (℃) (mm) (℃) 30 200 30 200 30 200 30 200 180 180 180 180 2,xuece-soc-115-23
學測社會,xuece-soc,115,24,歷史,印度洋航路,D,R,S1,T1,H1,十七世紀中葉以前的印度洋：近海航路與遠洋航路,某研究陳述：「十七世紀中葉以前，印度洋的海上航線分為兩條。一條是近海航路， 沿著東南亞、南亞、西亞的海岸線行進，這是絲綢、瓷器與乳香、丁香等香料產品的 貿易路徑。另一條是橫跨印度洋，自蘇門答臘或馬來半島出發，徑直向西，經斯里蘭卡、 馬爾地夫，直達阿拉伯半島，這是香料輸送的快捷路線。兩條航線均隨季節更迭而來回。」 此研究最可能發展出下列哪項有關海上貿易航線劃設的假設？ (A)資源生產國主導區域交互作用的強度與頻率 (B)市場規模與人口密度決定了港口貿易的榮枯 (C)西風風勢的強,xuece-soc-115-24
學測社會,xuece-soc,115,25,地理,農業產銷平台,B,E,S5,T2,G8,平台直接連結產銷，縮短流通環節,某個以推廣環境友善農產品為宗旨的企業，透過網站和社群連結農民與消費者。農民 透過平台分享種植理念與田間故事，讓消費者了解農產品的環境友善生產過程；消費者 則能透過網路下單，以公平的價格購買到新鮮食材，並追蹤產品來源。要達到上述 「連結農民與消費者」此經營模式的前提，與下列哪項產業發展的先決條件最為類似？ (A)電腦螢幕在自動化生產下的專業分工 (B)會計事務所財務管理的跨國外包服務 (C)玫瑰花卉適地適種的區域專業化經營 (D)家具店店家空間集中的聚集經濟效應,xuece-soc-115-25
學測社會,xuece-soc,115,26,公民,外部成本,A,R,S5,T2,C4,提高罰鍰讓違停者承擔外部成本，違規減少,如以外部成本或價格管制概念來描述該市政府政策時，下列哪項推論最可能成立？ (A)調高罰鍰，最直接的效果為減少違規總次數而降低交通堵塞與事故 (B)調高罰鍰，最直接的效果為減少每一次違規停車所產生的外部成本 (C)執行價格上限政策，解決紅線違規停車問題並減少產生的外部成本 (D)執行價格下限政策，降低違規停車對交通系統與流量潛在不利影響,xuece-soc-115-26
學測社會,xuece-soc,115,27,公民,比例原則,C,E,S5,T2,C2,罰鍰要與違規造成的危害相當：比例原則,依據題文，從法治國原則的觀點判斷，下列對於市政府修法的評論意見何者最適當？ (A)不宜提高罰鍰太多，以免違反法律的信賴保護原則 (B)考慮到事故風險，罰鍰是最能有效遏止違停的手段 (C)須參酌罰鍰與保障法益的衡量，適當調整罰鍰金額 (D)不應讓每案的罰鍰金額存在差異，以落實平等原則,xuece-soc-115-27
學測社會,xuece-soc,115,28,地理,工業區位（動力）,C,R,S3,T7,G1,阿蘇火山山腳：地熱或動力條件,依據題文，台積電宣布於熊本設廠的考量，其中的第二個考量因素主要是基於哪項工業 區位要素？ (A)原料 (B)市場 (C)動力 (D)資金,xuece-soc-115-28
學測社會,xuece-soc,115,29,地理,產業連鎖,D,R,S5,T2,G8,上下游廠商供應原料與零件：產業連鎖,依據題文，相關日本廠商也加快投資，這些廠商製造的產品與台積電之間的流通關係， 最符合下列哪個概念？ (A)產業群聚 (B)互補產品 (C)工業慣性 (D)產業連鎖,xuece-soc-115-29
學測社會,xuece-soc,115,30,歷史,林野調查,A,R,S1,T1,H1,林野調查把傳統領域當成無主地，擴大官有地,依據題文，日治時期能在臺灣東部取得大量土地以設置糖廠，係基於臺灣總督府哪項 政策的影響？ (A)土地及林野調查忽視原住民地權，以擴大官有土地面積 (B)官方推進隘勇線來限縮原住民族領域，終使其放棄土地 (C)在官有地設置官營移民村，由日本移民取得當地的地權 (D)官方淘汰舊式糖廍，改由大型製糖會社來接手經營農地,xuece-soc-115-30
學測社會,xuece-soc,115,31,地理,沖積平原災害,D,D,S3,T5,G1,花東縱谷沖積平原易受洪水沖刷,題文中的製糖會社，若在「糖業種植經濟區域」種植甘蔗時，最容易遭遇到下列哪項 災損，導致生產成本較高？ (A)熔岩台地農園遭颱風侵襲被摧毀 (B)海階農園受侵蝕作用而逐漸崩落 (C)三角洲農園因過度抽水導致下陷 (D)沖積扇農園因暴雨侵襲而被淹沒,xuece-soc-115-31
學測社會,xuece-soc,115,32,公民,原住民族保留地,B,E,S5,T2,C2,找不屬於歸還傳統領域的法律措施,依據題文，政府採取了多個階段的法律措施，以達到讓原住民族取回傳統領域、擁有 保留地的目標。這些措施，並不包含下列何者？ (A)遵循原住民族保留地相關法律依據 (B)允許台糖依契約自由原則出售土地 (C)限制原住民族對於保留地的支配權 (D)承認台糖取得該相關土地的所有權,xuece-soc-115-32
學測社會,xuece-soc,115,33,公民,轉型正義,C,E,S5,T2,C6,歸還土地是回應歷史不正義：轉型正義,依據題文，關於當前政府處理原住民族土地作法，下列何種詮釋觀點最適當？ (A)從維護原住民族生存與發展權利觀點，確保其長期生活條件之穩定 (B)從集體權利觀點，主張原住民族土地應由族群共同決定分配與使用 (C)從轉型正義觀點，處理歷史上殖民統治遺留下來的土地不正義問題 (D)從保障多元文化觀點，透過制度補償回應不同群體對土地權利爭議,xuece-soc-115-33
學測社會,xuece-soc,115,34,歷史,日治都市計畫,C,R,S1,T3,H4,墓園改為公園預定地，是都市計畫的需要,該墓園在日治後期階段，隨著都市發展而出現新的規畫，其考量最可能與下列何者有關？ (A)強調神社文化，強化民眾愛國思想 (B)翻修原有地區，吸引民眾重新移入 (C)因應建地擴張，增加民眾活動空間 (D)增加就業機會，提升民眾經濟收入,xuece-soc-115-34
學測社會,xuece-soc,115,35,公民,居住權,B,E,S5,T2,C6,違建住戶主張居住權，支持學者的主張,若從憲法保障基本權利的觀點出發，下列敘述何者最可能支持題文中學者的主張？ (A)受都市計畫影響者有程序參與權利 (B)違章建築住戶得主張享有居住權利 (C)違章建築房屋也受到所有權的保障 (D)強拆迫遷對違建居民構成階級歧視,xuece-soc-115-35
學測社會,xuece-soc,115,36,地理,土地利用圖,A,D,S3,T5,G1,眷村多設在都市邊緣的空地,圖7 為1950 年該眷村周邊區域的土地利用圖。該眷村最可能落在圖上的哪個位置？ (A)甲 (B)乙 (C)丙 (D)丁,xuece-soc-115-36
學測社會,xuece-soc,115,37,公民,國籍與法律保障,C,E,S5,T2,C2,沒有戶籍，無法享有一般國民的權利保障,下列哪一個敘述，最能說明早期無法取得軍籍、戶籍者當時在臺灣的處境？ (A)不包含在我國主權所及的管轄與保護範圍 (B)不被法律承認為可主張權利和承擔義務者 (C)不享有與我國國民平等的法律保障 (D)不屬《世界人權宣言》的保障對象,xuece-soc-115-37
學測社會,xuece-soc,115,38,歷史,異域孤軍史料,B,E,S1,T2,H8,口述訪談與當時公文才是第一手史料,若要進一步研究「孤軍」在當時的處境，下列哪些是屬於證據價值高的第一手史料？ 甲、當代學者所撰寫的《孤軍歷史研究》 乙、孤軍官兵們的口述訪談記錄與回憶錄 丙、有關「異域孤軍」的文學、影視作品 丁、該地國軍撤退、滯留決策的官方檔案 戊、設立「異域孤軍故事館」的相關報導 (A)甲、乙 (B)乙、丁 (C)甲、丙 (D)丁、戊,xuece-soc-115-38
學測社會,xuece-soc,115,39,公民,立法程序,D,E,S5,T2,C2,意見分歧時更要落實正當立法程序,以下哪項措施最能呼應該學者對於法案審議過程的主張？ (A)各法案須先經由專家學者審查，以確保專業審議 (B)政黨黨團先進行黨團協商，並優先採納少數意見 (C)民間團體能透過遊說和請願方式，提出修法草案 (D)遵守議事規則並充分溝通，且審議後刊登於公報,xuece-soc-115-39
學測社會,xuece-soc,115,40,公民,非選：行政院地位,非選,E,S5,T0,C3,非選：行政院是國家最高行政機關,依據該學者的意見，我國憲法關於行政院位階的明確規定，其所指為何？請在答題卷 作答表格中寫出該項規定的內容。（3 分） 規定的內容（10 字內） 憲法明確規定行政院是,xuece-soc-115-40
學測社會,xuece-soc,115,41,公民,機會成本,B,R,S5,T2,C4,補貼會排擠其他公共支出：機會成本,根據題文，政府決定採取補貼政策，下列何者最可能是決策時考慮的機會成本？ (A)獲取更多勞工對執政黨的支持 (B)排擠政府其他公共建設的預算 (C)勞工透過集會遊行對政府所表達的不滿 (D)增加廠商營運成本進而削弱企業競爭力,xuece-soc-115-41
學測社會,xuece-soc,115,42,公民,非選：年金改革,非選,E,S5,T0,C8,非選：選擇能直接回應財務問題的修正方案,依據題文，下列哪項修正方案最能直接回應甲的擔心及主張？請在左欄勾選方案，並於 右欄寫出該方案可達成的具體效果。（3 分，左欄勾選正確，右欄始計分；右欄僅抄錄 題文，不計分） 修正方案 效果（25 字內） □ 依據勞工勞動貢獻多寡訂定不同退休年金給付 可縮減 □ 以勞工進入就業市場的年齡決定可退休之年紀 □ 體力勞工於55-64 歲間申辦退休時年金不減額,xuece-soc-115-42
學測社會,xuece-soc,115,43,歷史,美中關係,D,R,S1,T1,H1,1970 年代美中關係改善：尼克森訪中、建交,題文中提到70 年代美國與中華人民共和國關係大幅改變，其具體事件最可能是下列何者？ (A)韓戰結束後中國停止「抗美援朝」 (B)美國的第七艦隊進入臺灣海峽巡弋 (C)越南成為中、美軍事對抗的主戰場 (D)美國總統尼克森親自訪問中國北京,xuece-soc-115-43
學測社會,xuece-soc,115,44,歷史,非選：義和團史觀,非選,E,S1,T0,H5,非選：比較衝擊回應觀與中國中心觀,依據題文，若以義和團事件為例，下列何者最符合乙學者觀點？請在答題卷勾選一個 正確選項，並說明甲、乙兩位學者觀點的主要差異為何？（4 分） 甲、乙兩位學者觀點的主要差異 最符合乙學者觀點（2 分） （2 分，35 字內） □ 義和團是在西方壓力不斷升級下，中國社會 作出的極端反抗，終遭致更強烈的西方干預 □ 義和團是盲目的排外運動，透過巫術與暴力 排斥外來事物，以恢復遭到破壞的傳統秩序 □ 義和團事件源於華北地區農村秩序崩潰， 在接二連三的天災、饑荒和政府徵糧後爆發 □ 義和團,xuece-soc-115-44
學測社會,xuece-soc,115,45,歷史,巴米揚大佛,A,R,S1,T6,H2,摧毀佛像：塔利班視為偶像崇拜,題文中，塔利班政權摧毀巴米揚大佛的原因，最可能是： (A)佛像象徵偶像崇拜，不符合他們認定的伊斯蘭信仰觀點 (B)巴米揚山谷是重要戰略通道，設立大佛像不利戰略布署 (C)阿富汗人民反對聯合國將巴米揚大佛列為世界文化遺產 (D)國外觀光客為了欣賞大佛而進入阿富汗，影響人民生活,xuece-soc-115-45
學測社會,xuece-soc,115,46,歷史,非選：希臘化,非選,R,S1,T0,H2,非選：亞歷山大東征帶來希臘化,題文提到「希臘化」，促使該現象得以在中亞地區形成的最關鍵事件為何？請在答題卷 勾選一個正確選項，並說明巴米揚與敦煌的佛像都具有希臘化元素的原因為何？（4 分） 巴米揚與敦煌佛像都具有希臘化元素的原因 最關鍵事件（2 分） （2 分，30 字內） □ 雅典城邦打敗波斯帝國 □ 亞歷山大大帝率軍東征 □ 羅馬建立環地中海帝國 □ 基督信徒前往東方傳教,xuece-soc-115-46
學測社會,xuece-soc,115,47,地理,地緣政治與全球化,C,D,S2,T4,G2,貿易戰與戰爭使各國補貼產業：地緣政治與全球化挑戰,依據題文與圖8 內容，最適合以下列哪組概念來解釋？ (A)空間重組與產業變遷 (B)交通革新與時空收斂 (C)地緣政治與全球化挑戰 (D)核心國家發展的擴散現象,xuece-soc-115-47
學測社會,xuece-soc,115,48,地理,美國都市,D,R,S2,T3,G2,戰爭與貿易戰影響美國都市的產業與物流,題文中的兩個事件對美國都市發展帶來的影響，最可能包括下列何者？ (A)難民透過陸路抵美，帶來紐約（40°43' N，74°00' W）文化衝突的隱憂 (B)貨物流通頻率降低，影響芝加哥（41°52' N，87°37' W）海港的關稅收入 (C)全球能源價格波動，帶動西雅圖（47°37' N，122°19' W）太陽能電力產業 (D)進口商品價格提升，影響舊金山（37°46' N，122°24' W）半導體零件取得,xuece-soc-115-48
學測社會,xuece-soc,115,49,地理,非選：區域互賴,非選,D,S2,T0,G2,非選：俄羅斯與西方貿易減少，更依賴中國等國,僅依據圖8 的資料，烏俄戰爭期間俄羅斯在區域互賴上的變化，最可能呈現出什麼特點？ 請在答題卷作答區作答。（3 分，35 字內） 烏俄戰爭期間俄羅斯在區域互賴上的變化特點（3 分，35 字內）,xuece-soc-115-49
學測社會,xuece-soc,115,50,公民,性別文化,C,E,S1,T2,C7,由當時的流行文化判斷性別群體的自主表達,依據題文，下列何者最能說明當時社會之性別文化？ (A)當時流行文化已開始出現物化女性現象 (B)異性戀文化受挑戰而無法佔有主流地位 (C)不同性別認同群體的自我實現機會不同 (D)出現以多元性別平等訴求替代兩性平等,xuece-soc-115-50
學測社會,xuece-soc,115,51,公民,文化政策,B,E,S1,T2,C7,禁播本土語言節目：文化政策反映權力不平等,依據題文，我國當時官方政策與語言文化之間的關連性，最適合以下列何項敘述加以 詮釋？ (A)文化政策體現權力不平等，主要存在於媒體再現之中 (B)文化政策雖欲強化特定文化形象，卻仍面對反對力量 (C)文化政策欲提升媒體品質，導致未能欣賞各文化之美 (D)文化政策僅關注精緻文化，忽視通俗文化亦具趣味性,xuece-soc-115-51
學測社會,xuece-soc,115,52,歷史,非選：戒嚴令,非選,R,S1,T0,H2,非選：戒嚴令下的文化管制,依據題文及你的歷史知識，戰後政府有許多管制臺灣社會文化的手段，這些手段與下列 哪個法令的施行最有關？請在答題卷勾選一個正確選項，並說明判斷理由。（4 分） 法令（2 分） 判斷理由（2 分，30 字內） □ 臺灣省戒嚴令 □ 地方自治綱要 □ 刑法一百條 □ 國家總動員法,xuece-soc-115-52
學測社會,xuece-soc,115,53,歷史,劉銘傳鐵路,B,R,S1,T3,H4,鐵路便利商品運到港口外銷,晚清臺灣民間資本家願意支持鐵路建設，最可能的原因為何？ (A)便利漢人移民遷居北部的丘陵地區 (B)提升港口與交通建設便利商品外銷 (C)強化國防建設以避免西方列強入侵 (D)廢除科舉考試後學習西方科技知識,xuece-soc-115-53
學測社會,xuece-soc,115,54,地理,非選：地形判讀,非選,D,S3,T0,G1,非選：舊線靠近河道、地勢低易淹水,總督府認為臺北—桃仔園路段的舊線有二大不利因素而改建新線，其中一項是舊線鄰近 大嵙崁溪（大漢溪）的路段容易發生水患。僅根據圖9、圖10 的資訊判斷，另一項不利 因素為何？請在答題卷作答區，寫出一項從圖9、圖10 判讀後的圖面資訊。（3 分，10 字 內） 不利因素（3 分，10 字內）,xuece-soc-115-54
學測社會,xuece-soc,115,55,歷史,英屬馬來亞,B,R,S1,T1,H1,錫礦、橡膠吸引各地移民：馬來西亞檳城,上述地點最可能位於今日的哪一城市？ (A)印尼的雅加達 (B)馬來西亞的檳城 (C)越南的胡志明市 (D)菲律賓的馬尼拉,xuece-soc-115-55
學測社會,xuece-soc,115,56,公民,非選：多元文化理念,非選,E,S1,T0,C7,非選：多元文化要尊重各族群,依據題文，該高中生反思後作成什麼結論，最符合其探究的角度？請在答題卷作答區 表格內左欄勾選一項最符合之結論，並在右欄依據題文填寫當今法治國家政策所依據 的理念。（3 分，左欄勾選正確，右欄始計分） 當今法治國家政策 最符合之結論 所依據的理念（20 字內） □ 政府讓族群自行管理並不足以保障各群體權利 □ 政府必須重視個人權利而非僅重視治安與稅收 □ 政府應依法統治而不該讓各族群依據傳統自治,xuece-soc-115-56
學測社會,xuece-soc,115,57,歷史,北宋黃河決堤,B,R,S3,T1,H7,黃河決堤、兩國交戰：北宋與金,文中兩國交戰的場景，最符合圖11 中甲、乙、丙、丁何者？交戰雙方為何？ (A)甲；西晉與匈奴 (B)乙；北宋與金國 (C)丙；南宋與蒙古 (D)丁；南明與滿清,xuece-soc-115-57
學測社會,xuece-soc,115,58,歷史,人口南遷史料,C,R,S1,T2,H8,要知道移入地與影響，找移入地的地方志,題文提及因戰爭加上河患曾迫使人群大規模遷出。若想進一步探索遷出人群的移入地區 及其影響，以下哪種史料最相關？ (A)地方官修補河堤的紀念碑文 (B)官府在淮河流域徵稅的冊籍 (C)史書中南方的戶口統計資料 (D)畫有黃河水系的地方志地圖,xuece-soc-115-58
學測社會,xuece-soc,115,59,公民,供給變動,A,R,S2,T2,C5,要估算供給減少幅度，需要受災的耕地面積與產量,某生嘗試以圖11 資料估算，某一次黃河水患對農產品市場供給線左移的幅度，但發現 資料有些不足。若能提供下列哪項資料，最能改善該生估算數值的精確度？ (A)水患區域範圍大小 (B)水患淹水深度高低 (C)水患好發季節規律 (D)水患持續時間長短,xuece-soc-115-59
學測社會,xuece-soc,115,60,地理,非選：底圖選用,非選,D,S3,T0,G6,非選：底圖的年代或比例尺不合,根據題文，學者A 在底圖選用上發生失誤的最可能原因為何？請在答題卷作答區作答。 （3 分，25 字內） 底圖選用上發生失誤的一項原因（3 分，25 字內） 因為學者A 應該選用的底圖是,xuece-soc-115-60
學測社會,xuece-soc,115,61,歷史,民間信仰（除瘟）,C,R,S1,T6,H2,送瘟船、王船祭：除瘟解厄的儀式,下列宗教性的儀式活動，何者最能彰顯題文中「除瘟解厄」的用意？ (A)基隆依張、廖、簡等姓氏排序一直到許姓，由各姓輪值主辦中元普渡祭 (B)新竹新埔褒忠義民廟，由桃竹地區的十五個聯庄，輪流主辦聯合義民祭 (C)雲林馬鳴山的鎮安宮王爺廟，元宵節舉辦「五股十四庄」境內遶境祈安 (D)屏東萬金天主教聖母聖殿，堂慶時由信徒舉辦聖母遶境的大型慶祝活動,xuece-soc-115-61
學測社會,xuece-soc,115,62,公民,刑罰觀點,C,E,S5,T2,C2,刑罰要與罪責相當,依據題文，該法律學者對刑罰的觀點，與下列哪一主張最為接近？ (A)應以矯治手段減少再犯，毋須提高刑罰 (B)為預防犯罪，應加重刑罰加以嚇阻犯罪 (C)刑罰構成人權重大限制，應有充分理由 (D)殺人者應處死刑，使其罪責與刑罰相當,xuece-soc-115-62
學測社會,xuece-soc,115,63,地理,非選：環境負載力,非選,D,S2,T0,G2,非選：疫病使人口下降，回到環境負載力之下,生態平衡是一種動態平衡，若在自然環境、生產內容、生產技術不變的情況下，以題文 中提到疫癘對古代社會的影響為案例，在答題卷作答區繪製出「此疫情開始」前後，該地 環境負載力的可能變化示意圖。（3 分）,xuece-soc-115-63
學測社會,xuece-soc,115,64,地理,荷莫茲海峽,D,D,S3,T5,G1,荷莫茲海峽連接波斯灣與阿拉伯海,伊朗若封鎖題文中的海峽，最可能會嚴重影響哪個海域的石油出口船運？ (A)紅海往波斯灣 (B)紅海往阿拉伯海 (C)阿拉伯海往孟加拉灣 (D)波斯灣往阿拉伯海,xuece-soc-115-64
學測社會,xuece-soc,115,65,公民,非選：供需推論,非選,R,S2,T0,C5,非選：封鎖海峽使供給減少，油價上漲,根據題文資訊，若該學者以供需架構比較兩國行動對國際原油價格的影響，最可能的 結論是什麼？其完整的供需推論內容如表3，但仍留有甲、乙二項空格區。請在答題卷 甲空格區填入適當文字，再於乙空格區勾選正確選項，以完成整個論述。（3 分） 表3 供需推論內容 根據圖12，伊朗的產量 甲 ，而這些國家出口大部分要經過荷莫茲海峽，使得 崛起之獅行動造成國際原油供給減少的幅度，小於伊朗封鎖行動所造成的影響幅度， 所以封鎖行動會使得國際原油價格 乙 較多。,xuece-soc-115-65
分科測驗,xuece-hist,107,歷史 1,歷史,北宋士大夫與議論,B,R,S1,T3,H4,官多、書多、書院多，議論也多,一位現代學者指出：北宋有四多，士大夫興起而官多，印刷發達而書多，提倡學問而書院多，因 為此三者而出現的另一多是： (A)貪污 (B)議論 (C)信仰 (D)世族,xuece-hist-107-1
分科測驗,xuece-hist,107,歷史 2,歷史,西亞拼音文字,B,R,S1,T3,H4,拼音字母用於記錄物件與人名：經濟需要,西方的拼音文字最早出現在亞述、迦南、腓尼基等西亞古文明中。他們將蘇美、阿卡德的象形、 音節等文字符號，簡化成拼音字母，多用以記錄物件與人名。這些古代民族簡化字母，最初的動 機最可能是： (A)軍事目的 (B)經濟需要 (C)藝術創作 (D)文學表達,xuece-hist-107-2
分科測驗,xuece-hist,107,歷史 3,歷史,自強運動的阻力,C,R,S1,T1,H1,起初反對、八國聯軍後官紳集資：興建鐵路,自強運動期間，李鴻章推動某項洋務遭到強烈反對，十分氣憤，致函醇親王說：「辦天下事，貴 實心，尤貴虛心，非真知灼見，不能辦事。……所願諸大君子，務引君父以洞悉天下中外實情，…… 勿狃常見而忽遠圖。」李氏果有遠見，八國聯軍後，各地官紳一改先前反對態度，集資辦理這項 洋務。這應是哪方面的工作？ (A)外交方面：商談條約 (B)軍備方面：造礮購艦 (C)交通方面：興建鐵路 (D)文教方面：興辦學堂,xuece-hist-107-3
分科測驗,xuece-hist,107,歷史 4,歷史,鴉片戰爭時的臺灣,A,R,S1,T1,H1,廣東有洋船、臺灣還沒有洋商：鴉片戰爭之際,某一時期，中外發生衝突，臺灣官員奏報：廣東本有洋船往來，通市已久，許多無賴之徒，樂意 為洋人所用。臺灣向無洋商，洋船不到，故無此患。但仍宜稽察奸民，以除內患。這應是臺灣何 時的情況？ (A)鴉片戰爭之際 (B)牡丹社事件時 (C)中法戰爭之際 (D)甲午戰爭前後,xuece-hist-107-4
分科測驗,xuece-hist,107,歷史 5,歷史,工業革命的擴散,D,K,S0,T7,H8,德國工業化由政府推動、鐵路帶動,工業革命在近代歐洲各國發生的時程不一，英國在十八世紀後期率先走上工業革命，歐陸國家則 多至十九世紀中葉後才步入工業增長之路，且其工業化發展也與英國有不同的樣貌。以下四個敘 述中，哪兩項是德國工業革命的特色？（甲）政府是重要的推手力量；（乙）紡織業對機械化起 帶動作用；（丙）農業革命是資本和人力主要來源；（丁）鐵路在工業發展上具促進作用。 (A)甲乙 (B)乙丙 (C)丙丁 (D)甲丁,xuece-hist-107-5
分科測驗,xuece-hist,107,歷史 6,歷史,近代中國傳統的崩解,C,R,S1,T1,H1,半世紀拋棄傳統、連外國也憎恨：文化大革命,一位熟悉中國事務的美國記者寫道：關於這一事件，「從更長遠的視野看，這是中國長久以來對 其傳統理想破滅的高點。在大約半個世紀中，中國人把他們的文化一塊塊敲下，試圖把『倒退』 的因素拿掉。這期間，甚至到完全自我毀滅的地步：人們憎恨中國人的一切，但同時也憎恨外國 人的一切。」他指的最可能是： (A)新文化運動 (B)人民公社 (C)文化大革命 (D)天安門事件,xuece-hist-107-6
分科測驗,xuece-hist,107,歷史 7,歷史,臺南三郊,A,K,S1,T7,H8,往上海、寧波、天津的是北郊,文獻記錄臺南三郊的由來：配運於上海、寧波、天津等處之貨物曰北郊，有二十餘號營商，群推 蘇萬利為北郊大商；配運於金、廈兩港，漳、泉二州等處之貨物曰南郊，有三十餘號營商，群推 金永順為南郊大商；熟悉於臺灣各港之採糴（買）者曰港郊，有五十餘號營商，群推李勝興為港 郊大商。由是商業日興，積久成例，遂成三郊巨號。從這記錄看，三郊的名號是源自： (A)進行貿易地區 (B)郊商所在地點 (C)沿襲舊有慣例 (D)營商商號數量,xuece-hist-107-7
分科測驗,xuece-hist,107,歷史 8,歷史,大西洋三角貿易,B,R,S1,T5,H2,衣服火槍到非洲、奴隸到美洲、糖回歐洲：三角貿易,十七、十八世紀時盛行三角貿易，有位商人從甲地購買衣服、火槍和金屬用品，裝船運至乙地交 易後，再從乙地載人到丙地販賣，最後從丙地採購糖與菸草等物品，運回甲地出售。甲、乙、丙 三地依序最可能是： (A)廣州、舊金山、馬尼拉 (B)倫敦、象牙海岸、牙買加 (C)加爾各答、麻六甲、好望角 (D)阿姆斯特丹、巴達維亞、長崎,xuece-hist-107-8
分科測驗,xuece-hist,107,歷史 9,歷史,二戰反軸心遊行,C,D,S4,T1,H3,美英領袖被巨蛇纏繞：軸心國的宣傳,右圖為某次遊行活動中的宣傳看板，看板中描繪美、英等國領袖遭到巨蛇纏繞，無法動彈。看板 下方懸著日本、納粹德國與義大利等國的旗幟。這個遊行活動最可能發生於： (A)1932年的柏林 (B)1938年的巴黎 (C)1941年的臺北 (D)1966年的河內,xuece-hist-107-9
分科測驗,xuece-hist,107,歷史 10,歷史,俄國革命的評價,A,E,S1,T2,H8,多數國家咒罵的革命：俄國革命,學者論述某次革命時說：「當時，大多數國家的政治人物，都咒罵這一革命及其建立的制度，認 為它是某種可怕的、邪惡的東西。相反地，這些國家中的許多偉大作家、激情的革命者和自由主 義者，則像迎接曙光般地歡迎這個革命，甚至根據類似理念組成政黨。」這個革命最可能是： (A)1917年俄國革命 (B)1959年古巴革命 (C)1979年何梅尼革命 (D)2010年茉莉花革命,xuece-hist-107-10
分科測驗,xuece-hist,107,歷史 11,歷史,春秋戶籍與齊民,D,R,S1,T2,H8,登錄戶籍的人民稱齊民：國家直接控制個人,春秋時代晚期以後，列國開始登錄人民，建立戶籍制度。戶籍制度出現以後，凡著錄的人，又謂 之「齊民」。漢代人民都要登錄於戶籍，也稱作「錄民」。請問：「齊民」主要表示何種身分上的 平等？「齊民」與「錄民」的出現，在歷史上應作怎樣的解釋？ (A)政治身分；封建制延續的舊面貌 (B)經濟身分；郡縣制形成的新現象 (C)社會身分；封建制延續的舊面貌 (D)法律身分；郡縣制形成的新現象,xuece-hist-107-11
分科測驗,xuece-hist,107,歷史 12,歷史,英國棉布與印度,A,R,S1,T1,H1,十七世紀英國從印度引進棉布,歐洲人的傳統衣著使用毛料和麻布。十七世紀以後，英國商人從海外「某地」引進棉布，因價廉 物美，穿著舒適，深受社會各階層的歡迎，卻使本土毛紡織業深受打擊。英國國會遂於1700年立 法禁止進口棉布，以保障本土毛紡織業的利益。「某地」是指： (A)印度 (B)埃及 (C)中國 (D)北美,xuece-hist-107-12
分科測驗,xuece-hist,107,歷史 13,歷史,書籍刊刻與校勘,C,D,S1,T4,H6,比較三段資料對舊刻本與校勘的看法,下列是三段關於書籍刊刻的資料：（甲）書之所以貴舊刻者，非謂其概無一誤。近世經校讎（勘） 者，自頗勝於舊本，然專輒妄改，亦復不少。（乙）衡陽王鈞，手自細寫五經，置於巾箱之中，巾 箱五經，蓋自此始。（丙）毋昭裔出私財百萬，以營學館，且請刻版，以印九經。蜀主從之，由是 蜀中文字復盛。從資料內容判斷，三段資料出現的前後順序應是： (A)甲、乙、丙 (B)甲、丙、乙 (C)乙、丙、甲 (D)乙、甲、丙,xuece-hist-107-13
分科測驗,xuece-hist,107,歷史 14,歷史,明初誅殺功臣,D,E,S1,T2,H8,開國後誅殺功臣，是為了節制元勳宿將,近代歷史學家孟森說：「以國家全體而論，當開創之後，而無檢制元勳宿將之力，人人挾其馬上 之烈以自豪，權貴縱橫，民生凋弊，其國亦不可久。功臣遭戮，千古歎漢、明兩祖之少恩，其實 亦漢、明開國之功，所以能速就耳。」孟森針對誅戮開國功臣的這段文字，最主要是： (A)歷史事實敘述 (B)史料真偽考證 (C)人物性格分析 (D)政治策略評論,xuece-hist-107-14
分科測驗,xuece-hist,107,歷史 15,歷史,特倫特大公會議,B,R,S1,T1,H1,特倫特會議：天主教的自我改革,1545年，羅馬教廷在特倫特（Trent）召開大公會議討論教會改革問題，以回應宗教改革對教會的 衝擊。會議歷時十八年，在教義與教會實務上均作出決議。教義方面宣告：「得救須靠信仰與事 功」、「聖經與歷史傳統並重」、「聖經解釋權屬於教會」等；教會實務方面明令：「嚴禁聖職買賣」、 「主教應常駐教區」、「禁止濫發贖罪券」等。我們如何理解特倫特大公會議的性質？ (A)教義上固守傳統，教務上堅拒改革 (B)教義上固守傳統，教務上接受改革 (C)教義上革新傳統，教務上堅拒改革 (D)教義上,xuece-hist-107-15
分科測驗,xuece-hist,107,歷史 16,歷史,戰後臺灣教育統計,B,D,S2,T5,H5,由比例變化判斷表格的意義,右表是1952至2000年間臺灣一項統計數字。我們應如 年代 項目 甲（%） 乙（%） 何理解這個表格？ 1952 91.9 8.1 (A)大學入學考試錄取比例；乙為錄取者 1960 67.7 32.3 (B)農、工業產品出口值比例；乙為工業產品 1970 21.4 78.6 1980 9.2 90.8 (C)公、私立高級中學校數比例；乙為公立學校 1990 4.5 95.5 (D)鐵道、公路之運輸量比例；乙為公路 2000 1.4 98.6,xuece-hist-107-16
分科測驗,xuece-hist,107,歷史 17,歷史,清法戰爭與臺灣,A,R,S1,T1,H1,誘敵陸戰、甲方缺水師：清法戰爭,在一場和臺灣有關的戰役中，甲、乙雙方各擬定作戰計畫，甲方：「臺灣缺乏可對抗外國艦隊之 水師戰船，不如採取誘之為陸戰之策。因之，以新募之勇營，普遍配置於全島南北之各要害。」 乙方：「先派軍艦偵察基隆港之情形，並分艦隊為二：一衝淡水港，一衝基隆港，以陸戰隊從基 隆突出於淡水，欲於水、陸有聯。」甲、乙方各應是： (A)中、法 (B)中、日 (C)日、美 (D)美、中,xuece-hist-107-17
分科測驗,xuece-hist,107,歷史 18,歷史,古埃及陪葬咒文,B,R,S1,T3,H4,咒文從法老擴及貴族平民：來世觀的普及,古埃及人追求永生，發展出陪葬咒文，幫助死者通過死亡之地，前往來世。舊王國時，咒文僅刻 置在金字塔內法老墳室的牆上，稱為「金字塔文」；中王國時，咒文刻在棺木內側，稱為「棺文」， 在許多達官貴人墓室均有發現；到新王國時，咒文多寫在莎草紙卷軸上，置於死者身旁，稱為「死 者之書」，出現在一般筆吏、祭司、甚至女性的墓葬中。我們應如何理解這樣的演變？ (A)死者之書內容愈趨複雜 (B)追求永生願望的普及化 (C)永生的觀念越來越淡薄 (D)追求永生常受政治干擾,xuece-hist-107-18
分科測驗,xuece-hist,107,歷史 19,歷史,慈禧與洋務,D,R,S1,T3,H4,慈禧允許洋務但反對變法：中體西用,某書寫道：清同治初年，慈禧太后同意曾國藩派遣留學生、建造輪船、製造西式武器，但同時警 告不可仿效日本的維新路線，而冒犯祖宗家法。多年後，她閱讀馮桂芬的《校邠廬抗議》，對其 中所提出的變法思想有良好印象，但是，她反對戊戌變法。下列何者最可能是慈禧太后反對戊戌 變法的原因之一？ (A)不同意中學為體西學為用觀念 (B)為保持傳統，反對向西方學習 (C)光緒帝聯海軍與慈禧分庭抗禮 (D)光緒皇帝及其大臣們操之過急,xuece-hist-107-19
分科測驗,xuece-hist,107,歷史 20,歷史,蘇聯對日宣戰,A,R,S1,T1,H1,等了 40 年報日俄戰爭之仇：蘇聯對日宣戰,1945年9月2日，一位國家領導人說：「我國人民等待日本被打敗的這一天，已經等了40年。當年 那場戰爭的失敗，留給我國人民痛苦的記憶，我們終於等到雪恥的這一天。」這位領導人與那場 戰爭是指： (A)史達林；日俄戰爭 (B)蔣中正；甲午戰爭 (C)杜魯門；珍珠港事變 (D)李承晚；甲申事變,xuece-hist-107-20
分科測驗,xuece-hist,107,歷史 21,歷史,戰後臺灣政治特展,B,R,S1,T1,H1,一個中國、兩個政府、四六事件：戰後初期,博物館規劃臺灣某個時代特展，內容之一是以數字來呈現此一時代之特色，依序為：「一個中國」、 「兩個政府」、「三個政黨」、「四六事件」、「論壇五虎將」、「魂斷六張犁」、「第七艦隊協防」、「八 二三砲戰」、「九年義務教育」。此一時代應為： (A)日本時代 (B)戒嚴時代 (C)解嚴時代 (D)民主時代,xuece-hist-107-21
分科測驗,xuece-hist,107,歷史 22,歷史,三十年戰爭與人口,B,D,S2,T1,H1,十七世紀德意志人口驟降：三十年戰爭,右圖呈現西元1000至1800年間，德意志地區西部人口變化狀況。造成圖中「甲」時段人口急遽下 ︵ 降的主因為何？ 百 萬 (A)黑死病爆發，人口大量死亡 ︶ 10 (B)三十年戰爭，導致人口傷亡 8 人 (C)萊茵河氾濫成災，造成饑荒 口 6 數 甲 (D)發現新航路，人口紛紛外移 4 2 0 （年） 1000 1200 1400 1600 1800,xuece-hist-107-22
分科測驗,xuece-hist,107,歷史 23,歷史,貨櫃運輸與全球化,B,R,S1,T3,H4,貨櫃運輸需要改建港口，最後促進全球化,1950年代後期，海運界曾考慮「貨櫃運輸」的作法，亦即將雜散貨品組合包裝，放入標準貨櫃內， 以改善運輸效率。但因必須改建港口，導致費用太高而無法推廣。後來，美國參與一場戰爭，利 用貨櫃從美國將大量軍需品運到「甲」地，貨輪返航時再到「乙」地，將該地工業產品運回美國 銷售。此後，世人才認識到貨櫃運輸的效能。上文所說「甲」、「乙」地最可能是： (A)韓國仁川、臺灣高雄 (B)越南峴港、日本橫濱 (C)西德漢堡、英國倫敦 (D)以色列海法、法國馬賽,xuece-hist-107-23
分科測驗,xuece-hist,107,歷史 24,歷史,東晉門閥政治,D,R,S1,T1,H1,王與馬共天下：東晉門閥政治,中國歷史上一個時期，司馬氏得到大士族琅邪王氏的支持，登基為帝，建立了朝廷，於是有「王 與馬共天下」的說法。琅邪王氏之後，依次出現潁川庾氏、譙郡桓氏、陳郡謝氏等權臣的時候， 依然是庾與馬、桓與馬、謝與馬「共天下」的局面。這是哪一時期？出現怎樣的政治型態？ (A)西晉；皇權政治 (B)西晉；門閥政治 (C)東晉；皇權政治 (D)東晉；門閥政治,xuece-hist-107-24
分科測驗,xuece-hist,107,歷史 25,歷史,隋代刑律,A,R,S1,T1,H1,廢除酷刑、修改審案規範：隋代刑律,隋文帝命大臣修定刑律，採用魏、晉舊律，以及齊、梁之律，廢除前代梟（斬後懸首）、轘（車 裂）、鞭等慘刑，並修改審案規範，取消審囚酷法，使枷和杖都有定式。民眾若有枉屈，可依序 上告到朝廷。隋文帝改定新律，表現出哪種精神？ (A)以輕代重，化死為生 (B)以輕代重，化生為死 (C)以重代輕，化死為生 (D)以重代輕，化生為死,xuece-hist-107-25
分科測驗,xuece-hist,107,歷史 26,歷史,日本近代超克論,C,R,S1,T1,H1,批判近代與西方：二戰時日本的「近代的超克」,明治維新以來，日本積極追求西化，甚至出現「脫亞入歐論」。但某一時期，日本思想界風向出 現變化，主張要「批判近代性與西方文化」，強調在文化戰爭中反抗西方，不要屈膝於西方之文 化理想中。當時，報紙刊登一首詩：「我立於義與生命／彼立於利；我可說捍衛正義／彼可說利 之侵略；當彼藐視四方／我則打造大東亞家庭」，反映知識界的反西方思潮。這個時期是： (A)明治維新時期，文化界抗拒西方思潮 (B)大正民主時期，文化界擔憂文化失序 (C)二次大戰期間，思想界配合戰爭目標 (D)盟軍占領時期，,xuece-hist-107-26
分科測驗,xuece-hist,107,歷史 27,歷史,納粹黨綱領,D,R,S1,T3,H4,納粹修改黨綱是為了爭取中產與農民支持,1920年代初期，希特勒的「國家社會主義德國工人黨」發布25條綱領，並宣稱這些主張都「不會 改變」。不過，1920年代末期，國社黨卻修改了其中的一條，以爭取中產階級的支持。它最可能 是針對下列哪條黨綱進行修改？ (A)禁止非德裔移民移居德國 (B)大企業須與工人共享利潤 (C)只有德裔人民享有公民權，但猶太人除外 (D)為了國家利益，政府可無償徵收人民財產,xuece-hist-107-27
分科測驗,xuece-hist,107,歷史 28,歷史,清代城市畫卷,D,D,S4,T1,H3,街市店鋪林立：清代城市的繁榮,有一幅畫卷描繪某個城市的景象：街市縱橫，店鋪林立，車馬行人摩肩接踵。河道兩岸有佛寺、 戲臺、茶莊、金銀店、中藥店，乃至豬行、羊行、糧油榖行，應有盡有。特別是店鋪高懸「東西 兩洋貨物俱全」、「川廣雜貨」、「萬源號銀鋪」等招牌。這個城市最可能是： (A)齊國臨淄 (B)漢代長安 (C)唐代洛陽 (D)明代南京,xuece-hist-107-28
分科測驗,xuece-hist,107,歷史 29,歷史,古希臘人的特質,A,R,S1,T7,H8,樂觀現世、個人主義：古希臘人,史家指出某一古代民族的特質：「這個時期，他們表現為樂觀的現世主義者，相信現世值得生活， 不必期望渺茫的彼世；他們是個人主義者，祈求完成自己，而非謙卑順從以獲得神的憐憫；他們 是人文主義者，愛慕感官所及的自然世界，而非神往於超世間的天國。」這個民族是： (A)古典時代的希臘人 (B)殷商時期的中國人 (C)摩西時代的希伯來人 (D)吠陀時代的雅利安人,xuece-hist-107-29
分科測驗,xuece-hist,107,歷史 30,歷史,西安事變,C,E,S1,T2,H8,西安事變後舉國歡騰：蔣中正領導地位穩固,學者指出：1936年西安事變前，蔣中正聲望已高，是公認的領袖，無人能與之競爭。西安事變發 生後，舉國惶惶，待脫險消息傳出，歡聲雷動，可知蔣氏受到全國擁戴。當時，他大可繼續對中 共用兵，但他並未如此，最主要原因，在深知對日戰爭不能避免，必須團結內部，以獲得外援。 於是他與中共和解，以聯好某國。某國是指： (A)英國 (B)美國 (C)蘇聯 (D)德國,xuece-hist-107-30
分科測驗,xuece-hist,107,歷史 31,歷史,巴黎協和廣場,C,R,S1,T1,H1,協和廣場名稱隨政權更迭而改變,巴黎市中心有一個著名廣場，受到政治變動影響，名稱從十八世紀中葉到十九世紀中葉曾數度更 易。以下這些代表性地標於十八世紀中葉至十九世紀中葉之間出現於此一廣場，其順序最可能是： (A)自由女神像、路易十五雕像、埃及方尖碑 (B)自由女神像、埃及方尖碑、路易十五雕像 (C)路易十五雕像、自由女神像、埃及方尖碑 (D)埃及方尖碑、路易十五雕像、自由女神像,xuece-hist-107-31
分科測驗,xuece-hist,107,歷史 32,歷史,元代斡脫古孛斡勒,D,R,S1,T1,H1,老奴婢出身卻能當宰相：元代的斡脫古孛斡勒,資料甲：蒙古語「（斡）脫古孛斡勒」是「老奴婢」、「世僕」的意思，意指由祖先的奴婢身分承 襲而來。元初，忽必烈的名相安童即出身「（斡）脫古孛斡勒」，他是木華黎的四世孫， 其部族被海都（成吉思汗遠祖）征服後，世代相襲俘虜和奴婢之身分。 資料乙：大蒙古國政府的性質，與韋伯所說「家產制」頗為吻合，即是政府不過是皇室家務機構 之延伸，大臣係由家臣充任，仍與皇帝維持嚴格的私屬主從關係，大汗對大臣擁有絕對 的權威，而大臣則須對大汗絕對效忠。 根據上述資料，我們如何理解「（斡）脫古孛斡勒」在,xuece-hist-107-32
分科測驗,xuece-hist,107,歷史 33,歷史,洛可可風格,C,R,S1,T1,H1,小廳堂取代宮殿、精緻裝飾：洛可可風格,藝術史書討論某時期歐洲建築、裝飾風格的變化，指出：「在建築方面，私人贊助者取代宮廷的 原有地位。小的廳堂、房舍代替了城堡與宮殿；冷冰冰的大理石或厚重的青銅，比不上優雅可親 的閨閣內室；紫、金、深藍色，不若灰、銀、灰綠、粉紅色受人歡迎。」此一風格的轉變應發生 於何時？代表何種風格的變化？ (A)十三世紀上半葉，從羅馬式到哥德式 (B)十七世紀上半葉，從文藝復興式到巴洛克式 (C)十八世紀上半葉，從巴洛克式到洛可可式 (D)十九世紀上半葉，從新古典式到新哥德式,xuece-hist-107-33
分科測驗,xuece-hist,107,歷史 34,歷史,費邊社會主義,C,R,S1,T7,H8,民主漸進的社會主義：費邊社,一位社會改革者主張：「社會主義植根於民主政治，民主必然促使我們承認每一個達到目標的步 驟，必須獲得多數人民的支持。即使想立即革除舊事務，仍必須在多數人民同意時才能完成。我 們面臨原則的實踐時，必須先形成法案，逐條在委員會中辯論，再由適當的機關來執行。」這位 改革者主張的是： (A)烏托邦社會主義 (B)歐文派社會主義 (C)費邊社社會主義 (D)馬克思社會主義,xuece-hist-107-34
分科測驗,xuece-hist,107,歷史 35,歷史,荷蘭東印度公司的遺產,ABE,E,S1,T4,H4,多選：荷蘭東印度公司對原住民的影響,荷蘭東印度公司統治臺灣的時間不長，其歷史評價如何，至今仍值得討論，但凡走過必留足跡， 特別是對原住民的統治影響更見深遠。下列哪些「東印度公司遺產」（政策或作為），對原住民的 影響至清代還可以見到？ (A)贌社制度 (B)新港文書 (C)王田制度 (D)領主封臣 (E)勞役徵調,xuece-hist-107-35
分科測驗,xuece-hist,107,歷史 36,歷史,歐洲人眼中的鄂圖曼,ACD,R,S1,T4,H2,多選：歐洲人轉而批評鄂圖曼的專制與衰弱,學者指出：十七世紀後期起，歐洲人對鄂圖曼帝國的敘述論調開始轉變，從先前讚嘆帝國富饒、 疆土遼闊與人力充沛，轉而批評鄂圖曼統治的專制、暴政，強調它缺乏合法性、貪污嚴重、司法 不公。這種觀點的轉變與十七、十八世紀哪些發展有關？ (A)鄂圖曼帝國在歐洲的勢力開始式微 (B)鄂圖曼帝國大舉迫害境內基督教徒 (C)歐洲建立近代國家，發展遠洋貿易，愈趨富強 (D)歐洲發生啟蒙運動，帶來自由、人道主義思想 (E)鄂圖曼揚棄歐洲文化影響，回歸伊斯蘭本土化,xuece-hist-107-36
分科測驗,xuece-hist,107,歷史 37,歷史,韓戰,ABCE,R,S1,T1,H1,多選：韓戰的經過與影響,中共與北韓金氏家族關係密切，有其淵源，主要是派兵參加「韓戰」。1950年6月北韓軍隊南下， 攻陷漢城（首爾），並向南推進；9月，以美軍為主力的聯合國軍隊登陸仁川，乘勢反攻，跨越北 緯38度線，直抵鴨綠江邊。此時，毛澤東雖十分猶豫，仍決定派「人民志願軍」援助金日成政府， 10月底成功伏擊美軍。麥克阿瑟也未料到中共會派軍參戰，甚至還希望在11月感恩節前統一全韓， 結束戰事。此後雙方展開幾次重大戰役，互有勝負，在北緯38度線上拉鋸，形成長期對峙之勢， 直到1953年7月才簽訂和平協,xuece-hist-107-37
分科測驗,xuece-hist,107,歷史 38,歷史,柴契爾經濟政策,BCD,R,S1,T3,H4,多選：柴契爾的私有化與市場化政策,1979年英國大選，在工黨執政失敗、經濟陷入困境中，保守黨獲勝。面對英國經濟困境，保守 黨宣示：要解決經濟問題，必須讓私人企業發展，使其有利潤，投資、創造高薪工作機會，「然 後，我們才有錢幫助老者、弱者、病者。」根據這個理念，保守黨採取哪些政策以振興經濟？ (A)鼓勵工會運動 (B)實施減稅政策 (C)國營事業民營化 (D)縮減社福支出 (E)立法管制匯率,xuece-hist-107-38
分科測驗,xuece-hist,107,歷史 非選一,歷史,非選：日治斷髮,非選,D,S1,T0,H1,非選：日治時期斷髮的過程與意義,一、 以下三則為和臺人「三千煩惱絲」有關的資料，閱讀後回答問題。 資料甲：悔染陋風三四春，奮然割去一時新。而今偷得文明樣，洗濯圓顱見性真。 資料乙：是何世界任戕殘，警吏施威六月寒。削足妄思求適履，髡（剃）頭謬說慶彈冠（做 官）。時無美鬒（濃密）人人鬜（脫落），家有金蓮步步難。癸女丁男（指成年）顛 倒甚，此間奚事不心酸。 資料丙：予素喜西制，嘗慕改妝效顰，以為利便，奈格於清俗，不肯權變為憾。今者，國既 喪師獻款，身為棄地遺民，此次東遊（日本），沿途頻遭無賴輩擲石譭罵之苦，因是 ,xuece-hist-107-非選一
分科測驗,xuece-hist,107,歷史 非選二,歷史,非選：史記的名稱,非選,D,S1,T0,H2,非選：「史記」原是史書的通稱,二、 閱讀下列資料，回答問題。 資料甲：《漢書．藝文志》：「太史公百三十篇」。 資料乙：《史記．周本紀》：「周太史伯陽讀史記曰：『周亡矣。』」； 《史記．陳杞世家》：「孔子讀史記至楚復陳」； 《史記．儒林列傳》：「孔子因史記作春秋」； 《漢書．楊惲傳》：「惲始讀外祖（司馬遷）太史公記」。 資料丙：清代著名考據學家王鳴盛著《十七史商榷》，開篇第一句寫道：「漢（書藝文）志史記 百三十篇」。 1. 根據資料甲、乙，《漢書》所稱的「太史公（記）」與《史記》所稱的「史記」，所指分別 為,xuece-hist-107-非選二
分科測驗,xuece-hist,107,歷史 非選三,歷史,非選：匈人與羅馬,非選,D,S1,T0,H6,非選：羅馬史家對匈人的描述與偏見,三、 西元四世紀，一位羅馬軍人史家對羅馬周邊外族有這樣的描述： 資料甲：「匈人（Huns）都是身體結實，四肢強壯，醜如怪物，看來像是站立的野獸。」 「他們沒有建物可以遮蔽，都在山林中遊蕩；他們沒有皇室管轄，而由族中首領混亂 地治理；他們沒有固定的居所，也沒有法律，只是以馬車為居，從一處到另一處。」 資料乙：「放牧的薩拉遜人（Saracens）四處漫遊，所到之處都成廢墟。他們如同貪婪的鷹， 一看到獵物，就以最快的速度抓捕。」 「從亞述到埃及沙漠，那裏的各部族人都沒拿過農具或種過,xuece-hist-107-非選三
分科測驗,xuece-hist,107,歷史 非選四,歷史,非選：撒哈拉貿易,非選,D,S1,T0,H2,非選：撒哈拉貿易的商品與交通工具,四、 撒哈拉沙漠雖橫亙非洲北部，穿越撒哈拉的貿易仍自古不斷，帶來南北地區商品、文化的交 流。早期，因交通工具的限制，穿越撒哈拉貿易只能間接、間斷進行，貿易商利用南到北之 間斷續分布的綠洲鏈，將貨物從一個綠洲運售到下一個綠洲，再由該地貿易商運售到下一個 綠洲，層層傳遞。這種型態下，商品傳遞時間長，貿易量不大。但西元三、四世紀時，撒哈 拉地區發生一次「沙漠運輸革命」，使長距離旅行、貿易成為可能，遂發展出大規模、有規 則、長距離的商隊貿易，擴大貿易幅度與規模，漠南商品更容易銷往地中,xuece-hist-107-非選四
分科測驗,xuece-hist,108,歷史 1,歷史,大航海時代,C,R,S1,T1,H1,王室資助、羅盤與海圖：大航海時代,某一時期，航海家航行時，不僅依靠天文觀測，還可使用簡陋的海圖，並以羅盤定方位。他 們通常是獲得王室的資助，踏上尋找新航路之旅。這類航海活動最可能是： (A)十世紀末諾曼人海上貿易活動 (B)十四世紀的阿拉伯印度洋船隊 (C)十六世紀初西班牙大西洋船隊 (D)十九世紀後期英國的遠東船隊,xuece-hist-108-1
分科測驗,xuece-hist,108,歷史 2,歷史,戰後臺灣歌曲,D,R,S1,T1,H1,依歌曲訴求排列時代先後,歌曲往往會反映時代的氛圍或訴求，以下是三首曾經在臺灣出現的歌曲： 甲：「反攻！反攻！反攻大陸去！大陸是我們的國土，……不能讓共匪盡著盤據。」 乙：「老法統唉呀無天理，霸佔國會在變把戲。……我要抗議！我要抗議！」 丙：「臺灣全島快自治，公事阮掌是應該。……百般義務咱都盡，自治權利應當享。」 這三首歌創作的時間，順序是： (A)甲丙乙 (B)乙丙甲 (C)乙甲丙 (D)丙甲乙,xuece-hist-108-2
分科測驗,xuece-hist,108,歷史 3,歷史,八國聯軍,C,R,S1,T1,H1,軍隊駐紮皇宮、搶奪珍寶：八國聯軍,一位歐洲軍官寫信回家，描述在北京的見聞：公園裡還躺著許多屍體，軍隊則駐紮在皇宮中。 他可以看到許多稀世珍寶，其中有一尊身著金袍的玉佛，可惜玉佛無法保障中華帝國的安危。 他明天即將隨軍隊撤離北京，帶回各種戰利品。這封信描述的最可能是何時的情況？ (A)清軍入關時 (B)太平天國時 (C)八國聯軍時 (D)辛亥革命時,xuece-hist-108-3
分科測驗,xuece-hist,108,歷史 4,歷史,美國共識史觀,A,E,S1,T2,H8,1950 年代冷戰氛圍，強調共識的史觀,歷史解釋往往會受到時代氛圍的影響。1950年代，美國歷史家主張：北美殖民地在獨立之前 已經是一個具有強烈共識的團結社會，而這個共識就是自由與平等。這種史觀的提出與當時 美國哪種社會氣氛有關？ (A)東西冷戰方盛，防範共產主義 (B)民權運動興起，要求族群平權 (C)恐怖主義威脅，訴求社會團結 (D)多元文化流行，強調個性自主,xuece-hist-108-4
分科測驗,xuece-hist,108,歷史 5,歷史,極權國家的言論控制,D,R,S1,T7,H8,只能有一個「正確的意見」：極權國家的言論控制,一位作家這樣諷刺：「在這個國家，對每件事情—不管其性質為何—都只能有一個意見，那 就是『正確的意見』。每天早上，國家的報紙和廣播告訴人民他們需要知道什麼、相信什麼、 思考什麼。所以，當你跟這個國家的一位國民談過話之後，你就已經跟所有的國民都談過話 了」。作家諷刺的國家最可能是： (A)俾斯麥主導下的德國 (B)蔣中正統治下的中國 (C)麥克阿瑟治下的日本 (D)史達林統治下的蘇聯,xuece-hist-108-5
分科測驗,xuece-hist,108,歷史 6,歷史,清末臺灣米糧,B,D,S2,T3,H4,米糧進口在清法戰爭封鎖時驟減,1880年代，臺灣北部米糧不足，須從大陸進口稻米，輸入統計如下： 年 1882 1883 1884 1885 1886 1887 1888 1889 ／ ／ 擔 66028 198 1525 67731 46164 16371 上表顯示，1884和1885年臺灣北部沒有稻米輸入的紀錄，最可能的原因是： (A)這兩年臺灣稻米產量豐富，不需要從大陸輸入 (B)適逢中法戰爭，海面被封鎖，故無輸入的紀錄 (C)臺灣北部發生戰亂，人口減少，米糧需求量少 (D)臺灣官員為阻絕人民偷渡來臺,xuece-hist-108-6
分科測驗,xuece-hist,108,歷史 7,歷史,王充思想,D,R,S1,T3,H4,治亂不關人事：王充的命定論,學者蕭公權指出東漢王充《論衡》思想的一面：「治亂不關人事，是現在之努力為徒勞也； 盛世必為衰亂，是未來之希冀為虛妄也。於是茫茫宇宙之中更無足以企慕追求之境界，而人 類歷史不過一無目的、無意義、無歸宿之治亂循環而已。」根據上文推論，蕭氏認為王充這 種思想，最可能是東漢士人對當時政治的怎樣表現？ (A)最無感之嘲諷態度 (B)最肯定之現實觀點 (C)最興奮之理想追求 (D)最嚴重之失望呼聲,xuece-hist-108-7
分科測驗,xuece-hist,108,歷史 8,歷史,文化大革命,C,R,S1,T1,H1,小紅書、破四舊：文化大革命,北京街頭有學生隊伍在遊行，揮舞著小紅書，大聲呼著「革命無罪，造反有理」的口號，擎著 「破四舊，立四新」、「清理階級隊伍」、「橫掃一切牛鬼蛇神」等標語。隊伍後面跟著一批頭戴 紙糊高帽，胸前掛著牌子的人士，目光呆滯地任人批鬥叫罵。這種場景最可能發生在： (A)1919年五四運動之時 (B)1949年中共政權成立時 (C)1966年文化大革命時 (D)1989年六四民主運動時,xuece-hist-108-8
分科測驗,xuece-hist,108,歷史 9,歷史,羅馬條約與歐洲統合,A,R,S1,T1,H1,60 年前 6 國簽約：1957 年羅馬條約,2017年3月，27個歐洲國家領袖聚會，慶祝60年前法、西德、義、荷、比、盧6國為歐洲統合奠 定重要里程碑，也奠下現今歐盟的基礎。此一重要里程碑是指： (A)建立共同市場，促成各國經濟合作 (B)成立歐洲議會，規劃共同發展方向 (C)發行歐洲貨幣，提升商業貿易便利 (D)開放各國邊界，便於人員貨物流通,xuece-hist-108-9
分科測驗,xuece-hist,108,歷史 10,歷史,日本瓷器外銷,C,R,S1,T1,H1,中國明清交替、瓷器外銷中斷，日本瓷器取而代之,某個時期，日本瓷器工匠曾迎合歐洲貴族喜好的圖案，製造精美的瓷器銷往歐洲，銷量甚至 超越中國瓷器，這也是日本瓷器外銷蓬勃發展的時代。這個時期最可能是： (A)十三世紀中葉蒙古帝國建立，馬可波羅到東方遊歷時 (B)十六世紀中葉天主教耶穌會士允許進入日本傳教時期 (C)十七世紀中葉歐洲商人因中國動亂，轉向日本貿易時 (D)十九世紀中葉日本開港通商後，積極向歐洲推銷瓷器,xuece-hist-108-10
分科測驗,xuece-hist,108,歷史 11,歷史,清末長老教會,C,D,S4,T1,H3,羅馬拼音閩南話教會報：清末長老教會,兩位同學合作一篇小論文，到圖書館查找相關資料，甲查到一份以羅馬拼音書寫的閩南話教 會報紙創刊號（圖1）；乙則找到當時西式洋樓照片 （圖2）。這篇小論文的主題最可能是： (A)荷蘭經營臺灣的遺存 (B)明鄭教育與通商政策 (C)清代臺灣開港的影響 圖2 (D)日本皇民化運動內涵 圖1,xuece-hist-108-11
分科測驗,xuece-hist,108,歷史 12,歷史,宗教改革的影響,B,R,S1,T6,H4,宗教改革也造成新的教派束縛,十六世紀上半葉，馬丁路德引發「宗教改革」浪潮，許多歐洲人擺脫羅馬教會的束縛，造成 歐洲一統教會的分裂。但也有學者主張：「宗教改革」並未立即帶來個人的宗教自由與宗教 寬容。以下何者最能呼應此學者的看法？ (A)人人可以閱讀聖經，並與上帝直接溝通 (B)教隨主定，誰統治某地，就信誰的宗教 (C)婚姻具有神聖性，神職人員也可以結婚 (D)否定教宗權威，各地不再遵從教宗領導,xuece-hist-108-12
分科測驗,xuece-hist,108,歷史 13,歷史,希臘與羅馬性格,D,R,S1,T7,H8,重美的是希臘，重實際的是羅馬,史家比較兩個古代民族的性格：這兩個民族雖屬同一語系，卻演變成迥異的民族。對甲民族 而言，美的理想世界就是一切，因其可滿足現實生活缺乏的事物；這個民族的統合，是藉由 藝術或遊樂的力量，如競技、祭神、悲劇等。乙民族為維護城邦的自由，寧可壓抑一己激情 而服從父親，犧牲個人意志而服從國家。他們是古文明中唯一透過公民參政，完成政治整合 者。這兩個民族分別是： (A)商朝人與周朝人 (B)猶太人與阿拉伯人 (C)印度人與波斯人 (D)希臘人與羅馬人,xuece-hist-108-13
分科測驗,xuece-hist,108,歷史 14,歷史,靖康之難,C,R,S1,T1,H1,俘擄二帝北遷：靖康之難,外族攻入都城，俘擄太上皇、皇帝與皇室數千人北遷。一位愛國詩人述及此事，寫下：「少年 嬉笑老人悲，尚記二帝蒙塵時。嗚呼！國君之仇通百世，無人按劍決大議。」此詩寫於何時？ 詩人要表達的意旨為何？ (A)南宋，痛切檢討徽、欽二帝被女真擄去原因 (B)南明，唐王與桂王被擄，只有老臣感到悲傷 (C)南宋，以二帝被擄為恥，朝中乏人挽救為羞 (D)南明，號召大臣按劍決議，救回唐、桂二君,xuece-hist-108-14
分科測驗,xuece-hist,108,歷史 15,歷史,紅山文化,A,R,S1,T6,H2,石犁只適合砂質土壤：紅山文化,中國古代的紅山文化，在北方燕山地區，屬於砂質土壤，使用適應砂壤的大型石犁。這種石器 只適於開墾鬆散的砂壤，而不適於開墾中原地區較硬的黃土，更不適於開墾南方的紅壤。但也 因這一原因，這個地區最先遭到破壞，水土流失情況嚴重。因此，紅山文化在遠古的情況應是： (A)發展較早，衰退也早 (B)發展較早，衰退較晚 (C)發展較晚，衰退則早 (D)發展較晚，衰退也晚,xuece-hist-108-15
分科測驗,xuece-hist,108,歷史 16,歷史,戰時體制的臺灣,C,R,S1,T1,H1,「鬼畜英美」：太平洋戰爭時期的臺灣,淡水某中學校園內有一座馬偕牧師銅像，曾因不堪民眾與社會輿論動輒以「鬼畜英美」的話 語咒罵，校長承受不住壓力，只好把銅像拆下，藏入倉庫。這一情形最可能與下列哪一事件 有關？ (A)1894年，甲午戰爭 (B)1905年，日俄戰爭 (C)1941年，太平洋戰爭 (D)1979年，臺美斷交,xuece-hist-108-16
分科測驗,xuece-hist,108,歷史 17,歷史,啟蒙的寬容思想,B,R,S1,T1,H1,猶太人、基督徒、穆斯林和解：啟蒙的宗教寬容,十八世紀時，德國一位作家創作一個劇本，安排了猶太人、聖殿騎士和埃及蘇丹薩拉丁三位 主角。在劇中，猶太人對基督徒說：「讓我們當朋友吧！你大可繼續瞧不起我的民族。我們 兩人都不能選擇自己的民族，難道我們得代表自己的民族？難道基督徒和猶太人就只是基 督徒和猶太人，而不是人？」上述對話呈現的意涵是： (A)基督教人文精神 (B)啟蒙的普世精神 (C)浪漫的民族主義 (D)猶太的復國主義,xuece-hist-108-17
分科測驗,xuece-hist,108,歷史 18,歷史,查理曼加冕,C,D,S1,T4,H5,比較兩則史料對查理曼加冕的不同記載,資料一： 「西元800年秋，查理曼赴羅馬，召開會議處理教宗李奧三世與仇黨的糾紛，調查 李奧被指控的罪名。12月23日，李奧出席會議，在查理曼面前公開宣誓，聲明自 己無罪。兩天後，李奧三世為查理曼加冕為羅馬皇帝。」 資料二： 「自西元800年，李奧三世在教廷文件裡，除注明自己在位年代外，還加注查理曼 在位年代；新鑄的錢幣，一面是教宗自己的名字，另一面是查理曼的名字。」 從資料一描述的教廷處境來推斷，資料二中教宗李奧三世的作法，最可能是要表達： (A)教權凌駕於王權 (B)教權臣,xuece-hist-108-18
分科測驗,xuece-hist,108,歷史 19,歷史,平埔族遷徙,B,D,S4,T1,H3,由遷徙路線判斷：平埔族的大遷徙,圖3是臺灣歷史上某個歷史發展的示意圖，根據圖中訊息，這個歷史發展最可能是： (A)清代的開山撫番 (B)平埔族的大遷徙 (C)臺民的抗日路線 (D)樟腦產業的拓展 圖3,xuece-hist-108-19
分科測驗,xuece-hist,108,歷史 20,歷史,永嘉之亂與塢堡,B,R,S1,T1,H1,塢主率族人自保：永嘉之亂後的塢堡,著名古文篇章的寫作常有歷史背景的依據。史書記載：「庾袞乃率其同族及庶姓保於禹山。 群士共推庾袞為塢主。」或：「永嘉之亂，百姓流亡，所在屯聚。（蘇）峻糾合數千家，結壘 於本縣。」又：「中原喪亂，鄉人遂共推郗鑒為主，與千餘家聚避於魯國嶧山，山有重險。」 這類史料可看作哪篇古文描述的時代背景？ (A)東漢．班固〈東都賦〉 (B)東晉．陶潛〈桃花源記〉 (C)唐．杜牧〈阿房宮賦〉 (D)宋．蘇軾〈赤壁賦〉,xuece-hist-108-20
分科測驗,xuece-hist,108,歷史 21,歷史,重商主義,B,R,S1,T3,H4,大量出口金銀卻轉賣香料賺更多：重商主義,1600年，英國成立東印度公司，到亞洲從事貿易。該公司從英國帶出大量金銀，進口東印度 香料，但進口的香料僅部分在國內出售，大部分轉口到歐洲。這種做法受到國內輿論批評， 認為該公司輸出金銀，僅從事海外奢侈品轉口貿易，卻不輸出本國工業製品，無助於國內就 業，更造成國家貴金屬的流失。這種輿論是根據何種主張批評東印度公司的作法？ (A)資本主義 (B)重商主義 (C)重農主義 (D)帝國主義,xuece-hist-108-21
分科測驗,xuece-hist,108,歷史 22,歷史,地中海古文明遺址,A,R,S1,T1,H1,依遺址判斷地中海古文明城市,某人安排一趟古文明之旅，先到地中海旁一座城市，參觀羅馬帝國遺留的半圓型劇場與水道 橋；再沿地中海岸到另一座城市，探訪五世紀建的基督教教堂；最後又到特洛伊探尋傳說中 的木馬屠城記遺址。此人是在哪一國旅行？ (A)土耳其 (B)希臘 (C)敘利亞 (D)義大利,xuece-hist-108-22
分科測驗,xuece-hist,108,歷史 23,歷史,明末西學衰微,C,E,S1,T2,H8,西學衰微後，西方出現巨大進展,一位學者論述「中國喪失現代化機會」時說：「恰恰西學在中國衰微後不久，西方在政治、 經濟、社會和科學領域出現巨大進展，為近代民主制的興起開闢了舞台，工業革命則預示了 新的技術發展。相反地，中國的士人卻在『繁華的往昔』裡尋找行動指南，並專注於古代經 籍的研究。歐洲在探索進步的道路上突飛猛進，中國卻在輝煌的夢境裡鼾睡。」這位學者的 看法與下列哪一時期的論述最接近？ (A)自強運動 (B)維新運動 (C)五四運動 (D)中華文化復興運動,xuece-hist-108-23
分科測驗,xuece-hist,108,歷史 24,歷史,荷蘭占據澎湖,A,R,S1,T1,H1,1622 年紅夷築城澎湖：荷蘭,史書記載：（明）天啟二年（1622），……紅夷築城澎湖，要求互市。守土官懼禍，說以毀城 遷徙，許互市，紅毛從之，毀其城，移舟去。而巡撫商周祚以遵諭遠徙上聞，不許互市。夷 怨，復築城……遂犯廈門。我們應怎樣解讀這段記載？ (A)紅夷要求互市，是指與中國沿海互市 (B)兩位地方官對與紅夷互市的作法一致 (C)紅夷遠徙臺灣，係遵奉明朝皇帝諭令 (D)商周祚同意紅夷可以到臺灣築城互市,xuece-hist-108-24
分科測驗,xuece-hist,108,歷史 25,歷史,歐洲猶太人口,B,D,S2,T1,H1,經過納粹大屠殺，猶太人口比例很低,右表是1990年代中期，歐洲幾個國家中，某一族群的人口統計及其占各國總人口的百分比。 根據你對近500年來，歐洲政治變動與族群 甲族群人口 占總人口百分比 國家 發展史的理解，表中「甲」族群應是指： （萬） （%） (A)猶太人 法國 200-350 4.4-6.1 (B)穆斯林 德國 170 2.1 (C)吉普賽人 英國 150 2.7 (D)非洲裔 西班牙 30 0.8 前南斯拉夫 450 21.1 阿爾巴尼亞 227.5 70,xuece-hist-108-25
分科測驗,xuece-hist,108,歷史 26,歷史,美洲的奴隸移入,B,D,S2,T3,H4,移入的黑人多、後代少：奴隸死亡率高,學者指出：在1820年代，南、北美洲的白人共約1200萬，黑人則是600萬。然而，在之前幾個 世紀，全部移入的人口大約是200萬白人及超過1000萬的黑人。這組數據可以支持哪個論點？ (A)拉丁美洲獨立建國排斥非裔 (B)奴隸在南北美洲的處境艱困 (C)奴隸橫渡大西洋時充滿危險 (D)大量非裔返回非洲獨立建國,xuece-hist-108-26
分科測驗,xuece-hist,108,歷史 27,歷史,凡爾賽和約後的分歧,A,R,S1,T1,H1,凡爾賽和約後英法對德國態度不同,1919年6月，協約國與同盟國簽訂「凡爾賽和約」，標誌大戰的結束。但此後協約國間對和約以 及德國的態度卻出現分歧： （甲）維持大戰以來對德國的政策，盡可能在凡爾賽和約架構下圍堵德國； （乙）在1919年底否決凡爾賽和約，採行孤立主義策略； （丙）為振興本國貿易，打算與德國和解，並修改和約。 這三種態度分別出自哪些國家？ (A)法；美；英 (B)法；美；俄 (C)英；法；美 (D)英；法；俄,xuece-hist-108-27
分科測驗,xuece-hist,108,歷史 28,歷史,宋元海外交流,D,D,S1,T4,H1,比較三則資料：宋元時期的海外交流,以下三則歷史資料記載：宋代朱彧《萍洲可談》：「北人（即：宋人）至海外，是歲不歸者，謂 之駐蕃。諸國人至廣州，是歲不歸者，謂之駐唐。」元代周達觀《真臘風土記》：「唐人為水手 者，利其國中不著衣裳，且米糧易求，器用易足，賣買易為，往往逃逸於彼。」《明史．真臘傳》： 「番人殺唐人，罪死；唐人殺番人，則罰金；無金，贖身待罪。」上述記載中，「唐人」是指： (A)唐朝人 (B)五代南唐人 (C)元朝與明朝人 (D)華人,xuece-hist-108-28
分科測驗,xuece-hist,108,歷史 29,歷史,日治大豹社遷徙,B,R,S1,T1,H1,日治時期軍隊迫遷大豹社,大豹溪一帶（今新北市三峽區）原是泰雅族大豹社居住地。二十世紀初，臺灣總督府派軍隊 前往該地，將大豹社迫遷到詩朗、志繼等部落（今桃園市復興區）。最可能的原因是： (A)總督府設立「蕃童教育所」，要大豹社族人接受新式教育 (B)日本政府讓財團開發樟腦業，將大豹社族人驅離部落領域 (C)總督府正興建桃園大圳，需要徵調大豹社原住民充當勞力 (D)日本準備對中國發動戰爭，要訓練大豹社族人擔任後備兵,xuece-hist-108-29
分科測驗,xuece-hist,108,歷史 30,歷史,中古行會,D,R,S1,T1,H1,十三世紀義大利城市的行會,十一、二世紀以後，隨著商業復甦和城鎮興起，歐洲出現各種「行會」（guilds），對城鎮的 政經發展有重要作用。自十三世紀初，義大利的佛羅倫斯陸續出現各種行會組織。根據佛羅 倫斯的經濟發展特色判斷，下列選項何者的勢力最大？ (A)公證人行會、皮貨商行會 (B)藥劑師行會、石匠行會 (C)鐵匠行會、屠戶行會 (D)銀行家行會、毛織品行會,xuece-hist-108-30
分科測驗,xuece-hist,108,歷史 31,歷史,唐代驛傳（送分）,無答案,R,S1,T0,H2,本題送分：唐代的驛傳,顧炎武《日知錄》述及古代驛傳：「白居易詩：從陝至東京，山低路漸平；風光四百里，車馬十 三程（站）。韓愈詩：銜命山東撫亂師，日馳三百（日行十站）自嫌遲。」又云：「後人以節費 之說，歷次裁併，有七、八十里而一驛者（按：如明代）。」根據顧炎武的分析，比較唐代與後 世的驛傳情況，最可能是： (A)有進步，從「行速而馬不疲」，至「馬壯而官員獲賞」 (B)有進步，從「行緩而馬不疲」，至「馬壯而官員獲賞」 (C)遭破壞，從「行速而馬已疲」，至「馬倒而官員受責」 (D)遭破壞，從「行緩而馬已,xuece-hist-108-31
分科測驗,xuece-hist,108,歷史 32,歷史,王陽明思想,C,R,S1,T7,H8,天地萬物為一體：王陽明,一位思想家說：「大人者以天地萬物為一體者也。其視天下猶一家，中國一人焉。……大人 能以天地萬物為一體也，非意之也。其仁以人心為本，若是，其與天地萬物為一也。豈惟大 人，雖小人之心亦莫不然。」這位思想家是何人？這種思想有其承襲，承襲自何人？ (A)承襲春秋的董仲舒 (B)承襲孔子的朱熹 (C)承襲孟子的王陽明 (D)承襲漢儒的戴震,xuece-hist-108-32
分科測驗,xuece-hist,108,歷史 33,歷史,加維與黑人運動,D,R,S1,T1,H1,1920 年代美國的黑人運動,1920 年代，牙買加人馬庫斯．加維在美國發表「黑人自由」演講：「伏爾泰和米拉波只是和 我們同樣的人，他們推翻法國君主政體，為法國的民主奮鬥。他們能夠這樣做，你、我也能 夠為非洲這樣做，為非洲的自由而奮鬥。我們渴望無限的自由，但在由其他族群統治的國家， 我們無法實現這種自由。」下列何者最符合加維要傳達的理念？ (A)為牙買加地區黑人的自由發聲 (B)鼓吹美洲地區黑人的革命運動 (C)為全世界的黑人爭取生存空間 (D)強調黑人在非洲才能實現自由,xuece-hist-108-33
分科測驗,xuece-hist,108,歷史 34,歷史,宋代印刷,A,D,S1,T5,H2,杭州印書最好、福建最差：宋代印刷業,宋人筆記寫道：「今天下印書，以杭州為上，蜀本次之，福建最下。京師比歲（連年）印板， 殆不減杭州，但紙不佳；蜀與福建多以柔（質地柔韌）木刻之，取其易成而速售，故不能工 （精緻），福建本幾遍天下。」根據上文推論，宋代福建書籍能夠遍天下，主因應是： (A)刻印書速度快 (B)使用活版印刷 (C)刻書品質最佳 (D)閩人善於經商,xuece-hist-108-34
分科測驗,xuece-hist,108,歷史 35,歷史,戰後臺灣經濟政策,ABC,R,S1,T3,H4,多選：以農業培養工業的經濟政策,戰後初期，臺灣政府在財源、人力和物資缺乏的情況下，進行經濟重建，當時一位財經官員 提出「以農業培養工業，以工業發展農業」的策略，使臺灣經濟逐漸穩定而發展。下列哪些 屬於「以農業培養工業」的項目？ (A)推動米、糖、茶、香蕉及食品罐頭等之外銷，以賺取外匯 (B)透過田賦徵實、肥料換穀政策，政府從農民徵得較多財源 (C)以農業籌得之資金，購置工業所需機器與原料，發展民生 (D)通過《獎勵投資條例》，以減免租稅手段，吸引外人投資 (E)設立加工出口區，以出口退稅及廉價勞力，吸引僑外,xuece-hist-108-35
分科測驗,xuece-hist,108,歷史 36,歷史,羅馬皇帝神格化,BE,D,S1,T4,H6,多選：比較兩則資料對羅馬皇帝神格化的解釋,西元一世紀以後，羅馬帝國皇帝逐漸神格化，以下是兩則相關資料： 資料一：甲學者說：「皇帝變成帝國統一的象徵，在宏偉的廟宇裡，祭司主持公共儀式來崇敬 皇帝。這種對皇帝的崇拜提供給不同人一個效忠焦點，並成為維持帝國統一的力量。」 資料二：西元14 年，提伯瑞斯（Tiberius）繼任皇帝，西班牙行省請求依亞洲各省之例，為 其建神廟。皇帝拒絕，並說：「要所有行省人民將我當神一樣崇拜，實屬不當和無 禮……我是凡人，行凡人之事，以位極凡世為滿足。」此後，無論公開或私下，提 伯瑞斯都拒絕對,xuece-hist-108-36
分科測驗,xuece-hist,108,歷史 37,歷史,歷代人物傳記資料庫,CDE,E,S2,T4,H5,多選：人物傳記資料庫能做的研究,哈佛大學建置一個「中國歷代人物傳記資料庫」，收錄七至十九世紀之間人物傳記資料37 萬 筆，資料包含人物「籍貫」、「事蹟」、「書信」及「著作」等。利用該資料庫，史家可研究哪 些課題？ (A)人口變化趨勢 (B)典章制度沿革 (C)官員區域分布 (D)區域文風變化 (E)學者人際網絡,xuece-hist-108-37
分科測驗,xuece-hist,108,歷史 38,歷史,英國國會改革,ACDE,R,S1,T3,H4,多選：1832 年國會改革的溫和性質,1832 年，英國通過國會改革法，適度擴大選舉權，並調整城鎮與郡區代表人數。這次改革相 當溫和，並未大幅擴大選舉權，選民人數只由3%提高到4%，距離完全的民主尚遠。1830 年 代以降，國會陸續通過法律，持續民主改革，到1929 年女性獲得選舉權，英國才達到完全 民主。以下國會制定的法律，哪些有助於英國政治的民主化？ (A)1870年「初等教育法」，致力改進和擴大教育，積極掃除文盲 (B)1871年「大學檢核法」，取消大學入學與擔任教職之宗教資格限制 (C)1872年「秘密投,xuece-hist-108-38
分科測驗,xuece-hist,108,歷史 非選一,歷史,非選：清代結首制,非選,D,S1,T0,H2,非選：清代的結首制,一、 清代學者姚瑩《東槎紀略．埔里社紀略》云：「昔蘭人之法，合數十佃為一結，通力合作， 以曉事而貲多者為之首，名曰小結首。合數十小結中舉一富強有力、公正服眾者為之首， 名曰大結首。」針對姚瑩的記述，兩位學者分別提出說法： 學者甲：「荷蘭人對於當時移入之十萬漢人，成立所謂『結首制度』。〈埔里社紀略〉記述其 制度。」 學者乙：「依據姚瑩所述之『蘭人之法的小結首大結首制』，來論述結首制為荷蘭人在臺之土 地拓墾制度是不對的，而是噶瑪蘭人的拓墾結首制度。……噶瑪蘭及臺灣的舊志， 多簡稱,xuece-hist-108-非選一
分科測驗,xuece-hist,108,歷史 非選二,歷史,非選：僚人起源,非選,D,S1,T0,H5,非選：比較三段資料對僚人起源的說法,二、 「僚人」是古代中國南方的一種居民，以下三段資料提到蜀地（四川）「僚人」的起源： 資料一：常璩（十六國時成漢人）《華陽國志》：「李勢（成漢國君）大赦境內，改元嘉寧…… 蜀土無僚，（至）是始從山出，自巴（郡）至犍為、梓潼，布滿山谷……大為民患。」 資料二：李膺（南朝梁時蜀人）《益州記》：「李壽既篡位，以郊甸未實，都邑空虛，……又 從牂牁（今貴州、雲南、廣西一帶）引僚入蜀境。」 資料三：元朝人撰《宋史．蠻夷傳》：「渝州（在今四川）蠻者，古（代）板楯七姓蠻（四 川、陝西一帶土著,xuece-hist-108-非選二
分科測驗,xuece-hist,108,歷史 非選三,歷史,非選：印巴分治,非選,D,S1,T0,H2,非選：印巴分治的宗教因素,三、 以下兩則印度與巴基斯坦分治的資料： 資料甲：1940 年，巴基斯坦「國父」穆罕默德．真納在「全印穆斯林聯盟年會」上演講： 「要保障次大陸人民的和平與幸福，唯一途徑是……建立兩個自治的民族國 家。……嚴格地說，兩者的實質不同不在宗教，而在於它們是兩個不同的獨特世 界。……印度教徒和穆斯林信仰不同的宗教哲學，有不同的社會習俗和文化。不 能通婚，也不能共同用餐，他們屬於兩個不同的文明，其理想和觀念相互衝突。」 資料乙：印度獨立後，首任總理賈瓦哈拉爾．尼赫魯在1946 年的著作,xuece-hist-108-非選三
分科測驗,xuece-hist,108,歷史 非選四,歷史,非選：瓜分非洲,非選,D,S3,T0,H7,非選：一戰前列強瓜分非洲,四、 圖4是第一次世界大戰前夕，歐洲列強瓜分非洲的形勢圖。請回答下列問題： 1. 1870年代，傳教士史坦利受比利時國王委託，深入非洲探險，為比利時取得一塊殖民地， 是圖中何處？（1分） 2. 圖中乙地區淪為哪個國家的保護國？（1分） 3. 控制乙地區，對於該國在亞洲的利益，有何重要戰略 價值？（2分） Europeans In Africa By1914 圖4,xuece-hist-108-非選四
分科測驗,xuece-hist,109,歷史 1,歷史,新港文書,C,R,S1,T1,H1,荷蘭人為原住民創造羅馬拼音文字：新港文書,一份資料提到：十七世紀早期，荷蘭人占領安平作為貿易中心與統治據點，該地區的原住民 族開始與世界舞臺接觸。荷蘭人為其創造的一套羅馬拼音文字，成為臺灣南島民族有文字的 開始。文中的原住民族應是： (A)阿美族 (B)排灣族 (C)西拉雅族 (D)凱達格蘭族,xuece-hist-109-1
分科測驗,xuece-hist,109,歷史 2,歷史,1944 年的戰爭記憶,C,R,S1,T1,H1,各地作家的共同記憶：1944 年盟軍反攻與空襲,第二次世界大戰結束後，各國都有作家描述他們的戰爭經歷。柏林、倫敦、重慶、東京、臺 北等地的作家，對1944年的共同記憶最可能是： (A)族群迫害 (B)強制徵兵 (C)敵軍轟炸 (D)傀儡政權,xuece-hist-109-2
分科測驗,xuece-hist,109,歷史 3,歷史,共產黨宣言,B,R,S1,T7,H8,「遊蕩的幽靈」：共產黨宣言,十九世紀中期，一群人士發表一份文件，自稱是「在歐洲遊蕩的一縷幽靈」，號召下層階級 團結起來反抗壓迫，爭取平等。當時，羅馬教皇、俄國沙皇、奧地利與法國的保守派首相等， 都視這群人為破壞歐洲穩定的敵人。這群人最可能是： (A)民族主義者 (B)共產主義者 (C)自由主義者 (D)資本主義者,xuece-hist-109-3
分科測驗,xuece-hist,109,歷史 4,歷史,唐太宗與突厥,D,R,S1,T1,H1,先向突厥稱臣，後打敗突厥：唐太宗,唐太宗聽到前線打敗突厥的捷報，喜不自勝說：當年先皇起兵，必須拉攏與隋煬帝和親的突 厥，向其君長稱臣，允諾日後與之互市，始獲得其兵馬糧秣之助，攻入京師，建立我朝。如 今，我軍擊敗突厥，生擒其君，可算為國雪恥。突厥當初願與李氏合作，最可能是為了： (A)族群友誼 (B)分享政權 (C)文化認同 (D)經濟利益,xuece-hist-109-4
分科測驗,xuece-hist,109,歷史 5,歷史,伊斯蘭教的興起,D,R,S1,T1,H1,新信仰勝過舊教義：伊斯蘭教的興起,史家評論歷史上某地區的宗教變革：這個信仰的降臨，本身就是一種革命。這個「新信仰」 勝過此地區既存的教義與教會，它並未襲用這地區已有的兩部聖經，而是帶來一部嶄新的 「新經典」。它經由武力征服，在政治、靈修或社會方面都推翻了舊秩序，在其上建立一個 「新秩序」。上文提到的「新信仰」、「新經典」、「新秩序」，指的分別是： (A)猶太教、舊約聖經、希伯來王國 (B)祆教、阿維斯塔經、波斯帝國 (C)基督教、新約聖經、羅馬帝國 (D)伊斯蘭教、古蘭經、阿拉伯帝國,xuece-hist-109-5
分科測驗,xuece-hist,109,歷史 6,歷史,歐洲爭奪亞洲貿易,D,R,S1,T3,H4,歐洲多國爭奪亞洲貿易，瓷器隨商船西運,非洲西岸的聖赫倫納島附近，打撈到一艘十七世紀初期的歐洲商船，船上有一百多件中國青 花瓷。學者解釋，當時歐洲多國爭奪亞洲貿易主導權，常發生海戰。這艘船最可能是因哪兩 國海戰而沉沒？ (A)西班牙與瑞典 (B)西班牙與丹麥 (C)葡萄牙與法國 (D)葡萄牙與荷蘭,xuece-hist-109-6
分科測驗,xuece-hist,109,歷史 7,歷史,艋舺青山宮,A,R,S1,T1,H1,惠安漁民奉神來艋舺：移民的原鄉信仰,臺北艋舺青山宮〈沿革記略〉提到：「（清）咸豐4年，福建惠安縣漁民奉其故鄉青山廟靈安 尊王像至艋舺（今萬華），由大溪口登岸，經舊街（今西園路），神輿突不能舉，公議擲筊問 神卜地，於此建小廟奉祀。時適淡北瘟疫流行，死亡相繼，凡至廟中求神庇佑者皆無恙，於 是善信日增。」從上述碑文判斷，這座廟宇供奉的主神是： (A)王爺 (B)媽祖 (C)土地公 (D)義民爺,xuece-hist-109-7
分科測驗,xuece-hist,109,歷史 8,歷史,日本南進越南,B,R,S1,T3,H4,法國已投降德國，日本得以進入越南,1940年末，日本軍隊南進，入侵中南半島，迅速控制了法國殖民地越南。日軍得以順利進入 越南的背景最可能是： (A)珍珠港事變後，美國無力阻止日本在東南亞的擴張 (B)德國侵略法國後，扶植的維琪政府同意與日本合作 (C)日本在中國的戰事受挫，轉進至中南半島重新整備 (D)越南共產黨發動革命，越南政府請求日本派兵援助,xuece-hist-109-8
分科測驗,xuece-hist,109,歷史 9,歷史,1950 年臺海情勢,C,R,S1,T1,H1,韓戰前後的臺海情勢,以下是關於1950年前後臺海兩岸情勢的兩段資料： 資料甲：1949 年7 月，劉少奇率領中共代表團訪問蘇聯，要求提供對臺灣作戰的潛水艇與 飛機，遭到史達林拒絕。 資料乙：韓戰一爆發，杜魯門總統即發表「臺灣海峽中立化聲明」，一方面阻止中共軍隊攻 擊臺灣，一方面也要求蔣介石停止「反攻大陸」的計畫。 我們應如何理解這兩段資料？ (A)1949年前後，蘇聯與中共關係惡化，因此拒絕援助中共 (B)1950年韓戰爆發，美國準備放棄臺灣，以全力出擊朝鮮 (C)臺灣「反攻大陸」或中共「解放臺,xuece-hist-109-9
分科測驗,xuece-hist,109,歷史 10,歷史,清代邊疆研究,C,R,S1,T3,H4,清代因統治邊疆而重視邊疆研究,中國傳統官方史書很早就記載了周邊民族的文化，但歷代史官受限於語言、文化等因素，紀 錄並不正確，士人也不關心。但自某時期起，知識分子開始重視邊疆問題，並參考外文著作， 積極研究周邊族群的歷史和地理。這種轉變的背景最可能是： (A)北宋初年，遼夏壓境，士人提倡春秋大義以保護國土 (B)明中期以後，耶穌會教士引入歐洲新地理學帶來啟發 (C)清中期以後，俄國蠶食邊疆，促使學者拓展邊疆研究 (D)日本扶持滿洲國，刺激中國學者研究邊疆歷史的風氣,xuece-hist-109-10
分科測驗,xuece-hist,109,歷史 11,歷史,北魏司馬金龍墓表,D,D,S4,T1,H3,「大代」國號、司馬氏：北魏的墓表,圖1是「司空瑯瑘康王墓表」，以碑體的篆書與楷書寫成，墓主是司馬金龍。碑文中可見下列 資料：「大代」（國號）、「太和」（年號）、「司空、鎮西大將軍、吏 部尚書、冀州刺史」（官銜）、「瑯瑘」（郡望）等。根據這些線索， 可以推定墓主的年代是： (A)戰國 (B)秦代 (C)西漢 (D)北魏 圖1,xuece-hist-109-11
分科測驗,xuece-hist,109,歷史 12,歷史,科學革命與學會,A,R,S1,T3,H1,十七世紀科學研究轉向學會,中世紀到十六世紀末，歐洲的自然哲學家若非神職人員，就是在教會主導的大學工作。至十七 世紀，科學研究的主力轉移到新成立的各種研究院和學會。英國哲學家培根曾批評說：大學是 知識疾病的孕育場所。十六到十八世紀，歐洲大學沒有成為科學知識發展的園地，應歸咎於： (A)固守神學論辯和經院哲學的研究傳統 (B)缺乏科學實驗所需的研究經費和人力 (C)受宗教改革影響陷入新舊教派衝突中 (D)與新興專制政府聯手打壓新科學研究,xuece-hist-109-12
分科測驗,xuece-hist,109,歷史 13,歷史,兩次大戰後的疆界,A,R,S1,T1,H1,比較兩次大戰後的疆界與民族處理,二十世紀發生兩次世界大戰，戰後中歐和東歐都發生複雜的民族與疆界變動，造成許多問題。 面對一次大戰後舊帝國解體、二次大戰後戰敗國領土的處分，比較戰勝國在兩次大戰後，對中 歐和東歐民族與疆界的主要處理方式，下列何者為是？ (A)一戰後，依既有民族領域來劃定新疆界；二戰後，以強迫民族遷移來配合新疆界 (B)一戰後，以強迫民族遷移來配合新疆界；二戰後，依既有民族領域來劃定新疆界 (C)兩次戰後，皆以新定疆界來配合既有之民族領域 (D)兩次戰後，皆以強迫民族遷移來配合新疆界劃定,xuece-hist-109-13
分科測驗,xuece-hist,109,歷史 14,歷史,軍閥割據,B,R,S1,T1,H1,地方勢力時合時分：軍閥割據,近代中國某一時期，地方力量左右國家政治發展，各個地方勢力間，常或聯合，或對立，形 成一種不穩定的局勢。學者評論這個時期的特色：「很像十九世紀以來的國際政治，以勢力 均衡為目標。原則是：一、各成員都力圖擴充自己的勢力；二、在戰爭中儘量不使戰敗者完 全瓦解；三、在擴充勢力過程中不許某一成員取得絕對優勢。」這位學者描述的應是： (A)八國聯軍時的東南互保運動 (B)民國初年的軍閥政治 (C)中日戰爭時的重慶與南京政府 (D)冷戰期間的臺海兩岸對峙,xuece-hist-109-14
分科測驗,xuece-hist,109,歷史 15,歷史,文天祥,B,R,S1,T1,H1,宰相狀元被俘不降：文天祥,一位當朝宰相被敵國俘虜，敵國大臣勸降說：兩國交戰這麼多年，你應當早日投降我國！你 既是狀元，應知自古至今，中國有多少個朝代？被俘宰相回答說：我不是來參加科舉考試的， 就不必多講了，我不會投降，但求一死。這位宰相最後以身殉國。這最可能發生於何時？ (A)安史之亂時 (B)蒙古滅宋時 (C)滿清滅明時 (D)太平軍陷南京時,xuece-hist-109-15
分科測驗,xuece-hist,109,歷史 16,歷史,鄭荷戰爭與原住民,B,R,S1,T4,H6,原住民有的助鄭、有的助荷：立場不一,1661年鄭成功攻打臺灣，有記載提到：當時，有的原住民族歡迎鄭成功，甚至追隨漢人對荷 蘭人作戰；但也有的與荷蘭人合作，攻擊鄭成功軍隊。我們如何理解此一情形？ (A)此敘述出自漢人，與實際的情況顯然有出入 (B)各部落原住民族之意見紛歧，立場未必一致 (C)鄭成功以民族大義號召，原住民族紛紛響應 (D)原住民族利用雙方衝突之際，恢復大肚王國,xuece-hist-109-16
分科測驗,xuece-hist,109,歷史 17,歷史,義和團與辛丑和約,C,R,S1,T1,H1,攻擊外國人、簽約賠款：義和團與辛丑和約,某一時期，中外發生衝突，許多外國人士遭到攻擊或殺害，以華北地區最嚴重。事件結束後， 外國勢力與清廷簽訂條約，除要求懲凶與賠款外，還規定：參與暴亂之地區，須停止科舉考 試五年，以示懲罰。這個條約簽定的背景最可能是： (A)鴉片戰爭時，外國商民損失慘重 (B)廣西發生教案，教士信徒遭殺害 (C)義和團事件，外國使館受到圍攻 (D)辛亥革命前夕，外國居民受虐待,xuece-hist-109-17
分科測驗,xuece-hist,109,歷史 18,歷史,家庭聯產承包責任制,D,R,S1,T3,H4,刺激農民生產意願：家庭聯產承包責任制,學者分析中國某一時期的農業政策，指出：政府認識到以前農村管理的錯誤，希望能重新刺 激和提高農民生產動機，因此把生產責任放給農戶，並鼓勵農民從事穀物生產以外的副業， 將副產品拿到自由市場販售，以提高收入。這位學者描述的應該是： (A)國共內戰時期的「鬥爭地主，土改要分田」 (B)大躍進時期的「人有多大膽，地有多大產」 (C)人民公社的「農業生產合作，吃飯不要錢」 (D)鄧小平改革開放後的「包產到戶、個體戶」,xuece-hist-109-18
分科測驗,xuece-hist,109,歷史 19,歷史,日本戰後經濟成長,A,D,S2,T1,H1,1950–1980 年 GNP 快速成長：日本,右表是1951至1980年，世界上四個主要經濟體的GNP（單位：10億美元）統計。從這段期間 世界經濟發展的情勢判斷，甲國最可能 國家 美國 甲國 乙國 丙國 是何者？ 年份 (A)日本 1951 328.4 14.2 35.1 41.4 1960 503.8 39.1 60.0 71.9 (B)中國 1970 992.7 203.1 145.5 124.0 (C)英國 1980 2633.1 1040.1 657.1 525.5 (D)法國 GNP 是國民生產毛額的簡稱，係,xuece-hist-109-19
分科測驗,xuece-hist,109,歷史 20,歷史,1204 年君士坦丁堡陷落,A,R,S1,T1,H1,十字軍攻陷君士坦丁堡：1204 年,某人在致友人之書信中，描述當時一座城市遭到入侵的情形：來自黑海的敵人破城而入，市 民血流成河，「野蠻人」將皇帝梟首，神父與修士都受到酷刑，神聖的信仰已遭驅逐，此一 東方帝國首府淪入「野蠻人」之手。這封書信的「作者」與提到的「野蠻人」分別是： (A)基督徒；鄂圖曼人 (B)穆斯林；斯拉夫人 (C)俄羅斯人；蒙古人 (D)東哥德人；匈奴人,xuece-hist-109-20
分科測驗,xuece-hist,109,歷史 21,歷史,授田與均田,A,R,S1,T3,H4,國家授田給人民，是為了掌握稅役來源,漢初法律規定，國家按人民的爵等賜予田土和居宅；北魏至唐初也都有政府頒授土地給成年 人的相關法令。這些作法的共通目的最可能是： (A)擴大國家賦稅來源 (B)實現均富社會理想 (C)強化社會救濟效果 (D)促進農耕技術改良,xuece-hist-109-21
分科測驗,xuece-hist,109,歷史 22,歷史,元代銅錢外流,D,D,S1,T4,H2,綜合資料：元代銅錢大量外流,歷史課堂上幾位同學發言，甲說：「元代中國商人在東南亞以中國銅錢購買檀香、胡椒等商 品。」乙說：「黃海海域曾打撈出元代沉船，發現大量瓷器及800萬枚銅錢。」丙說：「元代 時，中南半島許多地區通行中國銅錢。」我們如何理解上述討論？ (A)元代課徵漢人重稅，人民運銅錢逃稅 (B)鄰國缺銅礦，必須走私取得中國銅錢 (C)蒙古為鼓勵各國朝貢，賞賜大量銅錢 (D)中國貿易發達，銅錢流通於東亞各國,xuece-hist-109-22
分科測驗,xuece-hist,109,歷史 23,歷史,墨西哥與法國,D,R,S1,T1,H1,墨西哥戰勝法國：五月五日節,每年5月5日，墨西哥都會舉行慶祝活動，紀念1862年的一場戰役。當時，法國因墨西哥無力 償債而出兵，起初被墨西哥打敗。但拿破崙三世繼續推進，在1864年建立一個政權，立奧地 利皇帝之弟為「墨西哥皇帝」。直到1867年，墨西哥人才在美國協助下推翻此一政權，重建 共和政府。美國何以到1867年才介入此事？ (A)美國因德州問題與墨西哥交惡，遲不介入 (B)美西發生戰爭，美國無力介入墨西哥問題 (C)美國國會反對門羅主義，不干涉美洲事務 (D)美國南北戰爭結束後，始有餘力加以干涉,xuece-hist-109-23
分科測驗,xuece-hist,109,歷史 24,歷史,1960 年代歐美女性,A,D,S1,T2,H8,1960 年代女性走出家庭,以下是有關1950、60年代歐美女性的兩則資料： 資料甲、1967年披頭四的搖滾歌曲〈她正離家〉：「星期三早晨五點…∕她輕輕帶上臥室的 門…∕走出門外，她自由了。她（我們把大半輩子交給她）∕正在離開（犧牲了自 己大半輩子）∕家…，在孤單地生活這許多年之後…。她…∕內在的某些東西這麼 多年來都被否定∕她正離家。」 資料乙、學者觀察說：戰後隨著人口成長，女性的傳統角色不斷受到鼓吹。在電視節目、雜 誌和廣告中，女性總是待在家內，操作不斷增多的家用機器，好像這些機器可以減 輕她們的家,xuece-hist-109-24
分科測驗,xuece-hist,109,歷史 25,歷史,柏拉圖理想國,A,R,S1,T7,H8,統治者、武士、生產者三階層：柏拉圖的理想國,一位政治思想家主張建立一種邦國，這邦國由三個階層構成：統治階層治理國政、武士階層捍 衛邦國、生產階層生養社會。土地是所得主要來源，財富由社會公有，兒童由國家教養。他對 民主政治缺乏信心，認為只有智慧最高的人當政，邦國才能免於邪惡事物。這位思想家是誰？ (A)柏拉圖 (B)商鞅 (C)洛克 (D)馬克思,xuece-hist-109-25
分科測驗,xuece-hist,109,歷史 26,歷史,馬關條約後的國籍選擇,C,R,S1,T1,H1,限期選擇國籍：馬關條約後的臺灣,某一時期，由於政權轉移，新的統治者給臺灣人一定的時限選擇去留，時限過後，未遷徙者 即視為新政權的人民。當局統計臺灣總人口約280萬人，遷籍離開臺灣者約4400餘人，不到 總人口的千分之二。這些人遷籍的主因是： (A)鄭成功逐荷 (B)鄭克塽降清 (C)乙未割臺 (D)中華民國政府遷臺,xuece-hist-109-26
分科測驗,xuece-hist,109,歷史 27,歷史,清代朝貢與藩屬,D,R,S1,T3,H4,藩屬使臣來朝，反映清代的朝貢體系,某地圖書館藏有一份手抄本，抄錄清乾隆皇帝登基前與父親雍正皇帝唱和的詩作。根據學者 考證，清朝藩屬派遣使臣到北京覲見時，需與皇帝賦詩唱和，上述手抄本乃供使臣揣摩練習 之用。這位使臣最可能來自： (A)日本 (B)臺灣 (C)暹邏 (D)琉球,xuece-hist-109-27
分科測驗,xuece-hist,109,歷史 28,歷史,啟蒙時代的中國風,B,D,S4,T1,H3,啟蒙時期歐洲讚賞中國皇帝重農,我們應如何理解這兩幅畫的意涵？ (A)馬可波羅到中國，描繪皇室生活簡樸，並耕而食 (B)啟蒙時期，歐洲哲士讚賞中國皇室親民恤農精神 (C)工業革命初期，歐洲人懷念中國傳統的農村生活 圖2 (D)帝國主義的偏見，諷刺中國社會結構的保守落後,xuece-hist-109-28
分科測驗,xuece-hist,109,歷史 29,歷史,新古典主義,A,D,S4,T2,H3,理性、明晰、均衡：新古典主義,這兩幅畫呈現的藝術風格應為何？ (A)表現理性、明晰、均衡的新古典主義 (B)捕捉光影與色彩變幻瞬間的印象主義 (C)線條簡單、用色明亮、突出的野獸派 (D)充滿奇幻、詭異、夢境的超現實主義 圖3,xuece-hist-109-29
分科測驗,xuece-hist,109,歷史 30,歷史,清朝統治的評論,D,R,S1,T1,H1,韃靼人統治中國與西藏：清朝,一位外國人評論當時的中國，指出：居住在遼東的韃靼人，不僅統治中國，還占領了西藏國。 對照歷史，只有一個小城的羅馬人曾經征服了世界；韃靼人來自僅有一省大小之地，卻征服 了比前人更多的土地，各處人民都要向他們稱臣納貢。這位外國人最可能是： (A)宋代日本學問僧 (B)元代義大利商人 (C)明初阿拉伯商人 (D)清代耶穌會教士,xuece-hist-109-30
分科測驗,xuece-hist,109,歷史 31,歷史,日治都市計畫史料,D,E,S1,T4,H6,判斷哪些是研究日治都市計畫的相關史料,歷史老師要求書寫一篇關於「日治時期臺灣都市計畫」的報告，同學們列出以下資料： 甲：伊能嘉矩，《臺灣文化志》 乙：新渡戶稻造，《糖業改良意見書》 丙：國史館臺灣文獻館，《臺灣總督府檔案》 丁：中央研究院人文社會科學中心，「臺灣百年歷史地圖」網站 該報告一定要參考的資料是： (A)甲乙 (B)甲丙 (C)乙丁 (D)丙丁,xuece-hist-109-31
分科測驗,xuece-hist,109,歷史 32,歷史,阿茲特克手稿,A,D,S1,T1,H1,西班牙文與納瓦特爾語並列：傳教士記錄阿茲特克文化,圖4為十六世紀的手稿本，每頁有左、右兩欄，左欄是 西班牙文，右欄是以拉丁文字母書寫出的納瓦特爾語。 成書過程先是方濟會傳教士請耆老以當地的納瓦特爾 語解釋其文化和宗教習俗，再由傳教士及其學生等人 編寫右欄、繪製插圖，最後再將右欄內容譯成西班牙 語，寫在左欄。納瓦特爾語最可能是何地的語言？ (A)墨西哥 (B)巴西 (C)印尼 圖4 (D)越南,xuece-hist-109-32
分科測驗,xuece-hist,109,歷史 33,歷史,明初恢復漢制,C,R,S1,T1,H1,恢復漢人服飾：明朝初年,這個新朝代建立之初，士紳或庶民的髮型、服裝依舊崇尚「胡俗」。開國君主乃下詔恢復固 有傳統，規定士紳百姓必須束髮，官員戴烏紗帽，並依身分穿著官定的朝服款式、圖案及布 料。國子監生、生員亦各訂有衣冠。這位皇帝是： (A)推動漢化的北魏孝文帝 (B)革胡俗行漢法的隋文帝 (C)除去蒙古習俗的明太祖 (D)懷柔漢人的清順治皇帝,xuece-hist-109-33
分科測驗,xuece-hist,109,歷史 34,歷史,柏林會議,B,R,S1,T1,H1,俾斯麥召開會議協調瓜分非洲：柏林會議,1870年以來，歐洲列強在非洲的殖民競爭趨於激烈，常逕自宣告「勢力範圍」，造成列強間的 緊張。1884-85年，德國首相俾斯麥召開「柏林會議」，以解決非洲殖民亂象，十四國與會。這 個會議確立「有效占領」的原則，規定：「任何國家必須與土著統治者締有條約，在當地插上 國旗，並建立行政管理機制，始可聲稱擁有該地的主權。」這個原則為非洲帶來什麼結果？ (A)列強之行動受到約束，延緩非洲的瓜分 (B)列強積極占領之行動，加速非洲的瓜分 (C)列強形成均勢局面，非洲免除瓜分危機 (D)列,xuece-hist-109-34
分科測驗,xuece-hist,109,歷史 35,歷史,漢本遺址,CD,D,S1,T4,H2,多選：外來物質顯示史前的對外交流,蘇花公路改善工程（蘇花改）施工時，在太平洋岸發現「漢本遺址」。考古隊在該遺址發現有金 屬器、琉璃、瑪瑙等外來物質，以及完整的聚落型態；外來的金屬器和瑪瑙，成為臺灣史前人 類重要的裝飾與儀式用品；出土遺物與當時的原住民族，如阿美族、撒奇萊雅族、噶瑪蘭族、 巴賽族、凱達格蘭族，均有密切的關聯。關於「漢本遺址」，以下敘述何者正確？ (A)這個遺址稱為「漢本遺址」，乃是因為其內容是以漢人文化為主 (B)遺址中發現了金屬器、琉璃等物件，顯然是個舊石器時代的文化 (C)從出土文物及聚落地,xuece-hist-109-35
分科測驗,xuece-hist,109,歷史 36,歷史,雍正密摺,ACDE,R,S1,T3,H4,多選：密摺強化皇帝直接控制地方,清雍正皇帝經常使用「密摺」，派遣專人騎著快馬，將裝著皇帝親筆文件的匣子，交給各省 地方官。地方官拿出一把鑰匙，打開匣子，取出文件，按照皇帝的指令執行，並將實施情況 專摺回覆。這個作法的目的最可能是： (A)強化皇帝權力 (B)實施地方分權 (C)蒐集地方資訊 (D)監督地方官員 (E)建立情報系統,xuece-hist-109-36
分科測驗,xuece-hist,109,歷史 37,歷史,大憲章,DE,R,S1,T3,H1,多選：大憲章的意義隨時代轉變,1215年，英國國王約翰簽署《大憲章》，共65個條文，保障英格蘭人傳統權利。經過幾百年， 社會發生巨大變化，《大憲章》的條文漸不再適用。十九世紀以來，國會立法廢止過時條文。 目前，僅少數條文仍在英國法律中。考慮英國社會的今昔，哪些條文最可能仍有法律效力？ (A)「寡婦若想保持單身，只須宣誓未經國王許可就不再婚，即不會被迫改嫁」（第8條） (B)「若無王國議會同意，不可課徵兵役代金，且籌款僅限為國王籌贖金」（第12條） (C)「任何市鎮和個人都不可被強迫修建橋樑，但負有固有義務,xuece-hist-109-37
分科測驗,xuece-hist,109,歷史 38,歷史,歐洲瘟疫與檢疫,ACD,D,S1,T4,H5,多選：比較兩則歐洲檢疫與瘟疫資料,以下是兩則有關歐洲瘟疫史的資料： 資料甲：「十五世紀後期，西西里和威尼斯實施檢疫制度，規定來自鼠疫疫區的船隻，都必 須在外海下錨40天，不准和岸上接觸……成為十六世紀地中海沿岸基督教港口通行 的法規。」 資料乙：「威尼斯在1575-1577年發生鼠疫，有三分之一的人口死亡。西班牙於1596-1602年的 鼠疫奪走50萬條人命，而1648-1652年、1677-1685年兩次鼠疫更有100萬人喪生。 1665年，倫敦鼠疫大流行。」 根據這兩段資料，以下推論何者為是？ (A)地中,xuece-hist-109-38
分科測驗,xuece-hist,109,歷史 非選一,歷史,非選：清代番界,非選,D,S1,T0,H2,非選：清代的番界與族群分布,一、資料甲、乾隆10年（1745）：「臺郡……自南至北，綿亙二千餘里。崇山之內，皆生番所居； 界外平埔，係熟番、漢民零散相處。從前定有地界，立石開溝。」 資料乙、乾隆25 年（1760）：「淡防廳一帶，從前原定火焰山等界，僅於生番出沒之隘口立 石為表，餘亦未經劃清。今酌量地處險要，於依山傍溪處，即以山溪為界；其無山 溪處，亦一律挑溝堆土，以分界限。」 資料丙、乾隆55 年（1790）：「查臺灣地土膏腴，易於謀食，無籍民人，愈聚愈多，往往深 入內山，墾越滋事。……從前以紅、藍、,xuece-hist-109-非選一
分科測驗,xuece-hist,109,歷史 非選二,歷史,非選：周禮的真偽,非選,D,S1,T0,H6,非選：比較三位學者對周禮真偽的看法,二、《周禮》古稱《周官》，內容講述國家的職官組織。以下是歷來三位學者的討論： 資料甲、宋人鄭樵引述前人見解指出：《周禮》出於周公手著，但並未施行，就像唐玄宗時 的「開元禮」，僅係規模粗具的大體規劃，少見細緻具體的實事描述。 資料乙、清代學者編修的《四庫全書》主張：宋人王安石並非真以為《周禮》切實可行，只 是為了杜悠悠之口，借《周官新義》之名追尋富強，以改變積弱的國勢。 資料丙、民國學者錢穆認為，《周禮》中祭祀五帝之禮不見於春秋以前，亦非劉歆為了協助王 莽建立新朝，托古改制所偽,xuece-hist-109-非選二
分科測驗,xuece-hist,109,歷史 非選三,歷史,非選：中世紀城鎮,非選,D,S1,T0,H1,非選：封建政權形成晚，城鎮較自治,三、 史家考察中世紀中、後期歐洲某些地區的政經發展，指出：「這些地區的封建政權和君主政 權形成較晚，城鎮因而得以建立自己的獨特政治和社會體制，以維護公共利益。它們打著 維持和平的旗號，竭力保護自己的生意和貿易路 線，而且只要占有優勢，它們就會控制周邊地區， 建立支配性的市場體系。」根據你的歷史知識， 甲 回答下列問題： 1. 文中描述的現象出現在圖5中的哪一地區？請 乙 以甲、乙、丙、丁表示。（1分） 丁 2. 這個地區城鎮出現的「獨特政治體制」，主要 丙 是指什麼？（2分）,xuece-hist-109-非選三
分科測驗,xuece-hist,109,歷史 非選四,歷史,非選：冷戰蘇聯陣營,非選,D,S1,T0,H2,非選：冷戰時蘇聯陣營的宣傳,四、 冷戰時期，兩大陣營對立。以下是1960年某一陣營領導國家官方出版品的摘錄： 「共產黨和蘇維埃政府對其他人民民主國家嚴守不干涉內政的原則。蘇聯承認這些國 家，給予政治上的支持，並致力盡到國際主義責任，……以穀物、種子和原物料援助他們。 美國則利用資本主義國家的經濟和政治困難，遂行控制。……日、西德、義、法、英 都不同程度仰賴它。……1949年美國建立一個侵略性軍事集團，名為北大西洋公約組 織。……1950年，它侵犯遠東地區，在朝鮮人民民主共和國與南韓之間挑起武裝衝突…… ,xuece-hist-109-非選四
分科測驗,xuece-hist,110,歷史 1,歷史,臺灣通史的史觀,D,E,S1,T2,H8,連橫寫臺灣通史，是要保存臺灣的歷史記憶,連橫《臺灣通史》自序云：「夫臺灣固海上之荒島爾！篳路藍縷，以啟山林，至於今是賴。 顧自海通以來，西力東漸，運會之趨，莫可阻遏。」又說：「洪維我祖宗，渡大海，入荒陬， 以拓殖斯土，為子孫萬年之業者，其功偉矣！」從這些文字可理解連橫的觀點是： (A)符合世界潮流的文化多樣性觀點 (B)以臺灣原住民族為主體的歷史觀 (C)結合文獻與考古資料的歷史解釋 (D)以漢人開拓角度書寫的歷史觀點,xuece-hist-110-1
分科測驗,xuece-hist,110,歷史 2,歷史,英國併吞緬甸,C,R,S1,T1,H1,英國為開拓中國西南市場而併吞緬甸,十九世紀下半葉，英國商人為拓展中國西南部的市場，希望建立一條從印度到中國的陸路貿 易路線。英國印度殖民政府遂對某地發動戰爭，並殖民該地，打通從陸路到中國的門戶。該 地是在： (A)越南 (B)泰國 (C)緬甸 (D)阿富汗,xuece-hist-110-2
分科測驗,xuece-hist,110,歷史 3,歷史,禪讓理論,D,R,S1,T3,H4,權臣奪位也要藉「禪讓」取得正當性,王莽取代西漢，曹魏取代東漢，西晉取代曹魏，都是權臣奪取政權，建立新王朝，後世史家 稱為「篡位」，但這些君主皆藉「禪讓」理論來合法化政權轉移。禪讓理論最可能來自何種 思想？ (A)道家的清靜無為 (B)佛家的輪迴觀念 (C)墨家的兼愛非攻 (D)儒家的聖賢理想,xuece-hist-110-3
分科測驗,xuece-hist,110,歷史 4,歷史,美國革命,A,R,S1,T3,H4,七年戰爭後英國向殖民地加稅，引發美國革命,史家討論美國革命時，指出：1763年，英國在七年戰爭中擊敗法國，確保北美十三個殖民地 的安全；但1776年，北美殖民地卻起來反抗英國，爆發獨立革命。下列何者最可能是史家推 論的美國革命之因？ (A)戰爭導致財政困窘，遂使英國想向殖民地課稅，引起不滿 (B)戰後英國對殖民地的控制減弱，殖民地人民覺得有機可圖 (C)戰爭讓殖民地經濟蕭條，殖民地人民心生不滿，起而抗爭 (D)戰後英國軍力大為衰退，殖民地人民乘虛而起，爭取獨立,xuece-hist-110-4
分科測驗,xuece-hist,110,歷史 5,歷史,姑息政策,A,E,S1,T2,H8,批評姑息只會讓侵略者得寸進尺,1930年代後期，英國採取「姑息政策」以因應希特勒在歐洲的擴張。但當時亦有論者不以為 然，並評論說：「採取姑息政策太過天真了，因為 。」以下哪一段話最適合 承接在這句評論之後，且最能說明此一評論的理由？ (A)希特勒早就提及他打算征服東歐 (B)希特勒本打算要去對抗共產主義 (C)它讓英國有時間重整不足的軍備 (D)它確實有效遏阻納粹主義的擴張,xuece-hist-110-5
分科測驗,xuece-hist,110,歷史 6,歷史,皇民化時期的不敬罪,B,R,S1,T1,H1,言論觸犯天皇體制被遊街：日治戰時體制,一位學生與同學討論時事，主張「總統制」才是真平等。該生因這言 論遭警察拘留，且被繩子捆綁，頭戴草籠遊街示眾（如圖1）。該生後 來以冒犯統治者的「不敬罪」被起訴，雖因他不到法定年齡而未被定 罪，但仍遭到退學的處分。這種情況最可能發生於何時的臺灣？ (A)臺灣民主國時 (B)皇民化時期 (C)二二八事件時 圖1 (D)美麗島事件時,xuece-hist-110-6
分科測驗,xuece-hist,110,歷史 7,歷史,金朝與南宋史書爭議,B,R,S1,T1,H1,以兄弟之禮通好的南北兩國：金與南宋,一位大臣上書：因我朝恩德，南北兩國乃能以兄弟之禮，和平通好至今，長達數十年。有南方 大臣竟利用編寫前朝正史之便，將我祖先事蹟列為四夷傳。請我國史官也比照該國作法，將該 國先世事蹟，列於我朝國史之末。這位大臣最可能是何時人士？雙方史官爭論的焦點為何？ (A)漢朝；利害之爭 (B)遼朝；正統之爭 (C)元朝；南北之爭 (D)清朝；道統之爭,xuece-hist-110-7
分科測驗,xuece-hist,110,歷史 8,歷史,印度種姓制度,D,R,S1,T1,H1,東城區被視為汙穢之地：印度種姓制度,英國廣播公司報導：某地居民認為東城區乃是汙穢之地，是受詛咒之人的居所。一位出身於 東城區的牛奶公司員工，在牛奶製程中接觸到牛奶，被指控汙染產品，同事竟將他活活燒死， 而縱火燒死他的同事並未因此被起訴。這件事最可能發生在： (A)納粹統治下的德國 (B)種族歧視下的美國 (C)種族隔離下的南非 (D)種姓制度下的印度,xuece-hist-110-8
分科測驗,xuece-hist,110,歷史 9,歷史,中古教會經濟觀,C,D,S4,T1,H3,魔鬼手持錢袋：中古教會反對牟利,圖2是某時期興建的教堂內的浮雕，浮雕把魔鬼描繪成是手持錢袋的人， 反映那個時代教會對金錢和商業的看法：教會反對借貸取息的行為，在商 品上強調公道價格。這最可能是發生在哪一時期？ (A)羅馬帝國的晚期，政府不斷提高貨物的稅收 (B)中世紀早期，貨幣供給減少，以物易物盛行 (C)中世紀晚期，商業業已復甦，商人階級興起 圖2 (D)宗教改革時，主張以工作致富，以榮耀上帝,xuece-hist-110-9
分科測驗,xuece-hist,110,歷史 10,歷史,粟特人與絲路,B,D,S4,T1,H3,鑄有粟特文的方孔錢：粟特人活躍於絲路,中亞的吉爾吉斯附近出土一批模仿漢制的方孔圓圜錢幣，錢幣鑄有粟特文字。粟特人散布在 中亞到西亞的綠洲，絡驛於途的大食人、佛教僧侶都曾留下有關他們的記錄。這批出土錢幣 最可能反映哪種歷史現象？ (A)漢人與匈奴間的軍事征戰 (B)唐人與突厥間的貿易往來 (C)宋人與西夏間的邊境貿易 (D)清人與回人間的宗教交流,xuece-hist-110-10
分科測驗,xuece-hist,110,歷史 11,歷史,工業化與城鄉移民,C,R,S1,T1,H1,工廠旁的工人、臺語歌唱離鄉：工業化時期的城鄉移民,深夜，在工廠旁的麵攤上，剛下工的工人相聚聊天，而黑白電視螢幕上，臺語歌手正唱著剛 推出的新歌，傾訴離開臺灣中南部農村來到都市打拼的工人，思念家鄉的雙親和戀人的情 懷。工人聽了，不禁流下淚來。這種景象最常見於下列哪一時期？ (A) 1930年代日本政府推動工業化政策 (B) 1950年代政府推動第一期經建計畫 (C) 1970年代實施第二次進口替代政策 (D) 1990年代推動產業升級與經濟轉型,xuece-hist-110-11
分科測驗,xuece-hist,110,歷史 12,歷史,馬歇爾調處,A,R,S1,T1,H1,美國派馬歇爾調停國共,二次大戰後，中國陷入國共內戰。當時，美國認為惟有中國和平、實行民主，才符合美國利 益，於是派遣馬歇爾為特使，調處國共歧見，最後卻以失敗告終。馬歇爾到中國後，採取的 作法是： (A)藉美援為手段，推動國共和談，共組聯合政府 (B)軍事援助國民政府，迫中共放棄武裝對抗策略 (C)派第七艦隊巡弋臺灣海峽，避免國共直接衝突 (D)準備承認中共，但通過特別法案確保臺灣安全,xuece-hist-110-12
分科測驗,xuece-hist,110,歷史 13,歷史,蒙古帝國,B,R,S1,T7,H8,遊牧軍事優勢、宗教寬容：蒙古帝國,史家分析某一帝國特色：使用遊牧社會的軍事技術優勢，形成自給自足的強悍軍隊，並用寬 容的手段，對待境內不同的宗教與文化，進而組成史上最大的陸地帝國，保護黑海到太平洋 之間的貿易。這個帝國最可能是： (A)西元前四世紀亞歷山大帝國 (B)西元十三世紀的蒙古帝國 (C)西元十八世紀的大清帝國 (D)西元十九世紀俄羅斯帝國,xuece-hist-110-13
分科測驗,xuece-hist,110,歷史 14,歷史,馬基維利,A,R,S1,T7,H8,統治者要兼具獅子與狐狸：馬基維利,羅馬政治家西塞羅以「獅子」和「狐狸」比喻「暴力」與「欺詐」，認為兩者都是野獸手段， 人類應不屑為之。但文藝復興學者馬基維利卻主張：政治領袖若想追求權勢、榮耀和名聲， 必要時須模仿獅子的兇猛與狐狸的狡猾來行事。我們如何理解這個現象？ (A)文藝復興時期，學者常重新詮釋古典著作的理念，以為當代所用 (B)文藝復興時期，學者嚮往古代價值，一味繼承希臘羅馬著作觀點 (C)西塞羅身處政治動盪時期，與馬基維利處境不同，兩種說法無關 (D)馬基維利身處外患頻仍時期，處境和西塞羅類似，故認同,xuece-hist-110-14
分科測驗,xuece-hist,110,歷史 15,歷史,東德的路德詮釋,C,E,S1,T2,H8,把宗教改革說成市民階級革命：東德的官方詮釋,在一次紀念馬丁路德的活動中，學者詮釋其歷史意義，反映了官方觀點：他的宗教改革是 「早期的市民階級革命」、是「朝向無產階級革命的必要階段」。這應是哪一場紀念活動？ (A) 1917年，德國政府紀念宗教改革400週年 (B) 1933年，納粹以紀念路德為名迫害猶太人 (C) 1983年，東柏林紀念馬丁路德的500歲冥誕 (D) 2017年，德國威丁堡紀念宗教改革500週年,xuece-hist-110-15
分科測驗,xuece-hist,110,歷史 16,歷史,巴西橡膠,D,R,S1,T1,H1,經濟作物致富的城市：巴西橡膠,十九世紀中期，巴西有座城市因附近栽種某種經濟作物，提供工業生產所需原料，迅速致富。 城中修建了電車、路燈和排水系統等先進設施，各國商人紛紛到此交易。但是二十世紀初， 歐洲人將此一作物移植到東南亞，大量栽植，該城乃迅速沒落。影響這座城市興衰的作物最 可能是： (A)玉米 (B)可可 (C)甘蔗 (D)橡膠,xuece-hist-110-16
分科測驗,xuece-hist,110,歷史 17,歷史,雷厝遺址,C,D,S1,T4,H1,出土史前陶片與青花瓷：遺址跨越史前與歷史時期,一份考古報告指出：雷厝（雲林麥寮）遺址出土的文物豐富，有史前陶片、青花瓷片、硬陶、 瓦片、瑪瑙珠、鐵器、豐富的海貝，及鹿、羊、牛、豬等獸骨，而以鹿骨最多。遺址年代約 距今540-340年間，推測應屬貓兒干文化。學者根據文物內容，推斷這個文化已與中國有交 流，支持學者看法的主要依據應是： (A)鐵器、海貝 (B)鹿骨最多 (C)青花瓷片、硬陶 (D)瓦片、瑪瑙珠,xuece-hist-110-17
分科測驗,xuece-hist,110,歷史 18,歷史,德川幕府外交,B,R,S1,T3,H4,德川幕府藉朝鮮、琉球使節強化統治正當性,日本德川幕府常藉外交手段來強化政權的合法性，鞏固統治地位。1607年到1811年，朝鮮派 遣12次通信使到日本；1610年到1850年，琉球也派了21次使節團。使節團主要是恭賀將軍繼 位或世子出生，各地大名目睹其豐厚的賀禮，聽到祝賀德川一統天下的頌辭，自然心悅誠服。 不過，德川幕府卻從未與中國發展正式關係，最可能的原因是： (A)幕府實施「鎖國」政策，拒與中國建立關係 (B)幕府拒絕奉行朝貢體制，不願接受天朝秩序 (C)幕府的財政發生困難，無法負擔沉重的賀禮 (D)日本自古以,xuece-hist-110-18
分科測驗,xuece-hist,110,歷史 19,歷史,魏晉南北朝河隴學術,B,R,S1,T3,H4,學校廢弛、學術成為家族世業：魏晉南北朝,學者指出：這個時期學校廢弛，博士無從傳授學業，學術轉而成為家族世業，而家族又受地 域之限，學術的發展因此皆與家族、地域兩者難以分離。但是，河隴地區（在今日陝西、甘 肅）因距離中原戰禍較遠，又是東西交通要道，遂成為文化學術重鎮。這個時期指的是： (A)戰國至漢初 (B)魏晉南北朝 (C)唐末至五代 (D)宋末至蒙元,xuece-hist-110-19
分科測驗,xuece-hist,110,歷史 20,歷史,馬來亞人口組成,A,D,S2,T5,H5,由人口變化判斷華人、印度人移入,"馬來亞的人口組成多元。表1是二十世紀前半期，馬來亞（包含新加坡）人口調查中三個主 要族群的人口變化（單位：人）。 表1 表中甲、乙、丙分別是： 1911 年 1921 年 1931 年 1941 年 (A)馬來裔、華裔、印度裔 甲 1,437,000 1,651,000 1,962,000 2,278,000 (B)馬來裔、印度裔、華裔 乙 916,000 1,171,000 1,709,000 2,379,000 (C)華裔、馬來裔、印度裔 丙 267,000 471,00",xuece-hist-110-20
分科測驗,xuece-hist,110,歷史 21,歷史,古希臘雅典宗教,B,D,S1,T4,H2,家家有祭壇、神廟林立：雅典的宗教生活,以下是有關古希臘時代雅典文化的兩則敘述： 資料甲：人們家中都設有祭壇，城邦中到處可見神龕，衛城上神廟比比皆是。每個節日開始 前要祭祀，前兆、凶兆和神諭會影響重大決定。準備遠行或店鋪開張等事務都要事 先祈禱。 資料乙：西元前五世紀後期，雅典出現一些稱為「辯士」（sophists）的教師，以教授辯論術 為生，多從經驗角度考察宇宙，認為真理與人本身的需要或利益有關，沒有絕對真 理。最有名的辯士普羅塔哥拉斯主張：「人是萬物的尺度」。惟辯士在當時社會的名 聲不佳。 對照甲、乙兩則資料，,xuece-hist-110-21
分科測驗,xuece-hist,110,歷史 22,歷史,羅馬時代的不列顛,D,R,S1,T1,H1,羅馬神殿遺址在英格蘭：羅馬時代的不列顛,英國西南部一處溫泉勝地，市內有羅馬神殿遺址，供奉的女神蘇麗絲密涅瓦（Sulis-Minerva）， 是當地溫泉守護神蘇麗絲和羅馬勝利女神密涅瓦之綜合體。這是羅馬帝國推動羅馬化的一 個例證，也就是： (A)摧毀各地神殿，以壓制在地宗教與文化 (B)推廣羅馬文化，以開發英國的觀光資源 (C)將勝利女神給各地膜拜，炫耀尚武精神 (D)以羅馬宗教整合當地信仰，有利其治理,xuece-hist-110-22
分科測驗,xuece-hist,110,歷史 23,歷史,禮儀之爭與祖先牌位,C,R,S1,T1,H1,禁止祭拜祖先牌位：禮儀之爭,某人陳情說：家中牌位記載祖先名號、生卒年月，目的是不忘本，沒有別的用意。我若毀棄 祖先牌位，被親族舉報到官府，依律當斬。敬請明察轉告，恩准不毀棄牌位。此人最可能是： (A)唐朝滅佛時的佛教徒 (B)明末來華的耶穌會士 (C)清初的漢人天主教徒 (D)皇民化時期的臺灣人,xuece-hist-110-23
分科測驗,xuece-hist,110,歷史 24,歷史,大躍進,C,D,S1,T1,H1,1959–1961 年非正常死亡：大躍進的後果,課堂上，老師要學生以1949年以後中共的歷史發展進行探究。一位學生蒐集到兩則資料： 資料甲：1959 至1961 年的非正常死亡和減少出生的人口數，大約在四千萬人左右。 資料乙：1960 年農業生產總值，比1959 年下降12.6%，其中糧食和棉花的產量更跌到1951 年的水平……城市人均消費量下降78%。 這位學生探究的主題應是： (A)土地改革 (B)三反五反 (C)大躍進 (D)文化大革命,xuece-hist-110-24
分科測驗,xuece-hist,110,歷史 25,歷史,地理大發現,A,R,S1,T1,H1,葡萄牙沿非洲海岸探險、西班牙西航：地理大發現,十五世紀後期，葡萄牙、西班牙積極開拓新貿易航線，是歐洲最早從事海外探險的國家。葡 萄牙人率先沿非洲海岸探險，來到東方；西班牙人則轉而往西航行，意外到達美洲。1494年， 兩國在教宗主持下，簽署「托德西拉條約」（Treaty of Tordesillas），以大西洋中約西經46度 半的子午線為中線，劃分勢力範圍：以西歸屬西班牙，以東歸屬葡萄牙。當時，雙方如此劃 分世界，依據的最主要原則是： (A)發現的先後 (B)文化的相近 (C)實力的強弱 (D)資源的多寡,xuece-hist-110-25
分科測驗,xuece-hist,110,歷史 26,歷史,阿拔斯王朝,D,E,S1,T2,H8,比較奧米雅與阿拔斯王朝，後者較具普世性,七到十三世紀，奧米雅王朝（Umayyad Dynasty）和阿拔斯王朝先後統治伊斯蘭世界，學者 比較兩者的差異，評論說：「……到阿拔斯王朝時，儘管阿拉伯人在政治上仍發揮重要作用， 但波斯人、埃及人和其他民族也能夠分享權力和財富。」從這段文字的文意反向推論，這位 學者認為奧米雅王朝統治特色是： (A)阿拉伯裔的軍事貴族受到歧視冷遇 (B)帝國內各族群都有同等地位和權勢 (C)與阿拔斯王朝的族群政策前後一致 (D)阿拉伯人特別受到重用並壟斷政權,xuece-hist-110-26
分科測驗,xuece-hist,110,歷史 27,歷史,冷戰下的柏林,A,D,S4,T1,H3,英國車牌附俄文：冷戰時期的柏林,某國博物館展出一件舊車牌（如圖3），數字是車號，國旗說明此車屬於英國，底下的俄文是 要讓邊界的俄國守衛知道這是英國軍方用車，允許通行。這件車牌象徵這個國家史上一段特 殊時期。這最可能是哪一場展覽？ (A)德國歷史博物館，展出戰後德國被四國分區占領的文物 (B)俄國國家歷史博物館，展出列寧領導共產革命時的物件 (C)中國國家博物館，展出二戰期間上海租界所遺留的文物 圖3 (D)韓國歷史博物館，展出西方國家參與韓戰時遺留的物件,xuece-hist-110-27
分科測驗,xuece-hist,110,歷史 28,歷史,泛亞洲主義,B,E,S1,T2,H8,亞洲不能沉睡：泛亞洲主義,一齣戲中有如下的旁白：當今歐洲強盛，亞洲也不能再沉睡，誕生孔子、孕育釋迦牟尼的土 壤現在是什麼情況？我們早已移民南方島嶼，開發臺灣、呂宋、新加坡、婆羅洲、關島、夏 威夷等地，事業有成。走吧，走向南方的島嶼。這齣戲創作的時代背景最可能是： (A)晚清中國人移民東南亞 (B)日本倡議大東亞共榮圈 (C)東南亞國家協會的建立 (D)中國推動一帶一路政策,xuece-hist-110-28
分科測驗,xuece-hist,110,歷史 29,歷史,西非殖民與疾病,D,D,S2,T3,H4,西非雇員高死亡率，是熱帶疾病造成,1695年到1722年間，根據估計，英國皇家非洲公司派往西非的雇員，「每十人中就有六人在第 一年內死去，兩人在第二年到第七年間死去，而最終只有一個人能夠活著回到英國」。直到十 九世紀中葉，前往非洲的歐洲人中，死去者多，存活者少。造成這種現象的原因最可能是： (A)歐人互鬥激烈，造成損傷 (B)常與土著戰爭，傷亡嚴重 (C)西非災荒頻仍，生存不易 (D)易感染傳染病，導致死亡,xuece-hist-110-29
分科測驗,xuece-hist,110,歷史 30,歷史,清代民族政策,B,R,S1,T7,H8,禁止學習漢文的是蒙古族，另一族是藏族,兩段資料中，甲、乙民族分別是指： (A)朝鮮族／蒙古族 (B)蒙古族／藏族 (C)藏族／漢族 (D)回族／漢族,xuece-hist-110-30
分科測驗,xuece-hist,110,歷史 31,歷史,清代因地制宜,D,R,S1,T2,H8,對不同民族採取不同策略：因地制宜,從兩段資料的敘述判斷，清政府對各民族的治理，應是採取哪一種策略？ (A)高壓統治 (B)遠交近攻 (C)自由放任 (D)因地制宜,xuece-hist-110-31
分科測驗,xuece-hist,110,歷史 32,歷史,美國憲法,A,R,S1,T3,H4,邦聯條款權力不足，改制定美國憲法,1777年，大陸會議通過《邦聯條款》，為美國憲政奠定初基。《邦聯條款》實施後衍生不少問 題，影響聯邦運作，遂有修訂之議。1787年，各州代表再度集會費城，以制定新的《美國憲 法》，完善聯邦政治。新憲法在1789年獲得各州批准後生效。從《邦聯條款》到《美國憲法》， 美國憲法修訂的趨向是： (A)加強中央權限，以確保聯邦政府的效率 (B)強化各州權力，以滿足地方自主的願望 (C)明定總統任期，以避免總統的獨裁統治 (D)限定總統權限，以免杯葛國會通過法律,xuece-hist-110-32
分科測驗,xuece-hist,110,歷史 33,歷史,開港後的出口商品,D,D,S2,T5,H5,開港後出口以茶、糖、樟腦為主,臺灣開港通商以來，進出口貿易增加。表2是海關統計1868-1909年臺灣主要出口商品總值（年 平均）之比例。表中的「乙」應是： 表2 (A)茶 年度 甲 乙 丙 丁 其他 (B)糖 1868-95 36.22% -- 53.49% 3.92% 6.37% (C)樟腦 1896-99 19.22% 12.82% 43.67% 12.56% 11.73% (D)稻米 1900-04 17.01% 20.93% 29.45% 15.31% 17.30% 1905-09 33.75%,xuece-hist-110-33
分科測驗,xuece-hist,110,歷史 34,歷史,巴洛克藝術,C,R,S1,T7,H8,對稱、宏偉、豪華：巴洛克風格,藝術史老師分析某時期的藝術風格：「這種風格強調對稱和均衡，以顯示秩序、宏偉等意念。 喜用豪華、戲劇性的方式，表現緊張感和衝突感」；「這種藝術反映那個世紀文化的種種對比 和矛盾，如：宗教狂熱和塵世慾望、虔信和理性主義、暴力和尊重秩序」。這種藝術是： (A)十三世紀的哥德式藝術 (B)十五世紀文藝復興藝術 (C)十七世紀的巴洛克藝術 (D)十九世紀的印象派藝術,xuece-hist-110-34
分科測驗,xuece-hist,110,歷史 35,歷史,清代閩粵族群,AC,R,S1,T4,H2,多選：清代閩粵族群的分布與關係,一位清代官員記載：「臺灣一郡……其民，閩之泉漳二郡、粵之近海者往焉。閩人占瀕海平 曠地；粵居近山，誘得番人地闢之。故粵富而狡，閩強而悍。其村落，閩曰閩社，粵曰粵莊。 閩呼粵人為『客』。分氣類，積不相能，動輒聚眾持械鬥。平居亦有閩、粵錯處者，鬥則各 依其類。閩、粵鬥則泉、漳合，泉、漳鬥則粵即伺勝敗以乘其後。民情浮而易動。自康熙22 年入版圖，於今已百五十餘年矣；亂者凡一十有五，皆閩人也。」這則資料可用於研究有關 清代臺灣的哪些議題？ (A)分類械鬥 (B)水利社會 (C)移民原,xuece-hist-110-35
分科測驗,xuece-hist,110,歷史 36,歷史,法令的保存與更正,CE,R,S1,T3,H4,多選：保存法令副本以防竄改,《商君書》主張：國家法令，除了原件，須另抄副本封藏於禁地，未經准許不得進入，若有 擅改者，則「罪皆死不赦」。漢代，皇帝詔書公布之後若發現出錯，則視情節輕重、有無故 意，分別究責與懲處相關人等。這些關乎官文書繕寫、庋藏和管理的規範，目的有哪些？ (A)箝制人民思想自由 (B)管制經濟物資流通 (C)樹立中央統治權威 (D)整飭官僚任命資格 (E)確保政令傳達無誤,xuece-hist-110-36
分科測驗,xuece-hist,110,歷史 37,歷史,漢摩拉比法典,BDE,D,S1,T5,H5,多選：漢摩拉比法典依身分不同處罰,古巴比倫《漢摩拉比法典》有如下條文：「倘一位貴族攻擊另一位貴族的女兒，害她流產， 須賠10個謝克的銀子；若受害婦女死亡，則肇事貴族的女兒須處死。若受害婦女是平民的 女兒，因受攻擊而流產，則肇事貴族罰金減半；若受害婦女死亡，則須賠償半米納。」（按： 1米納＝60謝克）。上述條文反映出下列哪些觀念？ (A)重視勞動人力 (B)階級差別意識 (C)重男輕女觀念 (D)人命以錢計價 (E)以牙還牙原則,xuece-hist-110-37
分科測驗,xuece-hist,110,歷史 38,歷史,科學革命的宇宙觀,ABD,D,S1,T4,H2,多選：宇宙像機械鐘，科學革命的宇宙觀,十六、十七世紀的「科學革命」包含新宇宙觀的出現。當時，哲學家常將宇宙比擬為機械鐘。 以下是兩段相關資料： 資料甲：波以耳說：「各個零件如此整合、協調在一起，然後開始運作。如此繁多的齒輪， 不同零件都以不同的方式運作……每一零件依照預先設定的功能各司其職，規律 地、整齊劃一地……完成任務。」 資料乙：現代史家指出：「十三世紀末，機械時鐘已經在歐洲出現；十四世紀後，鐘擺大鐘 成為大城市的標準特色。」 閱讀兩段資料，當時哲學家以時鐘比喻宇宙，具有哪些意義？ (A)宇宙的運轉有其規律,xuece-hist-110-38
分科測驗,xuece-hist,110,歷史 非選一,歷史,非選：明人記東番,非選,D,S1,T0,H5,非選：比較明人對東番的記載,一、以下三則資料是明代學者關於「東番」的記載： 資料甲：陳第〈舟師客問〉云：「沈子（沈有容）嘗私募漁人，直至東番，圖（繪）其地里， 乃知彭（澎）湖以東，上自魍港（布袋），下至加哩（佳里），往往有嶼可泊。」、 「賊之所據誠非版圖，其突而入犯，亦非我之版圖乎？」 資料乙：葉向高〈改建浯嶼水寨碑〉云：「浯嶼水寨，故在大擔、南太武山外，後徙於中左 所之廈門所。轄地北至崇武，南至料羅。……寨成，而有事東番。東番者，海上夷 也。……頃倭據其地，四出剽掠。將軍（沈有容）便宜興師，冒風濤，力,xuece-hist-110-非選一
分科測驗,xuece-hist,110,歷史 非選二,歷史,非選：長安與汴州,非選,D,S1,T0,H5,非選：唐後期長安與汴州的變化,二、以下是兩則關於八、九世紀間（唐後期）長安和汴州的資料： 資料甲：唐代白居易詩描述長安「百千家似圍棊局（棋盤），十二街如種菜畦」，城內官署、 道觀、佛寺、民房、市集分區而立、格局方正，區外有坊（圍牆）環繞，坊上有門 稽查出入，日出而啟，日入而閉，盜賊宵小無處藏身；坊臨街道，街道筆直通達。 資料乙：汴州（今河南開封）地處黃河與運河之交。唐代王建詠汴州詩云：「草市迎江貨， 津橋稅海商」、「水門向晚茶商鬧、橋（畔）市（集）通宵酒客行」，雖然街道紊亂、 坊牆傾毀，但經濟活動熱絡。 ,xuece-hist-110-非選二
分科測驗,xuece-hist,110,歷史 非選三,歷史,非選：十一世紀政教衝突,非選,D,S1,T0,H1,非選：十一世紀的政教衝突（主教敘任權）,三、以下是兩段有關十一世紀歐洲政教衝突的資料： 資料甲：十一世紀時，羅馬教廷銳意推動教內改革，包括禁止神職買賣、教士娶妻；防堵 世俗勢力干預教宗選舉與教士任命；強化教宗之權威等。這些改革引發諸多爭端， 史稱「政教之爭」或「政教衝突」。 資料乙：一位現代學者指出：「教會改革引發的爭論，常冠以『政教之爭』的標題，這會造 成誤導。當時，許多主教和修院院長……對教廷的改革持反對態度，因為無論怎 麼改革，這都會使他們受制於教宗權威。畢竟，他們已習慣於和地方貴族建立合 作關係，且雙方常有,xuece-hist-110-非選三
分科測驗,xuece-hist,110,歷史 非選四,歷史,非選：蘭克史學,非選,D,S1,T0,H2,非選：蘭克的客觀治史主張,四、1847 年，史家蘭克（Leopold von Ranke）完成《宗教改革時期德意志史》一書，在〈導言〉 中，蘭克暢論史家治史之道，現代史家奉之為圭臬： 「我觀察到這一時刻已經來臨：編寫近代史時，不必再倚賴（事實發生）那個時代歷史家 的記錄，除非這些歷史家對發生的事實確實是親身體驗和見證，那他們的記錄就可以信賴。 我們完全不必理會那些根據距原始資料甚遠的材料寫成的史書，因為它們根據的不是當事 人的記述、不是原始的一手材料。就我書寫的時代而言，要徹底呈現歷史真實已不再遙不 ,xuece-hist-110-非選四
分科測驗,xuece-hist,111,歷史 1,歷史,消極政府積極人民,B,E,S1,T2,H8,清廷限制渡臺，人民仍積極開墾：消極政府，積極人民,學界對清領臺灣前期的作為，有「消極政府，積極人民」的評論，意指：清廷雖限制內地 人民前往臺灣，但人民仍然一波波渡臺，在土地開發、農業耕作或通商貿易方面，都有不 錯的發展。下列哪一項可作為清領前期「積極人民」的證據？ (A)設置土牛溝 (B)興築八堡圳 (C)成立撫墾局 (D)派班兵駐防,xuece-hist-111-1
分科測驗,xuece-hist,111,歷史 2,歷史,棉花的全球史,D,R,S1,T1,H1,從印度、波斯傳到埃及，再到歐洲：棉花,歷史家考察某一經濟作物的傳播史，認為富有全球史意義。它最初可能是從印度、波斯傳 到埃及；中世紀時，穆斯林將其引入地中海地區和伊比利半島；十六世紀起，西班牙與葡 萄牙在中、南美洲殖民地，利用非洲奴工大量種植，再將產品運回歐洲。這種作物應是： (A)胡椒 (B)煙草 (C)棉花 (D)甘蔗,xuece-hist-111-2
分科測驗,xuece-hist,111,歷史 3,歷史,1949 年後的大學改制,C,R,S1,T1,H1,1949 年 10 月後私立大學被接管,一位學者回憶：他考上北平一所私立大學，9月開學，但10月10日便被政府接管，改成公 立大學，課程也調整了。他先前修過哲學，對馬克思主義、黨史、革命史等新課程，並不 覺困難。這最可能是發生於何時的情況？ (A)五四運動時期，左翼思潮流行 (B)聯俄容共期間，接納共產主義 (C)中共建政以後，管控高等教育 (D)文化大革命時，向工農兵學習,xuece-hist-111-3
分科測驗,xuece-hist,111,歷史 4,歷史,功過格,A,D,S4,T2,H3,功過格反映傳統禮法與性別規範,中國傳統社會的禮法與性別規範，頗異於現代。明代出版一種個 人自記善惡功過的簿冊，稱作「功過格」。圖1是一種功過格，內 容是利用宗教的因果報應觀念，指導女性道德實踐，積累功德， 以改造命運。如：「嫌夫醜拙」，記百過；「不勤職業」，一日記一 過。從圖1文中規範條目判斷，這位作者最重視的婦女規範是： (A)貞節 (B)順從 (C)勤勞 (D)端莊 圖1,xuece-hist-111-4
分科測驗,xuece-hist,111,歷史 5,歷史,福澤諭吉的臺灣方針,D,E,S1,T2,H8,不交給「蠻民」：以日本人為主的殖民方針,1895年，福澤諭吉發表〈臺灣永遠的方針〉：「（臺灣）現在既然歸入我國版圖，便不容許照 舊交付蠻民手中，應自內地大舉移民開發富源，這樣纔符合文明的本意。政府的方針一定， 諒不催促也有多數內地人希望移居。自蠻民手中褫奪開闢以來的野蠻事業，加以文明方式 的新創意，無疑可獲驚人的發展。」根據上文，福澤諭吉主張「內地人」大量移民臺灣， 主要目的應是： (A)複製北海道農業移民經驗 (B)解決日本人口膨脹的問題 (C)成為日本帝國南進的基地 (D)透過移民以達到殖產興利,xuece-hist-111-5
分科測驗,xuece-hist,111,歷史 6,歷史,英格蘭生態史,C,D,S1,T3,H4,森林大量消失，是長期開發的結果,學者考察英格蘭生態史的變化：經過羅馬人、薩克森人、丹麥人與諾曼人數波開發，到十 三世紀下半期，英格蘭野生森林已砍伐殆盡。十四世紀後期和十五世紀時，森林一度又覆 蓋部分英格蘭大地，但十五世紀晚期後，隨著人口復甦，林地再遭到清理，變成村落、農 地或牧地。十四世紀後期，森林重返英格蘭大地，最可能與下列何者有關？ (A)諾曼人征服，平民遭到殘殺，解除環境的負荷 (B)十字軍東征，人民大量離鄉，紓解環境的負荷 (C)黑死病流行，人口大量死亡，降低環境的負荷 (D)百年戰爭爆發，英人傷亡,xuece-hist-111-6
分科測驗,xuece-hist,111,歷史 7,歷史,鐵路與工業革命,C,R,S1,T3,H4,鐵路把未開發地區捲入世界經濟,經濟史家考察十九世紀歐洲運輸革命與工業革命的關聯，指出：「這種運輸設施」的推展， 使先前未曾開發地區捲入世界經濟活動內，更因其克服運輸量、畜力、季節及移動速度等 限制，工業革命成果得以擴大。因此，此一交通革新「不但是運輸革命的完成，而且也是 工業革命的完成」。這位史家所說的「這種運輸設施」，最可能是指： (A)汽車的量產 (B)運河的開通 (C)鐵路的興起 (D)輪船的通航,xuece-hist-111-7
分科測驗,xuece-hist,111,歷史 8,歷史,清朝統治的解釋,B,E,S1,T4,H6,比較兩類解釋：因地制宜與漢化,研討會上，學者爭論清朝前期成功統治帝國的原因，有兩類解釋：第一類認為是統治者在 不同地區，包括新疆、西藏、蒙古、關內，因地制宜，採取不同統治策略，形成一多民族 帝國。第二類認為是統治者採取漢化政策，才能以少數民族身分入主中原。我們應如何理 解這兩種歷史解釋？ (A)第一類解釋的證據：實施八旗制度、西南地區實行改土歸流 (B)第二類解釋的證據：動員學者編纂《四庫全書》、開科取士 (C)第一類學者採取多元主義觀點，解釋較空疏，不具學術意義 (D)第二類學者站在華夏中心主義，立場相,xuece-hist-111-8
分科測驗,xuece-hist,111,歷史 9,歷史,英國就業結構,A,D,S2,T5,H5,工業國家：農業就業比例下降,經濟史家稱十九世紀英國是史上「第一個工業國家」。下表是1801到1921年，英國就業結 構百分比的變化。根據十九世紀英國經濟發展 產業部門（%） 趨勢判斷，甲、乙、丙分別是指： 甲 乙 丙 年代 (A)甲、服務業；乙、農業；丙、工業 1801 36 35 29 (B)甲、農業；乙、工業；丙、服務業 1841 28 24 48 (C)甲、工業；乙、服務業；丙、農業 1881 34 14 52 (D)甲、農業；乙、服務業；丙、工業 1921 42 9 49,xuece-hist-111-9
分科測驗,xuece-hist,111,歷史 10,歷史,鄭氏貿易,D,D,S1,T4,H2,鄭成功船隊航向各地：鄭氏的貿易網絡,下列兩則是荷蘭人記載鄭成功貿易的資料： 資料甲：1655 年3 月9 日《熱蘭遮城日誌》：國姓爺的24 艘船隻，從中國沿岸開去各地 貿易：往巴達維亞7 艘，往（越南）東京2 艘，往暹羅10 艘，往（越南）廣南4 艘，往馬尼拉1 艘。 資料乙：1656 年12 月11 日《巴達維亞城日記》：今年國姓爺的6 艘帆船，從中國到柬埔 寨，收購鹿皮及其他貨物運去日本。 根據這兩則資料，可以得出哪一項推論？ (A)鄭成功拒絕與荷蘭人進行貿易活動 (B)鄭成功獨占了與日本人的鹿皮貿易 (C,xuece-hist-111-10
分科測驗,xuece-hist,111,歷史 11,歷史,印象派,C,R,S1,T7,H8,捕捉城市光影瞬間：印象派,藝術史家討論近代工業化過程與藝術的關係，談到一個畫派：這是一種都市風格的繪畫， 畫家透過城市人的眼睛看世界，捕捉城市事物須臾即逝的瞬時性、改變性和機會性。他們 喜愛鮮明的顏色，但常把一片均勻的色彩分解成小點，有如一群無固定形狀的點集合。他 們常以日常生活素材入畫，如：星期天的人群或熙攘的街景。這個畫派應是： (A)十九世紀初期新古典主義 (B)十九世紀中期的寫實主義 (C)十九世紀後期的印象主義 (D)二十世紀前期超現實主義,xuece-hist-111-11
分科測驗,xuece-hist,111,歷史 12,歷史,伊斯蘭翻譯運動,A,D,S1,T4,H5,比較兩則資料：伊斯蘭的翻譯運動,以下是兩則伊斯蘭史上翻譯運動的觀察： 資料甲：十世紀時，阿拔斯帝國有規模浩大的翻譯運動，主要是把希臘典籍譯成阿拉伯文。 他們翻譯醫學、天文學、化學、物理學論著，但不譯任何類型的文學和歷史書籍。 資料乙：十六至十八世紀，鄂圖曼帝國也有翻譯運動，以引進西歐學問。他們翻譯地理學 著作，也有軍事論著，但找不到任何哲學著述。 綜合兩則資料，歷史上伊斯蘭世界引進外來知識時，態度常是： (A)有選擇性：具有實用價值者 (B)有選擇性：契合宗教教義者 (C)無選擇性：隨譯者興趣而定 (D)無,xuece-hist-111-12
分科測驗,xuece-hist,111,歷史 13,歷史,日治埔里族群命名,B,R,S1,T1,H1,日治初期為熟番登記姓名,日治初期埔里的族群調查提及：同治末年，熟番自己隨意附上姓名，故姓氏並未一定，而 同名者甚多，常產生糾紛。所以某官員定例：生子命名必須加上父親之名，迄今不廢。然 而，其中有學識或從事公職者，對此稍覺不悅，因而不少人又再改成漢名。從這則記載來 看，哪個敘述比較符合平埔族使用漢人姓名一事？ (A)清朝官員強制平埔族改用漢人名字 (B)平埔族受漢人影響而改用漢人姓名 (C)平埔族有識之士不願改用漢人名字 (D)平埔族接受清朝官員制定命名原則,xuece-hist-111-13
分科測驗,xuece-hist,111,歷史 14,歷史,長崎與蘭學,B,R,S1,T1,H1,可以買到蘭學醫書的東亞城市：長崎,十八、十九世紀之交，某個東亞城市的書肆裡，既可找到傳統漢醫《傷寒論》、《黃帝內經》 的註疏，也可買到荷蘭人醫學著作《內科選要》的在地譯本。這座東亞城市最可能是： (A)朝鮮的漢城 (B)日本的江戶 (C)清國的蘇州 (D)越南的河內,xuece-hist-111-14
分科測驗,xuece-hist,111,歷史 15,歷史,文藝復興人文主義,C,R,S1,T7,H8,收集古代抄本、考訂校勘：文藝復興人文主義,某時期，歐洲出現收集古代抄本熱潮。學者遍訪修道院，尋找湮沒的古書抄本，雇人抄寫， 並進行考訂、校勘，以回復古書原樣。他們摹仿古拉丁文，以之寫作。富商和權貴競相興 建豪華宅第以彰顯個人權勢，也資助學者與藝術家的創作，展現文化品味。這最可能出現 在哪一時期？ (A)六世紀拜占庭帝國時期 (B)九世紀查理曼帝國時期 (C)十四世紀文藝復興時期 (D)十八世紀啟蒙運動時期,xuece-hist-111-15
分科測驗,xuece-hist,111,歷史 16,歷史,宋代訊息傳遞,B,R,S1,T3,H4,宋代政府重視官方訊息的傳遞與管理,學者指出：兩宋政府雖不是強大的政權，但政府重視官方訊息流通管道的管理，除了嚴格 要求輿情的蒐集、巡訪、分析與檢核外，還敕令各層級政令文書必須依規定的時效傳遞。 兩宋政府這麼做的主要目的是： (A)監控在野人士的活動 (B)穩定深入地控制地方 (C)取締翻刻官方的文書 (D)動員民力以對抗外族,xuece-hist-111-16
分科測驗,xuece-hist,111,歷史 17,歷史,中古騎士戰爭,B,R,S1,T1,H1,騎士武勇決定勝負：中古的騎士戰爭,史書描述某時期常見的戰爭型態：參與戰鬥者，倚靠的是騎士的武勇與出眾的戰技。他不 會有突然被遠處的槍枝射殺的危險，而支配他的命運的，也不是在遠處發號司令的人。相 反的，他可能遭敵人一下猛擊，就從梯子上滾落，而指揮的將領，可能就在他身旁並肩作 戰。此時期的戰爭型態主要是： (A)古希臘時期的步兵之戰 (B)中世紀面對面的肉搏戰 (C)十七世紀火砲攻城之戰 (D)二十世紀毀滅性總體戰,xuece-hist-111-17
分科測驗,xuece-hist,111,歷史 18,歷史,荷鄭時期的臺灣,A,R,S1,T1,H1,首次出現有規模的漢人社會、糖米經濟：荷鄭時期,以下是對臺灣史上某一時期的描述：一、臺灣第一次出現具有規模的漢人社會；二、開始 發展以糖、米為主的農業經濟，外銷海外；三、利用臺灣優越地理位置發展轉口貿易。此 一時期應是： (A)荷蘭時期 (B)鄭氏時期 (C)清朝時期 (D)日本時期,xuece-hist-111-18
分科測驗,xuece-hist,111,歷史 19,歷史,北宋繪畫,D,R,S1,T3,H4,細緻觀察自然：北宋繪畫的寫實風格,北宋繪畫具有寫實主義的風格，代表作如「清明上河圖」。藝術史家解釋：北宋畫家細緻 觀察岩石表面的紋路、花鳥造型及河中船隻結構，顯示當時畫家對於視覺世界有敏銳的觀 察與深刻的體會。這位史家主張，北宋畫家對「視覺世界」的敏銳觀察可在當時的思潮中 找到思想根源。此一思想根源為何？ (A)古文運動，回歸「文以載道」傳統 (B)禪宗傳播，主張「明心見性」觀念 (C)道家流行，宣揚「道法自然」思想 (D)理學興起，提倡「格物致知」精神,xuece-hist-111-19
分科測驗,xuece-hist,111,歷史 20,歷史,羅馬人眼中的基督徒,B,D,S1,T4,H5,比較兩則資料：羅馬人眼中的基督徒,以下兩則資料談及羅馬人對於基督徒的看法： 資料甲：西元二世紀，羅馬作家菲利克斯寫道：一批賤民攻擊諸神……，這些人或者是無 知的底層賤民，或者是從來就輕信的婦女。他們蔑視神殿、對神像啐唾沫，譏諷 我們拜神的儀式，不把祭司放在眼裡。 資料乙：西元四世紀皇帝迦萊里説：「我們的責任是依循羅馬古代法律和公共秩序，來 糾正和重建一切。我們尤其希望喚醒那班基督徒……他們拋棄祖宗所創宗教和 典禮，蔑視古代習俗，杜撰荒唐法律和學說。」 這兩則資料共同反映羅馬人敵視基督徒的主要原因是： (A)賦,xuece-hist-111-20
分科測驗,xuece-hist,111,歷史 21,歷史,史書音譯異族姓名,B,R,S1,T3,H4,入主中原的異族王朝，史書用欠佳的字音譯,某朝代史家修撰史書，出現這種情況：書中常以文意欠佳的漢字，音譯異族姓名。究其故， 除了這些王朝入主中原時，未盡通曉漢文，而致誤用同音字外，更有史官刻意借不雅文字， 暗中詆毀當朝統治者，例如「蒙古」一詞，刻意音譯成「朦骨、盲骨」。這種情況常見於哪 一種史書？ (A)宋代修的唐史 (B)元代修的金史 (C)清代修的明史 (D)民國修的清史,xuece-hist-111-21
分科測驗,xuece-hist,111,歷史 22,歷史,美國對日政策轉變,C,R,S1,T3,H4,冷戰興起，美國改為扶植日本經濟,二次世界大戰結束後，美國計畫根除日本再度發動戰爭的能力，也認為日本的生活水準不 應高於被其侵略的國家，因此並未計畫協助日本復興。後來，美國改變政策，不但釋放戰 犯，協助日本重建經濟，還要求日本成立「自衛隊」。美國改變政策的關鍵是： (A)中國主張「以德報怨」，應對日寬大 (B)盟軍統帥麥克阿瑟個人同情日本人民 (C)冷戰開始，扶植日本以防堵共黨擴張 (D)越戰發生，發展日本經濟以補給美軍,xuece-hist-111-22
分科測驗,xuece-hist,111,歷史 23,歷史,王莽王田,A,R,S1,T1,H1,土地收歸國有、一夫百畝：王莽的王田,王莽建立政權後，為示民寬政，隨即頒布命令，將土地收歸國有，並按一夫百畝、八家為 井的古制重新分配，稱為「王田」。家中男子不足八口卻占田土一井者，須將多餘土地分 給族眾或鄰里。這些作法的主要目的是： (A)抑制貧富懸殊 (B)獎勵農業生產 (C)爭取奴婢人權 (D)追求稅賦公平,xuece-hist-111-23
分科測驗,xuece-hist,111,歷史 24,歷史,浪漫主義,C,R,S1,T7,H8,重新喜歡中世紀與宗教熱情：浪漫主義,某位法國文人觀察：「近年來，我們又開始喜歡中世紀；我們打心底敬仰當時的宗教熱情。 在啟蒙哲士伏爾泰眼中，這種信仰只是一種粗鄙的迷信。……我們喜愛……游俠的英勇冒 險；在伏爾泰眼中，這不過是……蠻族粗鄙風俗的殘存。」這位文人所處時代最可能是： (A)文藝復興時代、人文主義興起 (B)十八世紀中葉、理性主義盛行 (C)十九世紀上半、浪漫主義當道 (D)十九世紀後半、國族主義勃興,xuece-hist-111-24
分科測驗,xuece-hist,111,歷史 25,歷史,日治婚俗改革,C,R,S1,T1,H1,不收聘金、簡化儀式：1920 年代的婚俗改革,1920年代，一位臺灣女性在喜帖上申明：不用聘金、不用賀禮、不注重一切形式。《臺灣民 報》推崇這是「前所未有的聲明」、「新時代男女結婚的參考」。這位女性的作法反映： (A)總督府實施「內地延長主義」，要求婚禮符合日本習俗 (B)一次大戰後，臺灣生活清苦，結婚不用聘金、不收賀禮 (C)受到時代思潮的影響，臺灣女性開始實踐婦女解放主張 (D)戰爭導致人口減少，鼓勵女性結婚生子，增進人口成長,xuece-hist-111-25
分科測驗,xuece-hist,111,歷史 26,歷史,一戰毒氣戰,D,D,S4,T1,H3,一戰新科技武器：毒氣戰,一次世界大戰期間，一位畫家親臨法國北部戰場，目 睹士兵受傷的慘狀，描繪了當時新科技戰爭的震撼圖 像，如圖2。這是戰爭史上第一次出現這種戰場傷害。 從受傷狀況判斷，士兵應是遭到敵軍何種攻擊？ (A)飛機轟炸 (B)坦克碾壓 (C)機槍掃射 (D)毒氣施放 圖2,xuece-hist-111-26
分科測驗,xuece-hist,111,歷史 27,歷史,曼德拉與種族隔離,A,E,S1,T2,H8,曼德拉指控種族隔離的制度性壓迫,我們應如何理解曼德拉的作為？ (A)他指控制度性的隔離政策造成對黑人的壓迫 (B)他在效法甘地作法，以不合作運動進行抗爭 (C)他呼籲循法律途徑，推動體制內的改革運動 (D)他積極鼓吹南非的窮人，發動無產階級革命,xuece-hist-111-27
分科測驗,xuece-hist,111,歷史 28,歷史,美國民權運動,C,R,S1,T1,H1,1960 年代同樣有種族問題：美國民權運動,在1960年代，南非之外，哪個地區也出現性質相似的社會矛盾？ (A)印度 (B)英國 (C)美國 (D)伊朗,xuece-hist-111-28
分科測驗,xuece-hist,111,歷史 29,歷史,廣州十三行,D,D,S4,T1,H3,外商依國籍設貨棧、懸國旗：廣州十三行,圖中的港口最可能是： (A)巴達維亞 (B)馬尼拉 (C)長崎 圖3 (D)廣州,xuece-hist-111-29
分科測驗,xuece-hist,111,歷史 30,歷史,天朝的貿易觀,A,R,S1,T3,H4,劃區限制外商：天朝視通商為恩賜,該國政府在海口劃定通商特區，並對外商活動設下限制，反映該國對外商前來貿易時，所 持想法為何？ (A)通商並不是一種互惠，而是施惠於人 (B)外人經商只是幌子，目的是領土擴張 (C)擔心外商挾著船堅砲利，恐顛覆政權 (D)限制貿易地點，目的是防堵白銀外流,xuece-hist-111-30
分科測驗,xuece-hist,111,歷史 31,歷史,臺灣考古與貿易瓷,AD,D,S1,T4,H2,多選：臺灣考古出土的貿易瓷,學生在進行專題討論時，閱讀到以下兩則臺灣考古報告： 資料甲：從陶瓷組合觀察，大坌坑遺址出土的十二和十三世紀貿易瓷器組，幾乎與日本九 州南面的奄美大島，以及九州福岡的博多遺址出土者一致。 資料乙：除臺灣北海岸以外，近年來在西海岸也都發現有少量宋元時期的瓷器，例如臺中 清水中社遺址發現浙江越窯青瓷、彰化菜園角遺址發現青瓷、臺南西寮遺址發現 福建窯青瓷。 根據這兩則資料，可以得出下列哪些可能性的推論？ (A)史前臺灣的人群已經與外界發生了互動的關係 (B)大坌坑文化的人群已經可以自,xuece-hist-111-31
分科測驗,xuece-hist,111,歷史 32,歷史,古代法律（十二表法）,AD,D,S1,T4,H5,多選：比較兩則古代法律形成的資料,以下是兩則古代法律形成的資料： 資料甲：公元前五世紀中葉，經過平民長期抗爭，羅馬元老院接受公民大會決議，整理羅 馬法律，刻在銅板上，公諸社會，是為《十二表法》。《十二表法》以明文規範， 保護公民的私有財產和相關權利，也限制貴族的若干權力。 資料乙：公元前六世紀後半，鄭國小國寡民，在齊、秦、晉、楚等大國夾縫中求生存。官 員子產為保護平民，以維繫國家勞動力，決定將法令形諸文字，鑄於鼎上，公布 於民，以保障其權益。 比較上述兩則資料，選出正確選項： (A)兩者的共同特色，乃是法律的,xuece-hist-111-32
分科測驗,xuece-hist,111,歷史 33,歷史,印度洋劫船事件,BDE,D,S1,T4,H5,多選：印度洋劫船事件的比較,1610年代，印度蒙兀兒王室所屬商船「拉希米號」，在印度洋兩度遭歐洲人劫持： 事件一：1612 年4 月，英格蘭東印度公司船隊劫持「拉希米號」，勒索4000 英鎊贖金。 蒙兀兒皇帝對東印度公司進行制裁，責令英格蘭人歸還，否則禁止其在境內蘇拉 特經商。東印度公司衡量利弊，不久即屈從皇帝的要求。 事件二：1613 年，「拉希米號」商船又被葡萄牙人劫持，蒙兀兒皇帝大怒，派兵攻打葡萄 牙在蒙兀兒帝國境內的商業據點。葡萄牙人審度得失，決定交還「拉希米號」。 我們應如何詮釋蒙兀兒帝國的處,xuece-hist-111-33
分科測驗,xuece-hist,111,歷史 34,歷史,宗教改革大事紀,CD,R,S1,T1,H1,多選：宗教改革的大事先後,某史家討論「馬丁路德與宗教改革」問題時，列出以下大事紀： 一、胡斯（1370?-1415）：捷克地區的教士，他否定教宗權威，反對教會販售贖罪券。 二、金碧士（1380?-1471）：尼德蘭宗教作家，著有《仿效基督》，主張個人靈魂可以追 求神聖，並與上帝交流。 三、伊拉斯莫斯（1466-1536）：基督教人文主義者，以諷刺手法，批評教會腐敗、教士濫 權而出名。 四、馬丁路德（1483-1546）：日耳曼修士，也是威登堡大學教授。1517 年發表〈九十五 條論綱〉，反對贖罪券，後,xuece-hist-111-34
分科測驗,xuece-hist,111,歷史 35,歷史,伊能嘉矩教科書綱要,B,D,S1,T2,H8,以時序排列編寫教科書,從上述綱要看，伊能嘉矩主要採用哪種編纂策略來書寫歷史教科書？ (A)人物敘事 (B)時序排列 (C)政經專題 (D)全球視角,xuece-hist-111-35
分科測驗,xuece-hist,111,歷史 36,歷史,非選：濱田彌兵衛事件,非選,D,S1,T0,H2,非選：濱田彌兵衛事件的起因,荷蘭占領臺灣期間，曾有日本商人濱田彌兵衛因不願向荷蘭繳納關稅，而爆發衝突。請依 據上述資料，說明日本商人何以不願向荷蘭繳稅？（2分）,xuece-hist-111-36
分科測驗,xuece-hist,111,歷史 37,歷史,非選：清治的負面評價,非選,E,S1,T0,H6,非選：找出綱要中對清治的負面評價,伊能嘉矩所擬的教科書綱要，對清朝治臺顯然抱持負面評價。請從上述綱要找出兩則條目 為證據，並舉歷史事例來說明。（4分）,xuece-hist-111-37
分科測驗,xuece-hist,111,歷史 38,歷史,唐代外國僧人,D,R,S1,T7,H8,唐代日本、朝鮮僧人來華：佛教,從三首詩內容推測，詩中人物所屬宗教最可能是： (A)祅教 (B)景教 (C)道教 (D)佛教,xuece-hist-111-38
分科測驗,xuece-hist,111,歷史 39,歷史,非選：來華目的,非選,D,S1,T0,H4,非選：外國僧人來華求法,資料甲和資料乙所述之外國宗教人士，其旅居中國的目的為何？（2分）,xuece-hist-111-39
分科測驗,xuece-hist,111,歷史 40,歷史,非選：入華路徑,非選,D,S1,T0,H2,非選：由詩句判斷海路與陸路,根據三首詩的描述，當時外國人士入華有哪兩種主要路徑？請就上述資料指出證據。（4分）,xuece-hist-111-40
分科測驗,xuece-hist,111,歷史 41,歷史,法國大革命的政體,C,R,S1,T2,H8,行政權授予國王、立法權在議會：君主立憲,根據上述條款，法國大革命初期要建立的政體應是： (A)專制君主制，且國王擁有絕對的權力 (B)專制君主制，但國王權力受法律約束 (C)立憲君主制，但國王仍保有實質權力 (D)立憲君主制，且國王只是虛位的元首,xuece-hist-111-41
分科測驗,xuece-hist,111,歷史 42,歷史,非選：英國政體典範,非選,R,S1,T0,H2,非選：以英國的君主立憲為典範,法國制憲國民會議採取這種政體，應是以當時歐洲哪個國家的政體作典範？（2分）,xuece-hist-111-42
分科測驗,xuece-hist,111,歷史 43,歷史,非選：孟德斯鳩的影響,非選,R,S1,T0,H4,非選：三權分立受孟德斯鳩影響,史家主張，這部憲法的制定明顯受到啟蒙哲士孟德斯鳩學說的影響。請根據上述資料，舉 出證據並加以說明。（2分）,xuece-hist-111-43
分科測驗,xuece-hist,111,歷史 44,歷史,北約,D,R,S1,T1,H1,韓戰後強化的防禦組織：北約,三則資料的「A組織」是指： (A)聯合國 (B)歐洲聯盟 (C)華沙公約組織 (D)北大西洋公約組織,xuece-hist-111-44
分科測驗,xuece-hist,111,歷史 45,歷史,非選：美國在西歐的軍事作為,非選,D,S1,T0,H2,非選：美國在西歐增兵、設統一指揮,綜合資料甲和乙的陳述，韓戰爆發後，美國在西歐有哪些具體的軍事作為？請舉兩例來說 明。（2分）,xuece-hist-111-45
分科測驗,xuece-hist,111,歷史 46,歷史,非選：反對德國再武裝,非選,R,S1,T0,H2,非選：擔心德國再武裝，重演戰爭,資料丙提到不少人因擔憂而反對此提議，請說明其原因。（2分）,xuece-hist-111-46
分科測驗,xuece-hist,112,歷史 1,歷史,金瓜石戰俘營,B,R,S1,T1,H1,二戰時日本在臺灣設戰俘營，關押盟軍,新北市金瓜石的國際終戰和平紀念園區，立有一面紀念牆，上面刻有第二次世界大戰時拘 留在此的盟軍戰俘姓名與國籍。這些戰俘中，許多是紐西蘭及加拿大軍人。他們的國家並 未遭到日軍攻擊，卻仍參戰，其原因為何？ (A)受雇到海外作戰的傭兵 (B)由大英國協動員的軍隊 (C)反法西斯主義的志願軍 (D)聯合國維和部隊的成員,xuece-hist-112-1
分科測驗,xuece-hist,112,歷史 2,歷史,隋代運河,B,R,S1,T1,H1,西通河洛、南達江淮：隋代運河,一部古代地理書描述某項大型公共工程：「西通河洛，南達江淮」，而中國東南地區「運漕 商旅，往來不絕」。現代學者引此來論證交通建設對國家之盛衰，地方之開發與民生之調 濟等，發揮莫大作用。上述地理書所指公共工程應是： (A)秦漢的馳道 (B)隋唐的運河 (C)宋元的港埠 (D)明清的驛站,xuece-hist-112-2
分科測驗,xuece-hist,112,歷史 3,歷史,耶穌會在印度,D,R,S1,T1,H1,打扮成苦行僧：耶穌會在印度的適應策略,1604年，義大利籍耶穌會士諾比利抵達南亞某國。在傳教過程中，他打扮成當地苦行僧的 模樣，仿效其舉止。他學會一些當地語言，並以之撰寫書籍來詮釋基督教。他盡可能尊重 當地風俗，允許保留當地社會的習慣，如：束髮、裹紗、額記、淨禮等。諾比利這些作為 最可能的目的為何？ (A)執行羅馬教廷的傳教指示 (B)利用當地信仰詮釋基督教 (C)嚮往當地社會的風俗習慣 (D)吸收信徒的一種適應措施,xuece-hist-112-3
分科測驗,xuece-hist,112,歷史 4,歷史,民國的中醫史觀,C,E,S1,T2,H8,以科學整理國故、復興民族：民國的中醫史觀,一部中國醫學史的作者說明其撰書動機：本書目的在宣揚文化、提倡科學、整理國故、復 興民族；由神祇的醫學進而為實驗的醫學，由玄學的醫學進而為科學的醫學。依據上述， 可以推斷這部書最早的寫作年代可能在： (A)1860年代，自強運動時期 (B)1900年代，戊戌變法之後 (C)1930年代，五四運動之後 (D)1960年代，文化大革命時,xuece-hist-112-4
分科測驗,xuece-hist,112,歷史 5,歷史,清代寺廟與社會整合,A,R,S1,T3,H4,寺廟祭祀圈整合不同祖籍的移民,清代臺灣不同祖籍的移民之間常有對立，但有學者認為清中葉以後，臺灣鄉村的「某種場 所」負擔起整合鄉莊社會的任務，使臺灣漢人社會從傳統的祖籍分類意識中解放出來，在 新的移民環境建立新的社會秩序。以下哪種場所符合這位學者的主張？ (A)寺廟，移民透過共同信仰彼此認同 (B)縣衙，移民透過司法形成公民社會 (C)會館，移民透過同鄉組織互助合作 (D)書院，透過國民教育形成國家認同,xuece-hist-112-5
分科測驗,xuece-hist,112,歷史 6,歷史,廣州貿易英語教材,C,D,S4,T1,H3,英語詞條為主的教材：廣州貿易的洋涇浜英語,右圖是1835年某地出版的一本語言教材，收錄有372個常用詞條，大多數來自英語，少數 來自葡萄牙語、瑞典語、馬來語和印度語。這本書最可能 是供何地的商人學習外語之用？ (A)淡水 (B)上海 (C)廣州 (D)廈門,xuece-hist-112-6
分科測驗,xuece-hist,112,歷史 7,歷史,古希臘宗教,A,R,S1,T7,H8,向眾神祭祀、請求庇佑：古希臘宗教,以下是一段有關古代希臘宗教的敘述：希臘人崇拜眾多神祇，他們向神尋求支持與忠告。 為了獲得諸神庇佑，他們經常以動物或農產品來祭祀，深信「我敬獻神，神也會回報予我」。 另一方面，宗教和城邦的政治生活息息相關，城邦許多節慶源自宗教習俗，而參與祭祀活 動強化了公民對城邦的認同感。根據前述，古希臘宗教的特色為： (A)兼具公共性和功利性 (B)強調單一神祇的信仰 (C)具有嚴密的宗教組織 (D)以個人的救贖為目的,xuece-hist-112-7
分科測驗,xuece-hist,112,歷史 8,歷史,抵制蔗糖與廢奴,D,R,S1,T3,H4,抵制奴隸生產的蔗糖：廢奴運動,十八世紀末期，有些英國消費者在了解自己可能成為跨大西洋奴隸貿易的幫兇後，發起抵 制購買某種商品的運動，間接成為廢除奴隸買賣的推手。這項商品最可能是： (A)稻米 (B)茶葉 (C)香料 (D)蔗糖,xuece-hist-112-8
分科測驗,xuece-hist,112,歷史 9,歷史,戰時經濟統制,C,R,S1,T1,H1,貿易統制、生產力擴充：戰時經濟統制,某一時期，臺灣總督府實施「輸出入品等臨時措置法」，進行統一管理貿易；其後，為實現 「生產力擴充五年計畫」，又嚴格管制臺灣的鋼鐵、機械、輕金屬等的製造、販賣。臺灣總 督府祭出這些政策的主要目的應是： (A)防止臺灣人的武裝抗日活動，減少其武器供應 (B)避免臺灣工業化後與日本競爭，故控制其生產 (C)因應中日戰爭爆發，實施戰時體制的物資管制 (D)致力臺灣資本主義的開發，促進殖民地現代化,xuece-hist-112-9
分科測驗,xuece-hist,112,歷史 10,歷史,明末肖像畫,D,D,S4,T1,H3,面容逼真、性格突出：明末的肖像畫,右圖是一幅明末的人像畫。這派畫家描繪人物的面容，個個躍然紙上，性格突出，儀態逼 真。他們對疏朗鬚髮的處理，面痣、雀斑質感的描繪刻畫入微；對老 人的龍鍾老態、雞皮鶴髮，更描寫得栩栩如生。這種畫法和傳統文人 畫以簡單寫意和勾勒線條為主的特色不同。這種轉變形成的背景為 何？ (A)考證學風興起，講求實事求是 (B)命相風氣流行，重視面容細節 (C)商業社會出現，瀰漫現實精神 (D)西洋畫風影響，展現寫實技巧,xuece-hist-112-10
分科測驗,xuece-hist,112,歷史 11,歷史,1980 年代香港,A,R,S1,T1,H1,金融與證券交易中心：1980 年代香港,1980年代香港發展為重要金融及證券交易中心，證券經紀人、保險掮客、商人與銀行家在 此聚集。他們十分活躍，與世界各地聯繫密切，討論匯率、指數等問題。這種情況與下列 何者最相關？ (A)中國改革開放，需透過香港取得資金 (B)倫敦經濟蕭條，金融中心轉移至香港 (C)九七大限將至，英國政府欲改造香港 (D)美中關係緊張，商人將資金撤往香港,xuece-hist-112-11
分科測驗,xuece-hist,112,歷史 12,歷史,清末樟腦糾紛,C,D,S1,T4,H2,淡水英國領事的報告：清末樟腦糾紛,歷史課堂上，老師要求學生以「某一場衝突」為主題作報告，學生根據探究主題找到兩則 資料，都是淡水英國領事館周知在臺英國僑民的通告： 通告一：清朝官員同意重開基隆煤務局，但該官員表示，依目前基隆的情勢，可能無法立 即開始採礦作業。 通告二：本館頃接臺北同知諭令，希望勒束英僑，暫時勿到鄉下旅行，以策安全。 從兩則資料內容判斷，「某一場衝突」最可能是指： (A)鴉片戰爭 (B)英法聯軍 (C)中法戰爭 (D)甲午戰爭,xuece-hist-112-12
分科測驗,xuece-hist,112,歷史 13,歷史,馬來亞華人,A,R,S1,T7,H8,華人移入、種植橡膠：英屬馬來亞,學者描述某地區的歷史與人口結構發展：該地見證了華人的快速遷入。華人不見得都在礦 場或都市生活，許多人種稻、種菜，或者經營小橡膠園。外來人中還有來自印度與斯里蘭 卡的勞工，他們或為契約工人，或者擔任公務人員；也有來自蘇門答臘與爪哇的移民，但 比不上華人與印度人的增加。依據你的歷史知識，某地區最可能是： (A)馬來半島 (B)澳大利亞 (C)美國加州 (D)非洲東部,xuece-hist-112-13
分科測驗,xuece-hist,112,歷史 14,歷史,二戰與英國女權,A,R,S1,T3,H4,二戰證明女性能取代男性工作，推動女權,一位歷史家討論第二次世界大戰對英國女權的影響：這次戰爭的經驗，證明女性在工作上 取代男性是完全可能，現代科技使得純粹運用體力從事工業方面的工作，不像過去那麼重 要。在此脈絡下，這位史家指出：如果說，第一次世界大戰結束時，婦女獲得權利的象徵 是 （甲） 。那麼，第二次世界大戰後，婦女爭取權利的象徵乃是 （乙） 。 (A)甲：投票權；乙：同工同酬權 (B)甲：離婚權；乙：子女撫養權 (C)甲：墮胎權；乙：身體自主權 (D)甲：工作權；乙：婦女參政權,xuece-hist-112-14
分科測驗,xuece-hist,112,歷史 15,歷史,神農信仰與日本,B,R,S1,T1,H1,神農信仰隨商人傳到日本,神農是古代中國傳說中的三皇五帝之一，中國人奉為農神及藥神。十二世紀以後，神農信 仰隨商人、移民傳至日本，並在十七到十九世紀的德川時代達到高峰。神農受到醫師、藥 商、儒者的崇信，以及幕府將軍、地方藩主的支持，甚至被日本社會視為神道神祇與佛教 菩薩的化身。以下哪一論述最適合說明上述的歷史變遷？ (A)文化對立與衝突 (B)文化互動與轉化 (C)文化壓迫與接納 (D)文化殖民與反饋,xuece-hist-112-15
分科測驗,xuece-hist,112,歷史 16,歷史,明代江南農業經營,A,R,S1,T3,H4,填土耕作、兼營果樹與養魚：明代江南的多角經營,一份明代中期江蘇的資料描述：湖鄉土地低窪，鄉人大多棄農而漁。譚姓兄弟填土耕作， 田地旁邊沿路種桃李果樹、汙澤地則種荸薺出售。他們購買數百個池塘養魚，池邊又養雞， 魚吃雞糞，長得肥美，待價而沽。譚家日漸富裕。這份資料可用於何種主題的研究？ (A)明代農村經濟與生態環境 (B)明代外來物種與移入擴散 (C)明代農民合作組織的調整 (D)明代土地賦役制度的改革,xuece-hist-112-16
分科測驗,xuece-hist,112,歷史 17,歷史,鄂圖曼帝國見聞,D,R,S1,T1,H1,沒有時鐘、以報時人員報時：鄂圖曼帝國,1554年，一位神聖羅馬帝國特使出使某地，途中報導見聞：「他們沒有時鐘標示時間…… 他們有一種報時人員，利用水鐘判斷時間。當天快破曉時，就從一座高塔放聲呼叫，為的 是敦促眾人前來祈禱，大老遠就聽得到。他們在日出和中午間重複這動作，中午再來一遍， 接下來是中午和日落之間，最後日落時再重複一次。」從報導內容判斷，這位特使最可能 是前往何處？ (A)巴黎 (B)馬德里 (C)威尼斯 (D)君士坦丁堡,xuece-hist-112-17
分科測驗,xuece-hist,112,歷史 18,歷史,計畫經濟票證,D,R,S1,T1,H1,發行各種票券控管物資：計畫經濟,某一時期，國家實施計畫經濟，介入經濟生產、資源分配與民生消費。政府發行各種票券， 以控管各種物資，如糧票、油票、布票、肉票、雞蛋票、鹽票等。消費者必須憑票至國營 商店購買所需貨品。這項政策延續數十年之久，其最可能是： (A)太平天國時期，主張財產公有 (B)中日戰爭期間，政府管制物資 (C)政府遷臺初期，實施配給制度 (D)中共政權成立，實行經濟統制,xuece-hist-112-18
分科測驗,xuece-hist,112,歷史 19,歷史,拜占庭聖像爭議,B,D,S1,T4,H2,支持與反對聖像的論點：拜占庭聖像爭議,從六世紀開始，拜占庭帝國境內出現有關「聖像」的爭論。反對聖像者斥之為偶像崇拜， 但支持者卻辯護說，那不是崇拜偶像，而是幫助不識字者了解基督教。然而，破壞聖像的 事例仍到處可見。730年時，拜占庭皇帝下令禁止使用聖像。此舉引發強烈抗議，羅馬教宗 也反對「聖像破壞」法令。我們應如何理解拜占庭帝國的聖像破壞運動？ (A)拜占庭帝國內，聖像使用爭議始於八世紀中葉 (B)拜占庭支持聖像者從功能性角度為聖像作辯護 (C)拜占庭帝國邀請羅馬教廷，裁斷內部宗教爭議 (D)羅馬教廷贊同偶像崇拜,xuece-hist-112-19
分科測驗,xuece-hist,112,歷史 20,歷史,唐代鄉里制度,B,R,S1,T1,H1,百戶為里、五里為鄉：唐代鄉里制度,某時期一份文書寫道：「百戶為里，五里為鄉，兩京及州縣之郭內分為坊，郊外為村」；「每 里置正一人，掌按比戶口，課植農桑，檢察非違，催驅賦役。在邑居者為坊，別置正一人， 掌坊門管鑰，督察姦非，並免其課役。」此文書的性質最可能是： (A)秦漢的田律 (B)隋唐的戶令 (C)宋元的稅法 (D)明清的鄉約,xuece-hist-112-20
分科測驗,xuece-hist,112,歷史 21,歷史,日本取得南洋群島,C,R,S1,T1,H1,一戰後日本取得德屬南洋群島,二次世界大戰爆發之前，日本已經取得太平洋幾個群島，並設官管理，許多日本人移居該 地。例如原來屬於德國的馬紹爾群島、加洛林群島等。日本取得上述島嶼的背景最可能是： (A)日本在牡丹社事件後，持續南進擴張勢力 (B)日俄戰爭後，俄國讓出太平洋的勢力範圍 (C)日本藉參加協約國陣營，占領德國殖民地 (D)日本為建立大東亞共榮圈，出兵南太平洋,xuece-hist-112-21
分科測驗,xuece-hist,112,歷史 22,歷史,普魯士兵工業,D,D,S1,T3,H4,工業化使兵工廠產能大增,一位史家說明：「十九世紀上半葉，普魯士一家最大的兵工廠需花費30年時間，才能生產 足夠的槍支，給當時普魯士陸軍的32萬名士兵使用。到了1860年代，一家法國兵工廠能在 短短四年內便生產出一百萬支槍。」此一變化來自： (A)商業革命，兵工廠開拓龐大的槍支貿易市場 (B)軍事革命，兵工廠接受的槍支訂單大量增加 (C)科學革命，兵工廠中對槍支品質的要求提升 (D)工業革命，兵工廠使用規格化機器製造槍支,xuece-hist-112-22
分科測驗,xuece-hist,112,歷史 23,歷史,理蕃沿革史,C,R,S1,T1,H1,從荷蘭到清代的理蕃政策：理蕃沿革史,臺灣總督府委託學者編纂某書，內容共計四篇：第一篇〈荷蘭人時代的理蕃政策〉、第二 篇〈西班牙人的對蕃行為〉、第三篇〈鄭氏時代的理蕃措施〉、第四篇〈清政府時代的理蕃 措施〉，其中第四篇內容幾占全書的九成。根據這些篇名判斷，此書編纂的目的最可能是： (A)探討漢民族在臺灣開拓的歷史脈絡 (B)分析漢人與臺灣原住民的族群關係 (C)提供殖民政府制訂原住民相關政策 (D)理解臺灣各族群的文化交流與異同,xuece-hist-112-23
分科測驗,xuece-hist,112,歷史 24,歷史,民族主義與奧地利,D,R,S1,T3,H4,依民族建立國家的主張威脅多民族的奧地利,1853年，哈布斯堡王朝的奧地利帝國外長憂心忡忡警告：「根據這個原則來建新國家的主 張，是所有烏托邦計畫中最危險的。」「提出這樣的主張就是要與歷史斷絕關係。在歐洲 任何地區實行，將動搖堅固而有組織的國家秩序之基礎，顛覆和混亂歐洲大陸。」當時， 這位外長擔心的是： (A)自由主義 (B)資本主義 (C)浪漫主義 (D)民族主義,xuece-hist-112-24
分科測驗,xuece-hist,112,歷史 25,歷史,荷蘭東印度公司在臺收益,B,D,S2,T3,H4,1646 年前獲利差：受鄭芝龍與明清戰亂影響,根據上表，1646年前荷蘭東印度公司在臺灣的獲利情況並不理想。當時，東印度公司的經 營遭遇哪個主要問題？ (A)沿岸缺乏港口的建設 (B)鄭芝龍的商業競爭 (C)島內漢人的強烈反抗 (D)公司本身人力不足,xuece-hist-112-25
分科測驗,xuece-hist,112,歷史 26,歷史,鹿皮與蔗糖貿易,A,D,S2,T3,H4,1646 年後貿易收入增加：鹿皮與蔗糖,上表顯示，1646年以後荷蘭東印度公司在臺灣的「貿易收入」大幅增加，最可能與下列何 者有關？ (A)鹿皮、蔗糖生產 (B)鄭氏集團的合作 (C)海外船隻的關稅 (D)抽收移民人頭稅,xuece-hist-112-26
分科測驗,xuece-hist,112,歷史 27,歷史,宋代進士分布,B,D,S2,T5,H5,南方進士增加：宋代,根據圖中不同地區第一期、第二期的進士人數比較，這張 圖反映的朝代是： (A)唐 (B)宋 (C)元 (D)清,xuece-hist-112-27
分科測驗,xuece-hist,112,歷史 28,歷史,經濟重心南移,A,D,S2,T3,H4,南方進士超越北方：經濟文化重心南移,比較圖中第一期和第二期虛線以北、以南的人數差異，可 以發現一個明顯趨勢。依據你的歷史知識，下列哪個概念 最足以解釋此發展趨勢？ (A)經濟重心的轉移 (B)政府政策的引導 (C)南北風土的差異 (D)科舉制度的改變 第一期進士人數,xuece-hist-112-28
分科測驗,xuece-hist,112,歷史 29,歷史,海權時代的變遷,C,R,S1,T1,H1,地中海、大西洋、太平洋時代,題幹文字中，甲、乙、丙時代各應指： (A)地中海、太平洋、大西洋 (B)地中海、印度洋、大西洋 (C)地中海、大西洋、太平洋 (D)印度洋、大西洋、太平洋,xuece-hist-112-29
分科測驗,xuece-hist,112,歷史 30,歷史,美西戰爭,B,R,S1,T3,H4,海權觀影響外交：美西戰爭取得海外據點,此一觀點影響到美國的外交政策，下列哪一事件最切合上述觀點的歷史發展脈絡？ (A)實踐門羅主義，禁止歐洲列強干涉美洲事務 (B)發動美西戰爭，打敗西班牙，以取得菲律賓 (C)參與第一次世界大戰，以阻止德國勢力擴大 (D)發動波斯灣戰爭，以控制波斯灣的石油供應,xuece-hist-112-30
分科測驗,xuece-hist,112,歷史 31,歷史,清末教會禮拜單,BD,D,S4,T4,H3,多選：禮拜單反映的教會活動與社會,1878年，臺南一所教會發行一份〈光緒四年 耶穌聖教堂臺灣禮拜單〉，右圖是其部分內 容。這份禮拜單除了宣揚教義，而受到教會 信徒重視外，還載有其他與日常生活相關 的訊息，因此連非教徒也相當喜愛。根據圖 示內容推斷，下列哪些選項正確？ (A)這一所教會的傳教士應該是來自加拿大 (B)當時來臺傳教士的傳教常結合醫療行為 (C)教會對漢人與原住民採不同的傳教方式 (D)禮拜單標注二十四節氣是在地化的表現 (E)禮拜單有光緒紀年代表這教會屬於官方,xuece-hist-112-31
分科測驗,xuece-hist,112,歷史 32,歷史,漢代通行文件,ABE,D,S1,T4,H2,多選：漢代通行文件的功能,兩漢時期，人民旅行時必須攜帶通行文件，證明已經完納賦役、未遭法庭傳喚、非屬在逃 罪犯，並交代旅行目的、交通工具。此外，尚須附上登錄旅行者姓名、縣里、爵級、年歲、 身高、所持物品等個人資料。文件先由旅行者所屬里的基層吏員驗證內容，再向鄉的主管 提出申請，鄉再呈報給縣。逐級審核通過後，發給旅行者，由旅行者所經官署一一查驗、 放行。根據這些敘述，漢帝國掌握人口動向仰賴的是： (A)分工嚴明的地方行政組織 (B)記錄詳實的官方文件資料 (C)人民對漢帝國的絕對忠誠 (D)廣泛佈建線民,xuece-hist-112-32
分科測驗,xuece-hist,112,歷史 33,歷史,中古城市自治,ACE,D,S1,T4,H2,多選：中古城市市民爭取自治,1127年，低地國根特城的市民向統治者威廉伯爵提出要求：「伯爵大人，如果您想公正對 待您的市民，就不該橫徵暴斂，敵視我們；相反，應保護、善待我們。但您違反法律，違 背誓言，未盡到免除捐稅、維持治安責任，未尊重市民的傳統權利。⋯⋯請您屈尊前往伊 普爾，讓我們雙方貴族、教士和人民代表，和平聚會，慎重考慮，公正裁決。若他們認為 您仍可任伯爵，我們也贊同；如果他們認為您不守法紀和承諾，不適合繼續擔任，就請讓 位，讓我們另尋合適的人選。」伯爵否決市民請求，雙方遂訴諸武力，市民取得最後的,xuece-hist-112-33
分科測驗,xuece-hist,112,歷史 34,歷史,伊斯蘭世界的分裂,BC,D,S1,T4,H2,多選：穆罕默德死後的繼承分裂,以下是兩位史家描述穆罕默德死後的伊斯蘭世界： 資料甲：「穆罕默德沒有指定繼任者，內部因繼任者問題出現極大分歧。另外，許多新近 接受伊斯蘭教的市鎮和貝都因部族都詆毀這一信仰，並重新宣布獨立，試圖擺脫 麥加的控制。」 資料乙：「先知去世後，穆斯林的領導者必須決定穆斯林共同體應採用何種模式。許多人 以為不需建立一個『國家』，因這種政體在阿拉伯史無前例。有些人認為，每個 部落團體應選出自己的宗教領袖……。又有些人認為穆罕默德原想要由姪子阿里 接任，……但他太年輕，經驗也不足，因此阿布,xuece-hist-112-34
分科測驗,xuece-hist,112,歷史 35,歷史,戒嚴時期的叛亂條例,B,R,S1,T1,H1,兩條例制定在戒嚴初期（1949–1950）,資料甲提到《懲治叛亂條例》和《戡亂時期檢肅匪諜條例》，這兩個條例制訂的時機為何？ (A)臺灣發生二二八事件，為了弭平亂事，使政府派兵有所依據 (B)冷戰初期，政府為對抗中共顛覆、壓制臺獨主張或政治異議 (C)舊金山對日和約期間，為了制止「臺灣地位未定論」的傳布 (D)臺美斷交後，國民黨為了鞏固政權，立法打擊黨外民主運動,xuece-hist-112-35
分科測驗,xuece-hist,112,歷史 36,歷史,非選：白色恐怖與紅帽子,非選,D,S1,T0,H2,非選：「紅帽子」指被指為共產黨,根據資料甲，1960年代有作家被扣上「紅帽子」。「紅帽子」指的是什麼？（2分）作家陳永 善何以會被扣上「紅帽子」？（2分）,xuece-hist-112-36
分科測驗,xuece-hist,112,歷史 37,歷史,非選：轉型正義,非選,E,S1,T0,H6,非選：依轉型正義條例撤銷有罪判決,根據資料乙，陳永善原本被判處10年徒刑，且已執行完畢，但政府在2019年撤銷其有罪的 判決。2019年，政府基於何種理由或理念，撤銷50年前陳永善的有罪判決？（2分）,xuece-hist-112-37
分科測驗,xuece-hist,112,歷史 38,歷史,古代的文化認同,C,E,S1,T2,H8,以文化區分我群：文化認同,結合上述資料設計一個小論文，最適合的論文題目是： (A)文明高低與地緣環境 (B)政治敵我與血統異同 (C)文化認同與族群意識 (D)經濟利害與禮俗傳統,xuece-hist-112-38
分科測驗,xuece-hist,112,歷史 39,歷史,非選：我群與他者,非選,D,S1,T0,H2,非選：以禮儀文化區分我群與他者,根據上述資料，春秋時期國際間區分「我群」與「他者」的標準為何？（2分）,xuece-hist-112-39
分科測驗,xuece-hist,112,歷史 40,歷史,非選：杞國與華夏,非選,D,S1,T0,H2,非選：杞國改用夷禮，被華夏各國輕視,根據上述資料，春秋時期以降，杞國和華夏各國的外交關係出現怎樣的變化？原因為何？ （4分）,xuece-hist-112-40
分科測驗,xuece-hist,112,歷史 41,歷史,非選：中古拉丁文,非選,D,S1,T0,H5,非選：中古拉丁文仍在使用與變化,根據上述資料，這位史家指出：拉丁文在中古時期仍是一種「活語文」。他的理由為何？（2分）,xuece-hist-112-41
分科測驗,xuece-hist,112,歷史 42,歷史,非選：人文學者的死工作,非選,D,S1,T0,H2,非選：人文學者模仿古典拉丁文,資料乙所說，文藝復興人文學者從事的「死工作」，所指為何？（2分）,xuece-hist-112-42
分科測驗,xuece-hist,112,歷史 43,歷史,非選：拉丁文的衰落,非選,R,S1,T0,H2,非選：追求古典使拉丁文僵化,這位史家主張：拉丁文後來成為一種「死文字」，文藝復興人文學者難辭其咎，其立論依據 為何？（2分）,xuece-hist-112-43
分科測驗,xuece-hist,112,歷史 44,歷史,古巴危機,C,R,S1,T1,H1,1962 年十月美蘇對峙：古巴危機,從內容判斷，這兩則資料涉及的事件應是： (A)柏林封鎖 (B)韓戰爆發 (C)古巴危機 (D)以阿衝突,xuece-hist-112-44
分科測驗,xuece-hist,112,歷史 45,歷史,非選：古巴危機的導因,非選,R,S1,T0,H2,非選：蘇聯在古巴部署飛彈,此一事件的導因為何？（2分）,xuece-hist-112-45
分科測驗,xuece-hist,112,歷史 46,歷史,非選：美蘇人士的判斷,非選,D,S1,T0,H2,非選：雙方都擔心爆發核戰,根據資料甲和資料乙，美、蘇某些人士對當時局勢的發展有何共同看法或判斷？（2分）,xuece-hist-112-46
分科測驗,xuece-hist,113,歷史 1,歷史,日治臺灣的產業,D,R,S1,T1,H1,福建考察鐵道、林業等產業：日治臺灣,1935年福建省政府出版考察報告指出：查「某地」足為福建省振興產業之參考，考察項目： 鐵道建設、教育、林業、水利灌溉、稻米、甘蔗、茶葉、鴉片取締與專賣等。報告中 「某地」應是： (A)朝鮮 (B)沖繩 (C)印尼 (D)臺灣,xuece-hist-113-1
分科測驗,xuece-hist,113,歷史 2,歷史,交通史研究,A,R,S1,T3,H4,隋唐後交通由兵部掌管，反映軍事需要,研究中國史的學者指出：交通事務關涉廣泛，在隋唐以後政府的分職上，常視為兵部的 業務，由兵部掌管。直到近代，交通才獨立為一個專業部門；而史學研究上，則把交通史 歸入經濟史的一環。由此觀之，隋唐以後的政府比較看重交通的哪種功能？ (A)國防治安與政治控制 (B)物資運輸與經濟調節 (C)統一文化與齊整風俗 (D)國際互動與人民往來,xuece-hist-113-2
分科測驗,xuece-hist,113,歷史 3,歷史,查理曼文藝復興,A,R,S1,T1,H1,宮廷學者群集、推展文化：查理曼文藝復興,西元九世紀初，法蘭克國王查理曼創建了一個涵蓋西歐的帝國。查理曼推展基督教和文化， 他的宮廷學者群集，學術昌盛，帶來了一次文藝復興。學者指出：查理曼推動文藝復興， 留下許多珍貴的古代文獻抄本。當時，傳抄與保存這些古抄本，主要是倚靠哪個機構？ (A)修道院 (B)宮廷 (C)大學 (D)教堂,xuece-hist-113-3
分科測驗,xuece-hist,113,歷史 4,歷史,清末護照與人群移動,B,D,S4,T1,H3,大清國發給孩童的護照：清末人群移動,歷史課討論「人群移動」主題，老師提供一份光緒年間 大清國發給七歲孩童劉○○的部分護照資料，如圖1。同學 大 清 們針對此資料發表意見： 貌 日 日 廈 發 國 計 等 本 本 門 給 福 甲生：清朝統治臺灣後曾頒布「渡臺禁令」，必須持有 眼 住 姓 項 地 國 搭 護 開 建 色 址 名 列 方 臺 坐 照 圖中護照才能來臺灣 泉 後 官 灣 事 州 光 坊 劉 乙生：護照提到「道卡斯族」，這是漢人跨越土牛線到 廳 福 茲 廈 明 橋 ○ 驗 臺 爾 有 門 原住民區域的通行,xuece-hist-113-4
分科測驗,xuece-hist,113,歷史 5,歷史,泉州泰米爾石碑,D,D,S1,T1,H1,泰米爾文濕婆神石碑：泉州的印度商人,學者在福建泉州發現一塊以印度南部泰米爾文刻的石碑，內容：「向莊嚴的濕婆神致敬。 願此地繁榮昌盛。時在釋迦曆1203年哲帝萊月（西元1281年4月），港主為感謝察合臺大汗 御賜商業執照，特建寺廟，敬奉神靈入坐，並願吉祥的大汗幸福昌盛。」這一碑文可用於 研究何種主題？ (A)唐帝國的東西文化交流 (B)伊斯蘭教致力傳播教義 (C)印度的君主向中國朝貢 (D)蒙古帝國在亞洲的擴張,xuece-hist-113-5
分科測驗,xuece-hist,113,歷史 6,歷史,荷英在亞洲的消長,B,R,S1,T3,H4,英國取代荷蘭主導亞洲貿易,十八世紀以後，荷蘭東印度公司逐漸失去在東南亞的貿易主導權，英國則擴大在亞洲的貿易 規模。這種變化與下列何者有關？ (A)中國積極扶植華商，壓縮荷蘭的貿易空間 (B)英國失去北美洲殖民地後，重心轉向亞洲 (C)荷蘭擴大美洲投資，降低對東南亞的倚賴 (D)日本實施鎖國，荷蘭喪失東亞的貿易據點,xuece-hist-113-6
分科測驗,xuece-hist,113,歷史 7,歷史,施琅與臺灣棄留,C,R,S1,T3,H4,施琅主張保留臺灣、移兵防守,施琅曾上奏朝廷，呼籲：「（今）海氛既靖，內地溢設之官兵，盡可陸續汰減，以之分防臺灣、 名，足以固守，又無添兵增餉之費。」從上文語氣，施琅的呼籲，應是出現在哪一階段？ 澎湖兩處。臺灣設總兵一員……兵八千名；澎湖設水師副將一員，兵二千名。通共計兵一萬 (A)集結大軍，準備渡海攻臺 (B)攻占澎湖，鄭軍退守臺灣 (C)鄭氏甫降，臺灣棄留未定 (D)納入版圖，規劃治臺細節,xuece-hist-113-7
分科測驗,xuece-hist,113,歷史 8,歷史,解嚴前的黨禁,C,R,S1,T1,H1,呼籲開放黨禁：解嚴前,某個時期，臺灣許多知識分子呼籲開放黨禁。他們批評說：執政黨違逆世界民主潮流，策動 言論抨擊有意籌組新政黨的人士。執政黨卻辯稱，現在正值動員戡亂「非常時期」，不宜 另組新黨，以免「分散力量」。但我們想問「非常時期」已過了十幾年，究竟何時才終了？ 我們難道要一輩子「非常時期」下去？上述開放黨禁的主張，最可能出現在何時？ (A)1945年，中日戰爭終結，政府結束訓政，預備實施憲政 (B)1950年，韓戰爆發，知識界欲籌組新政黨，對抗共產黨 (C)1960年，自由派人士希望成立新政黨,xuece-hist-113-8
分科測驗,xuece-hist,113,歷史 9,歷史,英屬海峽殖民地,A,R,S1,T1,H1,必麒麟後來任職英屬海峽殖民地,1860年代，英國人必麒麟從福建到臺灣，在打狗海關、安平海關和英國商行任職七年。因 經歷豐富，又通曉華人方言，他在1877年應聘到「某地」出任首任「華民護民官」，負責 處理華人幫會的糾紛、查禁華人走私「苦力」貿易。文中「某地」最可能是今日何地？必麒麟 受僱於誰？ (A)新加坡；英國殖民政府 (B)廣州；兩廣總督 (C)香港；英國商行 (D)廈門；英國租界領事館,xuece-hist-113-9
分科測驗,xuece-hist,113,歷史 10,歷史,明清的災難信仰,A,D,S3,T5,H7,由廟宇分布判斷祭祀的災難種類,古人面對無法預期的災禍，往往祈求神祇以平息 災難。圖2是明清時期因某種災難而興建的廟宇 分布圖，黑點標示這種廟宇所在地。這種廟宇供奉 的神祇最可能是： (A)禳除蝗災的蝗神 (B)協助避疫的王爺 (C)布施醫藥的保生大帝 (D)護佑海上生活的媽祖 圖2,xuece-hist-113-10
分科測驗,xuece-hist,113,歷史 11,歷史,耶穌會與大學,B,R,S1,T3,H4,耶穌會以教育推動天主教改革,1550年，哈布斯堡皇室邀請耶穌會到奧地利成立分會，協助改革維也納大學。耶穌會領袖 羅耀拉致函皇帝：「要對付當前肆虐於德意志的惡，最好的辦法是求助於大學，它們以 模範的宗教生活與純正的公教教義引人向善。……陛下將在維也納成立耶穌會，天主保佑 這辦法能奏效。」文中「肆虐於德意志的惡」，指的最可能是： (A)黑死病大爆發，帶來社會危機 (B)宗教改革蔓延，造成社會分裂 (C)獵巫活動猖獗，導致社會不安 (D)政教衝突頻仍，破壞社會和諧,xuece-hist-113-11
分科測驗,xuece-hist,113,歷史 12,歷史,口傳與考古,D,E,S1,T2,H8,口傳神話要搭配考古才能印證,一位學者指出：關於族群歷史源流問題，以往經常使用口傳、神話來彌補文獻資料所不及； 然而這類資料只能視為是文化上的一種表現，不一定是客觀發生過的史實，考古發掘的 出土資料才是掌握關鍵的鑰匙。這位學者的論述支持： (A)口傳、神話足以重建族群的源流 (B)文獻是研究族群源流的唯一史料 (C)神話最能解釋族群源流的差異性 (D)物質證據能更具體反映族群源流,xuece-hist-113-12
分科測驗,xuece-hist,113,歷史 13,歷史,一戰德國作戰計畫,B,R,S1,T3,H4,德國先攻法國、再轉向俄國：兩面作戰計畫,第一次世界大戰前，德國軍方因應俄國與法國的結盟，設計一個兩面作戰計畫：由於法國 動員比俄國迅速，德國必須在六星期內，調動大部分軍力快速擊敗法國，僅留少數部隊 防備俄國。待擊敗法國後，即可火速將德軍東調，全力對付數量龐大但動員緩慢的俄軍。 這項作戰構想，是基於德國有快速的運兵能力，因其擁有： (A)現代化高速公路 (B)便捷的鐵路運輸 (C)快速的航空機隊 (D)龐大的海運船團,xuece-hist-113-13
分科測驗,xuece-hist,113,歷史 14,歷史,民國旗袍流行,A,R,S1,T1,H1,旗袍滿街：民國時期的流行,某一時期，有本雜誌寫到：旗袍已經滿街可見，這旗袍的流行真比學術教育的普及還傳得 快……現在為第一步的「革命」，先把旗袍的兩袖不要了，這是我國女國民一年來的第一 大事業。這段文字最可能反映哪個時代的氛圍？ (A)1920年代，新文化運動 (B)1940年代，新生活運動 (C)1960年代，文化大革命 (D)1980年代，性別平權運動,xuece-hist-113-14
分科測驗,xuece-hist,113,歷史 15,歷史,清末科舉廢除,A,R,S1,T3,H4,年近四十登科卻無出路：清末廢除科舉,一位山西讀書人在1914年寫的日記：予之幼時，即有萬里封侯之志，既冠而讀兵書……年 垂四十，身雖登科，終無機會風雲，不得已而舌耕度日。光緒季年，國家變法維新，吾道 將就漸滅；迄宣統三年，革命黨起，紛擾中華，國遂淪亡，予即無舌耕之地，困厄於鄉已 數年矣。從日記內容判斷，這位讀書人的政治立場最可能是： (A)認同清朝統治 (B)肯定維新變法 (C)支持廢除科舉 (D)歡迎共和制度,xuece-hist-113-15
分科測驗,xuece-hist,113,歷史 16,歷史,國共重慶談判,D,D,S1,T1,H1,毛澤東應召來渝：國共重慶談判,《總統蔣公（蔣中正）大事長編初稿》記載兩則資料： 資料甲、「正午會談，對毛澤東應召來渝（重慶）後之方針，決以誠摯待之。政治與軍事應整 個解決，但政治之要求，予以極度之寬容，而對軍事則嚴格之統一，不稍遷就。」 資料乙、「此時對共黨應以主動與之妥洽，准予整編共軍為十二個師，如其真能接受政令、 軍令，則政治上當準備委派共黨二人，並予以一省之主席，以觀後效。」 這兩則資料應是何時的記錄？ (A)1924年聯俄容共時期 (B)1927年國民黨清黨時 (C)1936年西安事變期間 (D),xuece-hist-113-16
分科測驗,xuece-hist,113,歷史 17,歷史,各國人均 GDP,C,D,S2,T5,H5,由人均 GDP 增長判斷各國工業化的時間,表1是1830-1970年，四個國家實質人均GDP增長表，以1960年美元價值為基準。依據近代 世界經濟發展史判斷，表中 表1 甲、乙、丙、丁四個國家先後 年代 1830 1860 1913 1929 1950 1960 1970 國家 順序應是： 240 345 775 900 995 1790 2705 甲國 (A)美國、英國、日本、西德 180 175 310 425 405 855 2130 乙國 (B)日本、西德、美國、英國 370 600 1070 1160 14,xuece-hist-113-17
分科測驗,xuece-hist,113,歷史 18,歷史,古代的戶口與兵役,A,R,S1,T3,H4,查核人口是為了兵役與稅收,這個社會的地方官員，每年須查核轄地人口狀況。除貴族、公務員、年老和殘疾者外，凡 居住城內，身高滿七尺，六十歲以下男子，平時須服勞役，戰時則入伍；凡居住城外， 身高滿六尺，六十五歲以下男子，平時須服勞役，但戰時無權當兵，只能擔任後勤工作。 地方官員通常由貴族出任，城內公共事務需徵求城內男子的意見才能作決策。這個社會 最可能是下列何者？ (A)春秋早期的城邦 (B)秦漢時期的郡縣 (C)北朝時期的塢堡 (D)中唐時期的藩鎮,xuece-hist-113-18
分科測驗,xuece-hist,113,歷史 19,歷史,美國捕鯨業,C,R,S1,T1,H1,《白鯨記》：十九世紀的捕鯨業,1851年美國作家梅爾維爾出版《白鯨記》，描寫捕鯨船在海上與鯨魚艱難的搏鬥場面。 這本書反映十九世紀美國和若干歐洲國家捕鯨業的榮景，但二十世紀後這個行業逐漸衰微。 關於捕鯨業的興衰，以下哪個敘述為是？ (A)歐美的捕鯨業是近代國家為控制海權而順帶產生的行業 (B)在現代畜牧業發展之前，鯨魚是歐美國家重要肉品來源 (C)獵捕鯨魚主要是為取鯨油，這是石油發展前的重要能源 (D)十九世紀捕鯨是為科學探究，後因環保觀念興起而蕭條,xuece-hist-113-19
分科測驗,xuece-hist,113,歷史 20,歷史,戰時日本排除英美文化,B,R,S1,T1,H1,禁英美音樂、爵士樂：太平洋戰爭時期的日本,某一時期，日本國家政策公然排除英美文化的影響，禁止英美音樂，要「消滅頹廢的爵士 樂」，還發動語言淨化運動，要改變日語中混雜西方語彙的現象。這最可能發生於何時？ (A)1920年代，日本經濟不景氣，發生抑美論 (B)1940年代，太平洋戰爭期間，鼓吹反美論 (C)1960年代，日本學生運動中，提出仇美論 (D)1980年代，日美貿易摩擦時，出現疑美論,xuece-hist-113-20
分科測驗,xuece-hist,113,歷史 21,歷史,布萊希特與史觀,D,E,S1,T2,H8,誰建造了底比斯：重視庶民的史觀,1930年代，德國作家布萊希特（1898-1956）以詩句表達對傳統史書的不滿：「誰建造了底比斯 的七門？／在書裡你會找到國王的名字。／國王難道搬得動大石頭？……每一頁都是 勝利，／誰為勝利者準備了酒宴？／每十年就出個偉人，／酒宴的帳單交由誰來交付？／ 記載越多，／問題就越多。」從詩句內容推斷，下列何者最能切合布萊希特對史書關注主體 的期待？ (A)敘述古希臘英雄遠征、冒險故事的《荷馬史詩》 (B)分析阻礙明末改革之結構因素的《萬曆十五年》 (C)討論塑造國王之偉大形象的《製,xuece-hist-113-21
分科測驗,xuece-hist,113,歷史 22,歷史,納粹食物配給,A,R,S1,T1,H1,「優良」公民才配給：納粹的種族政策,二次世界大戰期間，德國政府實施食物配給，從奶油、肉類到麵包與馬鈴薯，陸續管制。 甚至規定：「優良」公民可有較多配額；「次等」人民每天只能在下午四點以後的一小時內， 前往指定商店購買有限的商品，商品價格不但高出一成，且很多商品都已售完。當時德國 政府區分「優良」公民與「次等」人民，依據的標準為何？ (A)族裔 (B)性別 (C)教育程度 (D)經濟地位,xuece-hist-113-22
分科測驗,xuece-hist,113,歷史 23,歷史,亞洲音樂文化,B,R,S1,T6,H4,歐洲文化影響有限的地區音樂,一位史家考察某地區的音樂文化，指出：「儘管這個地區和西方世界已經往來好幾個世紀， 但歐洲文化的影響在音樂方面幾乎未留下任何痕跡。」又說：「直到今天，除了一些業已 西化的孤立地區之外，這個地區仍是國際知名大演奏家世界巡迴表演行程中的留白 處。……對這個地區大部分地方而言，西方音樂依然是極為異樣的外國產物。」這位史家 討論的地區最可能是： (A)拉丁美洲 (B)中東 (C)東亞 (D)東歐,xuece-hist-113-23
分科測驗,xuece-hist,113,歷史 24,歷史,明清土地契約,B,R,S1,T3,H4,契約詳載中人、代筆：保障土地交易,明清時期，民間買賣土地的契約必須詳載賣、買雙方、仲介的「中人」，及撰寫契約的 「代筆」的姓名，交易的標的、價格，註明土地範圍，並向官府呈報登記，由買方繳納 報官時的稅金。學者從以上資訊，主張明清時期有一項基礎，促成土地買賣可靠，而能 蓬勃發展。該基礎最可能是： (A)市場價格資訊公開透明 (B)政府積極管理交易活動 (C)民間風氣強調交易誠信 (D)仲介協助交易收費低廉,xuece-hist-113-24
分科測驗,xuece-hist,113,歷史 25,歷史,伊能嘉矩踏查目的,D,R,S1,T3,H4,總督府委託踏查，是為了統治需要,總督府委託伊能嘉矩進行全臺灣踏查，最主要目的應是： (A)純為對臺灣原住民族進行族群分類 (B)理解漢人與原住民族風俗習慣異同 (C)進行「蕃」地探險以調查土地產權 (D)瞭解「蕃」地實情以制訂治理政策,xuece-hist-113-25
分科測驗,xuece-hist,113,歷史 26,歷史,平埔族群踏查日記,D,D,S1,T4,H2,踏查日記可研究平埔族群的遷徙與處境,這段「踏查日記」的內容，可做為下列哪項研究的參考？ (A)清領時期臺灣分類械鬥 (B)臺灣開港後的社會變遷 (C)日治時期「蕃」地教育 (D)南臺灣平埔族群的東遷,xuece-hist-113-26
分科測驗,xuece-hist,113,歷史 27,歷史,三國史料排序,C,D,S1,T1,H1,依內容判斷三則資料的時間先後,三則資料的時間先後排序為何？ (A)甲、乙、丙 (B)甲、丙、乙 (C)乙、甲、丙 (D)丙、甲、乙,xuece-hist-113-27
分科測驗,xuece-hist,113,歷史 28,歷史,三國魏國的主張,C,R,S1,T1,H1,分命大將據險、數年後國力大盛：三國魏國,資料甲的主張最可能出自下列何人？ (A)春秋時期的齊國官員 (B)戰國時期的越國官員 (C)三國時期的魏國官員 (D)北宋時期的西夏官員,xuece-hist-113-28
分科測驗,xuece-hist,113,歷史 29,歷史,英國咖啡館,B,R,S1,T7,H8,便士大學：花一便士就能聽人議論的咖啡館,上文所說的「便士大學」最可能是指： (A)沙龍 (B)咖啡館 (C)俱樂部 (D)書店,xuece-hist-113-29
分科測驗,xuece-hist,113,歷史 30,歷史,市民社會的興起,C,R,S1,T3,H4,咖啡館議論時事：市民社會與公共領域興起,上述現象與當時英國的哪項發展最相關？ (A)光榮革命發生，平民獲得選舉權 (B)知性貴婦出現，形塑了社交生活 (C)工商業的發展，帶來了市民社會 (D)實施義務教育，提高人民識字率,xuece-hist-113-30
分科測驗,xuece-hist,113,歷史 31,歷史,檳榔與原住民,BD,D,S1,T4,H6,多選：比較兩則檳榔資料的觀點,以下是兩則關於「檳榔」的資料： 資料甲、2014 年10 月《聯合報》報導：衛生福利部食品藥物管理署網站描述檳榔，提到 「明朝時漢人移民臺灣，發現原住民嚼食檳榔塊，入境隨俗。」學者則指出： 漢人開始接觸檳榔可溯及漢武帝時期，距今超過兩千年，柳宗元、黃庭堅都是 愛好者。 資料乙、對臺灣原住民族而言，檳榔不僅是日常嚼食、強化認同的民族「食物」，也是 族人社交網絡中彼此餽贈的「禮物」、表達男女情愛的「信物」，和向祖靈獻祭 的必備「供物」。 根據上述資料與你的歷史知識判斷，下列敘述哪,xuece-hist-113-31
分科測驗,xuece-hist,113,歷史 32,歷史,世說新語與晉書,ABCD,D,S1,T4,H5,多選：比較世說新語與晉書的記載,《世說新語》是一部五世紀南朝的軼事集，收錄三國時吳地好勇鬥狠的周處，刺虎、殺蛟、 改過自新後，在晉朝仕宦的傳聞。後來唐人編撰《晉書》，便依《世說新語》編寫了周處 「除三害」的情節，還敘述周處求見江南大族陸機、陸雲兄弟，請教自新之道的經過。 但根據清朝學者考證，周處接近成年時，陸機兄弟尚未出生。根據上述資料，可以推斷： (A)周處除三害情節，可能是出之虛構 (B)虛構軼事之目的，是鼓勵改過自新 (C)求見二陸故事，反映社會重視門第 (D)史書可能因稽考不慎，而摻雜不實 (E)《,xuece-hist-113-32
分科測驗,xuece-hist,113,歷史 33,歷史,一戰英國與殖民地,CE,D,S1,T4,H2,多選：一戰時英國與殖民地的關係,以下兩則敘述，呈現第一次世界大戰時英國與殖民地的關係： 資料甲、1914 年，第一次世界大戰爆發後，英國各殖民地紛紛出兵為祖國作戰，加拿大 平時雖一再要求更多自治權，此時亦表現同仇敵愾精神。德國曾多方離間， 殖民地不為所動，出動數百萬人參戰，印度出兵達130 萬人。 資料乙、戰後，英國為酬庸殖民地在戰時的犧牲與貢獻，支持加拿大、紐西蘭、澳洲、 南非等殖民地派代表出席巴黎和會。國際聯盟成立時，這四個殖民地更以主權 國家地位成為會員國。 這兩段敘述呈現的英國與其殖民地的關係是： ,xuece-hist-113-33
分科測驗,xuece-hist,113,歷史 34,歷史,家庭電氣化與婦女,CDE,D,S1,T4,H4,多選：家庭電氣化對婦女家務的影響,1920年代，家用電器問世，深刻影響工業化地區的家庭生活。「家庭電氣化是否減少婦女 家庭勞動量？」此議題引起廣泛討論。以下是兩則資料： 資料甲、1928 年美國奧勒岡州一項調查：農場主婦（許多人不用電）每週家務時間61 小時， 電氣化城鎮主婦63.4 小時。二次世界大戰後另一調查：農場主婦每週60.55 小時， 小城市婦女78.35 小時，大城市婦女則是80.57 小時。 資料乙、某學者認為：「電力使得家務性質改變，但並未消除家務負擔。由於清潔標準提高， 女性家務量隨之增加，,xuece-hist-113-34
分科測驗,xuece-hist,113,歷史 35,歷史,清代茶葉貿易,B,D,S1,T3,H4,清代茶葉從兩岸貿易轉為國際貿易,根據這兩則資料，清代臺灣茶葉的貿易型態，經歷怎樣的變化？ (A)從國際貿易到兩岸貿易 (B)從兩岸貿易到國際貿易 (C)從島內貿易到走私貿易 (D)從走私貿易到合法貿易,xuece-hist-113-35
分科測驗,xuece-hist,113,歷史 36,歷史,非選：滬尾開口,非選,R,S1,T0,H2,非選：天津條約開港，滬尾開口,兩則資料都提到「滬尾開口」。請問：「滬尾開口」的背景為何？（2分）,xuece-hist-113-36
分科測驗,xuece-hist,113,歷史 37,歷史,非選：臺灣茶的優勢,非選,D,S1,T0,H2,非選：開港後臺灣茶的銷售優勢,資料乙提到臺灣「茶葉出產，遞年愈廣」。綜合兩則資料，可知滬尾開港後臺灣茶的銷售 有其優勢，請寫出兩項優勢。（4分）,xuece-hist-113-37
分科測驗,xuece-hist,113,歷史 38,歷史,印度名稱的由來,D,D,S1,T5,H2,「印度」一詞最初指大河流經之地,依季羡林之見，「印度」一詞最初是指稱： (A)明月照臨之國 (B)聖賢輩出之土 (C)婆羅門的國度 (D)大河流經之地,xuece-hist-113-38
分科測驗,xuece-hist,113,歷史 39,歷史,非選：唐代對印度的稱呼,非選,D,S1,T0,H2,非選：唐時對印度的其他稱呼,根據上述資料，除「天竺」、「印度」、「賢豆」、「身毒」外，唐時又怎麼稱呼印度？（2分）,xuece-hist-113-39
分科測驗,xuece-hist,113,歷史 40,歷史,非選：玄奘與義淨,非選,D,S1,T0,H6,非選：比較玄奘與義淨對印度名稱的看法,比較兩則資料，對玄奘的主張，義淨顯然部分贊同，其贊同之處為何？（2分）他對玄奘持 異見之處為何？理由為何？（2分）,xuece-hist-113-40
分科測驗,xuece-hist,113,歷史 41,歷史,文明化的過程,A,R,S1,T2,H8,餐桌禮儀越來越講究：文明化的過程,從資料甲到資料乙呈現的歐洲社會史發展情況，最能以下列何種過程或現象說明？ (A)文明化的過程 (B)資本化的過程 (C)世俗化的現象 (D)封建化的現象,xuece-hist-113-41
分科測驗,xuece-hist,113,歷史 42,歷史,非選：歐洲餐桌禮儀,非選,D,S1,T0,H2,非選：歐洲上流社會揚棄的用餐舉止,中世紀到近代早期，歐洲上流社會漸漸重視餐桌禮儀，某些用餐舉止漸被揚棄。根據上述 資料，歐洲上流社會何以逐漸重視餐桌禮儀？（2分）,xuece-hist-113-42
分科測驗,xuece-hist,113,歷史 43,歷史,非選：餐具的物質條件,非選,R,S1,T0,H2,非選：個人餐具普及帶動禮儀改變,物質文化的進展常會帶動社會風氣的改變。請根據甲、乙兩段資料中餐具使用的變化， 說明促成上述歐洲餐桌禮儀變革的物質條件為何？（2分）,xuece-hist-113-43
分科測驗,xuece-hist,113,歷史 44,歷史,法國國慶的詮釋,C,R,S1,T1,H6,1880 年訂國慶：第三共和，官方觀點,兩則資料寫作的時代背景為何？何者代表當時的官方觀點？ (A)第二帝國，甲 (B)第二帝國，乙 (C)第三共和，甲 (D)第三共和，乙,xuece-hist-113-44
分科測驗,xuece-hist,113,歷史 45,歷史,非選：攻占巴士底,非選,R,S1,T0,H2,非選：攻占巴士底監獄,資料甲說「人民群起攻擊象徵封建制度的石頭」，指的是何事？（2分）,xuece-hist-113-45
分科測驗,xuece-hist,113,歷史 46,歷史,非選：法國大革命的詮釋,非選,D,S1,T0,H6,非選：比較兩則資料對法國大革命的詮釋,資料甲和資料乙對法國大革命的「歷史意義」作了不同的詮釋，請說明兩者有何不同。（2分）,xuece-hist-113-46
分科測驗,xuece-hist,114,歷史 1,歷史,荷蘭時期地方會議,A,R,S1,T1,H1,長老出席、長官高坐：荷蘭時期的地方會議,史書描寫臺灣史上某場會議：長老全部出席，在花園的長桌入座後，最高長官和 評議員高坐在石造亭子裡，俯瞰長桌。長官先致歡迎詞，讚揚長老們的與會， 隨後進行各項事務，包括任命新任長老並頒授藤杖，說明學校修業、村落繳付 年貢等事宜。這場會議應是： (A)荷蘭時期的地方會議 (B)鄭氏時期的長老會議 (C)清領時期的部落會議 (D)日治時期街庄協議會,xuece-hist-114-1
分科測驗,xuece-hist,114,歷史 2,歷史,朝鮮的小中華意識,A,R,S1,T1,H1,只認大明天子、視清為胡虜：朝鮮的小中華意識,朝鮮大臣謂：「自臣出生起，只聞天下有大明天子。胡虜欲將吾國習俗野蠻化， 欲使吾等臣服，自立為天子，實屬貽笑大方之舉。吾國以禮義聞名… … 」文中 「胡虜」是指： (A)滿洲人 (B)越南人 (C)日本人 (D)琉球人,xuece-hist-114-2
分科測驗,xuece-hist,114,歷史 3,歷史,美洲玉米信仰,B,R,S1,T7,H8,崇拜玉米：美洲文化,飲食史學者指出：許多文化會賦予其主食以神聖意義。在美洲，只要是種玉米之處， 當地人會崇拜玉米，視為神聖食品，阿茲特克婦女即須作完贖罪儀式後才敢吃玉米。 十六世紀基督教傳入後，美洲人不能再崇拜玉米，小麥就成為神的食物。這種轉變 最可能的原因是： (A)小麥的價格較高，故比原本的玉米更神聖 (B)基督教是征服者信仰，小麥是征服者主食 (C)小麥是舶來的食物，具異國風味與神秘性 (D)哥倫布大交換後，小麥成為全世界的主食,xuece-hist-114-3
分科測驗,xuece-hist,114,歷史 4,歷史,北朝隋唐關隴集團,B,R,S1,T1,H1,北周、隋、唐統治者聯姻：關隴集團,同學整理中國史，發現某時期有三個連續王朝，統治者雖來自不同世族，但相互 聯姻，關係密切。學者指出：這只是政權在同一「集團」不同世族間的易手換位 而已。三個王朝最可能是： (A)東晉、宋、齊 (B)北周、隋、唐 (C)北宋、遼、金 (D)蒙元、明、清,xuece-hist-114-4
分科測驗,xuece-hist,114,歷史 5,歷史,日治金雞納樹,D,R,S1,T1,H1,日治時期在臺灣種植金雞納樹,十九世紀，歐洲人開始從金雞納樹的樹皮煉製奎寧來治療瘧疾，並在印尼開闢 種植園，掌握此一重要原料。二十世紀初，臺灣總督府引進金雞納樹，在1930年代 大量生產奎寧，視為戰備物資。總督府生產奎寧最主要的背景是： (A)奎寧具商業價值，可以增加財源 (B)促進臺灣的醫學發展與人才培育 (C)臺灣發生嚴重的疫情，需求孔急 (D)發展臺灣製藥業，準備前進南洋,xuece-hist-114-5
分科測驗,xuece-hist,114,歷史 6,歷史,大饑荒的死亡率,C,D,S2,T1,H1,死亡率驟升的年份：大躍進後的大饑荒,圖1是依據二十世紀某一時期四川省官方資料繪製的人口死亡率變化圖。圖中縱軸 為死亡率（%），橫軸為年份。從圖中甲年到戊年的變化判斷，這種情況主要是 發生在：（依當時官方推估，死亡率 （%） 6 正常值是1%） 5 (A)1941至1945年，抗日戰爭期間 4 死 (B)1946至1950年，國共內戰前後 3 亡 率 (C)1957至1961年，中共大躍進期間 2 1 (D)1969至1973年，文化大革命期間 0 年份 甲 乙 丙 丁 戊 圖1,xuece-hist-114-6
分科測驗,xuece-hist,114,歷史 7,歷史,日軍攻占金門,D,R,S1,T1,H1,日本海軍攻占金門：中日戰爭時期,日本防衛廳保存一份文件，標明〈金門島攻略作戰〉，內容報告日本海軍攻占 金門島的情況。軍事行動中，海軍巡洋艦先炮轟金門，繼由陸戰隊登陸，未遇到 太多抵抗。軍事行動三天即告結束，許多金門民眾撤往福建南安一帶避難。有關 這一軍事行動，下列何者符合史實？ (A)1895年，日本接收臺灣後，攻占金門以鞏固臺灣之防衛 (B)1900年，日本藉八國聯軍，占領金門確保其在福建利益 (C)1931年，九一八事變之後，日本繼續攻占金門以相呼應 (D)1937年，七七事變後，日本攻占金門作為進取廈,xuece-hist-114-7
分科測驗,xuece-hist,114,歷史 8,歷史,華英通語,A,R,S1,T3,H4,口岸通行英文，華英通語一再增訂,光緒年間出版的《新增華英通語》序言說：各國語言文字雖有不同，但主要口岸 皆可通行英文。《華英通語》問世已久，可惜舊本錯誤頗多。本書將譯本分門別類， 並作增改。譯音以□□方言為本，閱者一目了然，誠為華英通商之秘笈。文中 □□最可能是哪裡？ (A)廣東 (B)福建 (C)浙江 (D)山東,xuece-hist-114-8
分科測驗,xuece-hist,114,歷史 9,歷史,赫拉克利特,D,R,S1,T7,H8,萬物由火構成：赫拉克利特,西元前六世紀，希臘哲學家赫拉克利特受米利都學派影響，認為物質性元素是 萬物本源。他主張：萬物皆由「火」構成，經由膨脹或收縮，最後又在火中化解。 事物既對立又統一，並像河流一般流動不停，又如一條起伏不平之路。世界的 發展亦同此理。然而，一切過程都是命運所致。我們應如何理解赫拉克利特學說？ (A)認為宇宙零亂如一盤散沙，萬物間毫無關聯 (B)相信人的理性和自主性，可克服冥冥的宿命 (C)宇宙和萬物是睿智的上帝在一次創造中形成 (D)突破神話傳說，從物質觀點來解釋宇宙起源,xuece-hist-114-9
分科測驗,xuece-hist,114,歷史 10,歷史,宋錢外流,B,R,S1,T1,H1,各地都發現宋錢：宋錢外流,北宋時期，從宋朝本土到遼國、西夏、金國，從朝鮮、日本、安南到南洋諸國， 從印度、波斯灣到非洲東岸，都發現宋朝銅錢。宋人云：「錢本中國寶貨，今乃 與四夷共用。」當時遼、西夏、金、朝鮮、日本諸國都有宋錢，最主要原因是： (A)宋國力強大是各國的宗主國 (B)宋代外貿興盛銅錢流通各國 (C)上述各國並未發行本國貨幣 (D)各國政府規定只能使用宋錢,xuece-hist-114-10
分科測驗,xuece-hist,114,歷史 11,歷史,蒙古治理華北,C,R,S1,T1,H1,有人主張把華北變牧場：蒙古治理華北,某一時期，政府對如何治理華北出現兩派意見： 甲派主張：「漢人對國家無任何益處，應該將其趕走或殺掉，空出土地成為放牧 之地。」 乙派則說：「應妥善保留漢人原有生產方式，定好徵稅方法。中原的土地稅、商稅、 酒、醋、鹽、鐵、山澤等稅收，每年可得銀五十萬兩、絲絹八萬疋、 粟米四十萬石。」 這最可能是何時的討論？判斷時代的依據為何？ (A)東漢末年／鹽鐵之稅 (B)五胡時期／粟米之租 (C)宋元之際／放牧之地 (D)明清之交／絲絹之貢,xuece-hist-114-11
分科測驗,xuece-hist,114,歷史 12,歷史,日軍接收臺灣的通譯,A,R,S1,T3,H4,日軍帶北京官話通譯，是為了與臺灣士紳溝通,馬關條約簽訂後，日本派遣一個師團接收臺灣，隨軍帶了超過百名通曉北京官話 的通譯人員，俾與臺灣人溝通。這些通譯最可能以何種方式與臺灣人溝通？ (A)官話不通行於臺灣民間，但能以漢文筆談 (B)臺灣方言保留了中原古音，可以口語溝通 (C)臺灣民間識字率太低，只能夠以口語溝通 (D)臺灣教育普及，多數人可直接用官話溝通,xuece-hist-114-12
分科測驗,xuece-hist,114,歷史 13,歷史,貝雷尼斯的佛像,C,D,S4,T1,H3,紅海港口發現佛像：羅馬與印度的貿易交流,2023年4月，埃及考古隊在紅海西岸古港口城市貝雷尼斯一座古廟，發現一尊雕像， 如圖2。雕像高71公分，身體右半部已毀壞，頭頂有肉髻， 頭背後光環照耀，側面刻有蓮花。根據學者考證，這是 羅馬帝國時期文物。我們應如何解讀此一考古發現的 歷史意義？ (A)這是雅典娜像，顯示希臘文化對羅馬的影響 (B)這是聖母像，説明基督教在羅馬帝國的昌盛 (C)這是佛像，證明羅馬帝國與印度的貿易活絡 (D)這是觀音菩薩，證明羅馬與中國有文化交流 圖2,xuece-hist-114-13
分科測驗,xuece-hist,114,歷史 14,歷史,伊斯蘭社會運動（送分）,無答案,R,S1,T0,H2,本題送分：伊斯蘭社會的不平等與改革,一位西方學者認為：伊斯蘭教自創始之初即承認某些社會不平等，並在聖典中認可。 近代以來，伊斯蘭世界湧現一連串社會和宗教運動，試圖推翻存在身分高貴與低賤、 富有與貧窮、阿拉伯與非阿拉伯之間的藩籬，以其違背伊斯蘭教四海之內皆兄弟 的精神。但仍有一些群體之間的不平等，不曾受到上述運動的質疑，這包括： (A)白人與黑人 (B)男人與女人 (C)軍人與平民 (D)農人與商人,xuece-hist-114-14
分科測驗,xuece-hist,114,歷史 15,歷史,拉丁美洲獨立運動,B,R,S1,T1,H1,既非印地安人也非歐洲人：拉丁美洲獨立運動,一位美洲政治運動領袖説：「我們既非印地安人，亦非歐洲人，但有兩種血統。 數百年來，美洲半球的居民純處在被動地位。… … 我們從來沒人當上總督，… … 幾乎沒有人當過大主教，從未有人當外交官，從軍只能充當部屬。」這最可能是 哪項政治運動的訴求？ (A)美國獨立革命 (B)中南美洲獨立 (C)美國民權運動 (D)古巴共產革命,xuece-hist-114-15
分科測驗,xuece-hist,114,歷史 16,歷史,秦的傅籍年齡,D,D,S1,T5,H2,由秦簡判斷傅籍年齡,人民達到一定年齡向政府申報戶籍，是國家徵集勞役、兵役，要求人民履行政治、 法律責任的基礎。學者發現：秦滅六國期間，申報戶籍的年齡是16歲；秦帝國 建立後，提高到18歲；漢帝國初年，又提高到20歲。這個趨勢最可能反映： (A)整體人口數量的減少 (B)秦漢家庭規模的變化 (C)政治控制程度的鬆動 (D)軍事動員需求的降低,xuece-hist-114-16
分科測驗,xuece-hist,114,歷史 17,歷史,明清痘疹防疫,A,R,S1,T3,H4,邊區人口較少，天花流行不如內地,學者研究顯示：明清時期，帝國邊區痘疹（天花）的流行不如內地嚴重；清初以後， 種痘防疫之法為人所知，首先在南方地區獲得顯著推廣。據此可推測，影響痘疹 流行的主要因素可能在： (A)人口聚集的疏密 (B)人種體質的不同 (C)飲食內容的差別 (D)風俗習慣的殊異,xuece-hist-114-17
分科測驗,xuece-hist,114,歷史 18,歷史,史學研究的轉向,B,E,S1,T2,H8,史學研究的轉向：關注對象隨社會改變,史學發展過程中，史家關切對象會隨著社會的變遷及其他學科的發展而改變， 帶來研究趨勢的「轉向」。下列四種群體：甲、女性；乙、帝王將相；丙、少數 族裔；丁、資產階級，受到史家關切的時間順序最可能是： (A)甲、乙、丙、丁 (B)乙、丁、甲、丙 (C)乙、甲、丁、丙 (D)丁、乙、甲、丙,xuece-hist-114-18
分科測驗,xuece-hist,114,歷史 19,歷史,美國的多元族裔軍隊,C,R,S1,T1,H1,各族裔組成的軍隊：美國,某國軍隊的組成多元，士兵有挪威裔、捷克裔、義大利裔、法蘭西裔、奧地利裔、 南斯拉夫裔等等，儘管來自不同族裔，卻具有共同的國家認同。該國軍隊派往 歐洲各地作戰，都可以找到懂得當地語言的士兵擔任翻譯。上述情況最可能出現於： (A)拿破崙戰爭時期的法國軍隊 (B)一次世界大戰時的奧匈軍隊 (C)二次世界大戰時的美國軍隊 (D)冷戰時駐防東歐的蘇聯軍隊,xuece-hist-114-19
分科測驗,xuece-hist,114,歷史 20,歷史,戰後原住民政策,D,R,S1,T1,H1,1950 年代提升山胞生活：山地平地化政策,1950年代，臺灣原住民族領袖提出訴求：山胞天賦的才能是與平地同胞一樣毫無 遜色的，如能提升其生活環境，施以適當的教育，一切改變都是可能的。… … 二十年後受了國家新教育的領導人才，可以掌握山地社會的一切樞紐，接管現在 的本地領袖和輔導人才的責任，特殊行政自可撤除。這位領袖的訴求，最終目標 最可能是： (A)原住民族的正名 (B)原住民族升學優待 (C)還我土地的運動 (D)追求原住民族自治,xuece-hist-114-20
分科測驗,xuece-hist,114,歷史 21,歷史,嘉農棒球隊,C,R,S1,T1,H1,日人、漢人、原住民組成：嘉農棒球隊,1931年，嘉農棒球隊進軍日本甲子園，榮獲亞軍。臺灣報紙報導：「臺灣已有好幾次 派出代表隊，但代表隊僅有臺灣的內地人，並不能說是真正的臺灣代表隊。……此次 以臺灣人吳姓投手為首，亦有內地人及高砂族混合的嘉農選手團，… … 更能成為 真正的臺灣代表隊。」從報導推測，在這之前，代表臺灣到甲子園出賽的棒球隊， 選手組成主要是： (A)臺灣原住民 (B)在日臺灣人 (C)在臺日本人 (D)臺灣的漢人,xuece-hist-114-21
分科測驗,xuece-hist,114,歷史 22,歷史,甘地與語言,D,R,S1,T1,H1,被迫用外語演說：甘地提倡本土語言,1916年，聖雄甘地在孟買的印度教大學演講：「在這座偉大的大學… … 我卻被迫 用外國語向國人演說，實在是令人汗顏和羞辱之事。有人認為傳統語言太貧乏， 無法表達高層思想。… … 孟買省已經是多種方言和印地語（Hindi，印度官方語言 之一）並用，其間的差異，不會大過英語和印度方言之間的差異。因之，講者若以 印地語發言，聽眾更易理解。」甘地上述呼籲的背景最可能是： (A)受到殖民政府壓抑，印度傳統語言逐漸失傳 (B)印地語與印度方言差異大，無法作溝通工具 (C)印度社會階級森嚴,xuece-hist-114-22
分科測驗,xuece-hist,114,歷史 23,歷史,查理曼獎與歐洲統合,A,R,S1,T1,H1,阿亨設獎表彰促進歐洲統合,1949年，西德邊境古城阿亨的市民，設置一個國際性獎項，每年頒予在政治、 經濟或文化方面，對促進「歐洲統合」有卓越貢獻人士。他們在歐洲史中找一位 歷史人物，認為他是「歐洲統一的象徵」與「西方文化的奠基者」，就以其名字 為獎項命名。這位代表性人物應是： (A)加冕為羅馬人皇帝的查理曼 (B)弘揚人文主義的伊拉斯摩斯 (C)雄霸歐洲國際政治的路易十四 (D)譜作名曲〈快樂頌〉的貝多芬,xuece-hist-114-23
分科測驗,xuece-hist,114,歷史 24,歷史,伽利略審判,A,R,S1,T1,H1,伽利略被判異端：教會與科學的衝突,課堂上，老師提到：1633年伽利略發表《關於托勒密和哥白尼兩大世界體系對話》， 被教廷判為「異端邪說」。他此後遭到軟禁，談論哥白尼的著作也被查禁。 這件事曾被當成十七世紀「宗教與科學」對立的例證，但也有學者反對此一看法， 主張伽利略的定罪是一個複雜的個案。以下哪一事實可作為上述學者觀點的 證據？ (A)耶穌會士在自然史和數學方面進行重要的新研究 (B)宗教法庭判定哥白尼學說為錯誤，因其違反聖經 (C)哲學家布魯諾支持哥白尼學說，被教會處以火刑 (D)路德教派反對「日心說」，也,xuece-hist-114-24
分科測驗,xuece-hist,114,歷史 25,歷史,霧社事件後的調查,C,D,S2,T5,H5,對漢人觀感多為「普通」：兩者接觸較少,從調查結果看，原住民族對漢人的觀感幾乎是「普通」，最可能的解釋是： (A)漢人尊重原住民族的傳統 (B)原漢長期融合已難分彼此 (C)長期隔離致原漢互動較少 (D)原住民族不願與漢人通婚,xuece-hist-114-25
分科測驗,xuece-hist,114,歷史 26,歷史,原住民對日人觀感,A,D,S2,T3,H4,對日人有好感，受同化教育影響,接受調查的原住民半數以上對日人抱「好感」，最主要受哪一因素影響？ (A)日人強化原住民族的同化教育 (B)日人大量招待原住民赴日交流 (C)日人承認原住民族的自治權利 (D)原漢衝突時日人較支持原住民,xuece-hist-114-26
分科測驗,xuece-hist,114,歷史 27,歷史,清代江南棉紡織,D,D,S1,T5,H2,嘉定種棉織布，產品外銷,依據資料一，嘉定縣經濟活動特色是： (A)典型的傳統「男耕女織」經濟型態 (B)從鄰縣進口棉花，再織成棉布出售 (C)婦女以紡織為副業，補貼家庭經濟 (D)紡織業是農村家庭的主要經濟支柱,xuece-hist-114-27
分科測驗,xuece-hist,114,歷史 28,歷史,江蘇南北產業差異,C,D,S1,T4,H5,比較蘇南與蘇北的產業差異,比較資料一與資料二，可以推論清乾隆時期： (A)棉紡織業是蘇南與蘇北的共同產業活動 (B)蘇北鼓勵種稻取代紡織，而蘇南則相反 (C)江蘇南北兩個地區的產業型態有所差異 (D)蘇北經濟發展先進，蘇南經濟發展落後,xuece-hist-114-28
分科測驗,xuece-hist,114,歷史 29,歷史,澳門大三巴建築,C,D,S4,T7,H3,大三巴的裝飾華麗：巴洛克風格,從大三巴建築形式與裝飾推斷，聖保祿教堂 應屬於： (A)希臘式建築 (B)哥德式建築 (C)巴洛克風格 (D)新古典風格 圖3,xuece-hist-114-29
分科測驗,xuece-hist,114,歷史 30,歷史,耶穌會在澳門,D,R,S1,T7,H8,訓練傳教士、研究東方哲學：耶穌會,聖保祿教堂原本是訓練傳教士以及研究東方哲學的機構，最可能是屬於哪個教派？ (A)聖公會 (B)長老會 (C)東正教 (D)耶穌會,xuece-hist-114-30
分科測驗,xuece-hist,114,歷史 31,歷史,肥料換穀,BCD,D,S1,T4,H2,多選：肥料換穀是政府掌握米糧的手段,1948年臺灣省政府公布《化學肥料配銷辦法》實施肥料換穀政策，該制度於1972年 廢止。以下是兩則「肥料換穀」資料： 資料一、肥料換穀制度施行後，肥料不再以現金交易，農民需以稻穀向糧食局 肥料運銷處換取肥料，稻穀與肥料的相對價格公定。但是公定肥料價格 被高估，而稻米價格被低估。 資料二、肥料換穀辦法「用肥料定量分配使家家戶戶都有肥料」，可促進糧食生產， 「同時使得軍民有糧並可平衡米價，因此肥料換穀制在當時對安定人民 生活有很大的關係」，後來也用來補貼及鼓勵臺灣本土肥料生產，成,xuece-hist-114-31
分科測驗,xuece-hist,114,歷史 32,歷史,北齊北周文化交流,BD,D,S1,T4,H2,多選：北齊與北周的文化交流,學者發現：南北朝時期華北地區曾有北齊和北周兩國東西並立，但西部的北周 長安地區（今陝西西安）製作的陶俑式樣，卻經常反映出受到東部的北齊鄴城 地區（今河北邯鄲）陶俑製作風格的影響。這個現象可以說明： (A)政權的強弱可左右藝術品味高下 (B)文化或時尚互動可跨越政治疆界 (C)匠人與物料流通受國家嚴格管控 (D)藝術商品消費由市場機制來決定 (E)貿易的往來深受敵對政權的壓抑,xuece-hist-114-32
分科測驗,xuece-hist,114,歷史 33,歷史,法國大革命的女性,ADE,D,S1,T4,H2,多選：法國大革命中的女性,以下是三則法國大革命重要記事： 資料一、1789 年10 月，數千巴黎婦女進軍凡爾賽宮，向國王討麵包，逼迫王室 遷回巴黎。1793 年，一群激進女性成立「革命共和派女性協會」，以護衛 革命。 資料二、1789 年11 月，支持革命的婦女向國民會議遞交請願書，要求制定法律 賦予女性平等權利，但請願書未獲得討論。 資料三、1790 年3 月，國民會議廢除嫡長子繼承制，讓婚生子女都可繼承財產； 1792 年9 月，立法會議制定法律：婚姻是一種民事契約，當事雙方都 有權訴請離婚。 根,xuece-hist-114-33
分科測驗,xuece-hist,114,歷史 34,歷史,中世紀弓弩禁令,BE,D,S1,T4,H1,多選：中世紀的弓弩禁令,以下是兩則歐洲中世紀軍事史的資料： 資料一、十字軍運動期間，穆斯林弓箭手對歐洲騎士造成重大殺傷力。1139 年， 羅馬教廷宣布：「禁止對基督徒使用弓弩這類上帝不齒的致命武器， 違者開除教籍。」然而，歐洲各國無視此一禁令，越來越頻繁在交戰時 動用弓箭武器。 資料二、1246 年，奧地利與波希米亞交戰，以步兵弓箭手射落波希米亞騎士。 波希米亞怒責對手竟然靠異教徒戰術取勝：「奧地利高貴的大人可全是 英雄好漢，你們本該像騎士一樣與我們作戰… … 用刀劍與我們格鬥， 你們竟然以弩箭，射,xuece-hist-114-34
分科測驗,xuece-hist,114,歷史 35,歷史,開港與戴潮春事件,B,R,S1,T1,H1,拒絕開放臺灣府口岸：戴潮春事件,根據資料一、臺灣道、府以「現在籌辦軍務」為由，拒絕依約開辦臺灣府為口岸， 奏摺所說「籌辦軍務」應是指： (A)林爽文事件 (B)戴潮春事件 (C)羅妹號事件 (D)牡丹社事件,xuece-hist-114-35
分科測驗,xuece-hist,114,歷史 36,歷史,非選：打狗海關,非選,D,S1,T0,H2,非選：打狗貿易量大，設辦事處處理正口業務,根據上述資料，打狗既屬「外口」，海關稅務司何以設立「辦事處」以承擔正 口業務？（2分，15字以內）,xuece-hist-114-36
分科測驗,xuece-hist,114,歷史 37,歷史,非選：洋船在鹿耳門,非選,D,S1,T0,H4,非選：洋船仍在鹿耳門起卸的原因,1864年，已明令禁止洋商直接在鹿耳門貿易，何以仍有洋船在該港起卸貨物？ 請說明兩項原因。（4分，各10字以內）,xuece-hist-114-37
分科測驗,xuece-hist,114,歷史 38,歷史,安內攘外政策,B,R,S1,T7,H8,停止剿共、與蘇聯合作抗日：中共中央,資料一中的「停止剿共，與蘇聯合作，就意味著共同抗日」，最可能是哪一方的 主張？ (A)國民政府 (B)中共中央 (C)日本軍方 (D)美國政府,xuece-hist-114-38
分科測驗,xuece-hist,114,歷史 39,歷史,非選：中共的有利位置,非選,R,S1,T0,H2,非選：中共以抗日號召取得有利地位,這位史家指出「安內攘外」政策的後果，是「給了共產黨一個非常有利的位置」， 而蔣中正則「陷入為難的處境」。綜合兩則資料的分析：中共取得「有利的位置」 所指為何？（2分，20字以內）蔣中正何以陷入「為難的處境」？（2分，30字以內）,xuece-hist-114-39
分科測驗,xuece-hist,114,歷史 40,歷史,非選：西安事變,非選,R,S1,T0,H2,非選：西安事變,1936年底，蔣中正被迫妥協，放棄「安內攘外」政策。迫使蔣中正轉向的關鍵 事件為何？（2分）,xuece-hist-114-40
分科測驗,xuece-hist,114,歷史 41,歷史,西班牙的財富來源,D,R,S1,T1,H1,十六世紀西班牙的財富：美洲的金銀,十六世紀時，西班牙是歐洲最富有的國家，其財富主要的來源是： (A)香料貿易 (B)奴隸買賣 (C)海盜劫掠 (D)美洲金銀,xuece-hist-114-41
分科測驗,xuece-hist,114,歷史 42,歷史,非選：西班牙製造業落後,非選,D,S1,T0,H2,非選：由資料找出製造業落後的證據,史家考察近世以來「西班牙的沒落」，指出製造業發展的落後是重要徵象。根據 上述三則資料，舉出兩個導致西班牙製造業發展落後的原因。（4分，各20字以內）,xuece-hist-114-42
分科測驗,xuece-hist,114,歷史 43,歷史,冷戰的起源,A,D,S1,T4,H5,三則資料都強調美蘇的安全需求不同,有關1945年前後美國和蘇聯的分歧，三則資料共同強調的是雙方在哪方面的 差異？ (A)安全需求不同 (B)意識形態對立 (C)經濟制度落差 (D)領土擴張衝突,xuece-hist-114-43
分科測驗,xuece-hist,114,歷史 44,歷史,非選：美國的訴求,非選,D,S1,T0,H2,非選：美國主張自由選舉、民族自決,根據資料一和資料二，美國的訴求應以何種途徑來達成？（2分，25字以內）,xuece-hist-114-44
分科測驗,xuece-hist,114,歷史 45,歷史,非選：史達林的辯護,非選,R,S1,T0,H2,非選：史達林以歷史上的入侵為辯護,史達林在蘇聯邊境國家建立共產政權，把東歐關進「鐵幕」。他如何以歷史經驗 為其作為的正當性作辯護？（2分，25字以內）,xuece-hist-114-45
分科測驗,xuece-hist,115,歷史 1,歷史,史學論文的註腳,D,E,S1,T2,H8,註腳要區分一手史料與二手研究,上歷史課「探究與實作」單元時，老師指導小論文寫作，規定學生寫作時須引用 「一手史料」與「二手研究」，並要求引用資料時須下「註腳」，註腳依正規論文 格式，包含以下資料：作者姓名，《書名》（出版地，出版日期），引用頁碼。老 師要求學生寫論文時引證資料應下「註腳」，最主要用意為何？ (A)展示作者學識廣博多元 (B)證明研究具有實用價值 (C)保證論著內容具原創性 (D)說明資料來源以供驗證,xuece-hist-115-1
分科測驗,xuece-hist,115,歷史 2,歷史,解嚴後的返鄉探親運動,C,R,S1,T1,H1,1987 年母親節、想回家：返鄉探親運動,1987年5月母親節當日，群眾在國父紀念館高舉標語表達訴求（如圖1）。集會中， 他們唱起國語歌曲「母親您在何方」，音樂 一響起，台下群眾的眼淚便潰堤而出。 他們最主要的訴求為何？ (A)終止動員戡亂條款 (B)平反白色恐怖案件 (C)開放前往大陸探親 (D)允許異議人士返臺 圖1,xuece-hist-115-2
分科測驗,xuece-hist,115,歷史 3,歷史,清代福建水師提督,A,R,S1,T3,H4,福建水師提督兼管臺灣海防,清初在東南沿海的浙江、福建與廣東三省，設置水師提督，專管近海洋面治安。 其中，福建水師提督一職從康熙初年設置至清末裁撤，時間長達近250年之久， 其對清代沿海的重要性最可能是： (A)對臺灣海防的重視 (B)對國際貿易的保護 (C)對倭寇襲擾的防範 (D)對荷蘭海軍的抗擊,xuece-hist-115-3
分科測驗,xuece-hist,115,歷史 4,歷史,1920 年代的科技與全球化,C,R,S1,T1,H1,飛機、無線電超越疆界：1920 年代的科技樂觀,某位企業家宣稱：過去很多人們做不到的事情，今天機器做到了！飛機、無線電 廣播超越所有疆界，將全世界連在一起。電影的普世語言、飛機的速度，以及無 線電的國際廣播節目，很快就會讓世界能完全彼此了解。這位企業家最早可能在 哪個場合宣揚此一看法？ (A)1851年英國倫敦的萬國博覽會 (B)1889年法國巴黎的世界博覽會 (C)1926年美國費城的世界博覽會 (D)1964年東京的奧林匹克運動會,xuece-hist-115-4
分科測驗,xuece-hist,115,歷史 5,歷史,戈巴契夫,C,R,S1,T7,H8,溫和改革者引發革命、摧毀蘇聯：戈巴契夫,史家評價某位蘇聯政治人物，形容他是「一位蘇聯愛國主義者的政策摧毀了蘇聯」、 「一位溫和改革者引發了革命」、「一位共產黨黨員打開國門迎接民主。」若不是 他，「自由不會以如此迅速和平的方式降臨歐洲東半部，世界各地的冷戰也不會 以如此迅速決絕的方式畫下句點。」不過，這些都是「無心插柳的結果」。這位 政治人物應是： (A)赫魯雪夫 (B)列寧 (C)戈巴契夫 (D)史達林,xuece-hist-115-5
分科測驗,xuece-hist,115,歷史 6,歷史,法國國王的御觸,B,R,S1,T3,H4,國王的御觸治病：君權神授的信仰,長期以來，法國民眾深信國王具有神性，能創造奇跡，其觸摸可治病。1774年， 路易十六舉行加冕典禮，有2400名結核病患求希國王的「御觸」，以治此病。1825 年，查理十世加冕時也舉辦類似儀式，卻只來120人。「御觸」療法在近代的式微， 原因最可能是： (A)宗教改革以後，教會已禁止御觸療法 (B)受大革命影響，法國社會傾向世俗化 (C)十九世紀初，民眾多以接種疫苗治病 (D)法國國會通過法律，取消國王的神性,xuece-hist-115-6
分科測驗,xuece-hist,115,歷史 7,歷史,林獻堂與南進,A,R,S1,T1,H1,1930 年代林獻堂提到向南洋發展：南進政策,1930年代，林獻堂會見日本官員時，提及：「現在臺灣人口增加十餘萬，將來必 人滿為患，要解決人口問題，必使其往南支南洋發展，欲使其（往）南支南洋發 展，非識漢文不可，又日常必須亦非漢文不可。」林獻堂此主張是基於何種目的？ (A)藉此保持與漢文化的連結 (B)支持日本的經濟擴張政策 (C)為推動議會設置請願運動 (D)配合日本官方的移民政策,xuece-hist-115-7
分科測驗,xuece-hist,115,歷史 8,歷史,唐代明經與進士,B,R,S1,T3,H4,明經是舊學、進士重文詞：唐代科舉,學者指出：唐代的科舉主要是明經、進士二科。明經科講究經學涵養，是兩晉、 北朝的舊學；進士科看重文詞表達才華，是高宗、武則天以後的新學。武則天以 後，朝廷與民間重進士，而輕明經。此一國家選才偏好的轉向，與唐朝皇室哪項 策略最有關係？ (A)採用九品官人制度 (B)打擊傳統高門大族 (C)形塑胡漢合一認同 (D)獎掖多元學術研究,xuece-hist-115-8
分科測驗,xuece-hist,115,歷史 9,歷史,商君書的法令解說,D,R,S1,T3,H4,設官解說法令，讓人民知法守法,戰國時期的《商君書》主張：為便於統治，國家應設解說法令之官。如果解說官 員不回應人民對法令疑義的詢問，一旦人民觸犯該官員應解說而未解說之法令， 則依該法令懲處官員。這類主張反映戰國時哪一歷史發展？ (A)平民已經取得法律的制定權 (B)行政與司法的制衡已經存在 (C)人民開始掌握法律的解釋權 (D)法律的公開與透明受到重視,xuece-hist-115-9
分科測驗,xuece-hist,115,歷史 10,歷史,天主教改革,B,D,S1,T4,H2,主教定期訪視：天主教的自我改革,以下是兩則宗教改革時期的資料： 資料一、1563年特倫特大公會議決議：主教應定期訪視轄區，評估居民信仰狀況。 定期作人口調查，查對居民是否按規定，在復活節做年度告解或領聖餐。 也規定教區神父發票券給居民，居民在告解或領聖餐時，再把票券交給 神父。 資料二、1570和80年代，英國國教會訓令主教派員訪視教區，測驗居民對「教義 問答」的知識，規定凡不能背誦《共同祈禱書》者，不得參加禮拜式、 領用聖餐。 我們應如何理解這兩則資料？ (A)資料顯示兩個教派民眾均具宗教熱情與積極性 (,xuece-hist-115-10
分科測驗,xuece-hist,115,歷史 11,歷史,培里與日本開國,D,R,S1,T1,H1,培里與日本互贈禮物：日本開國,1854年，培里率美國艦隊二度前往日本，準備簽訂開港通商條約。雙方互贈禮物： 美國贈送火輪車（火車頭）、電理機（電報機）等給日本；日方則回贈漆器、瓷 器、綢緞等給美方。培里贈送火輪車等禮物給日本，最主要動機為何？ (A)日本正在學習西方，亟需工業產品 (B)投日本官方之喜好，以利雙方談判 (C)試探投資日本，使成為美國代理人 (D)展現美國工業實力，以震懾日本人,xuece-hist-115-11
分科測驗,xuece-hist,115,歷史 12,歷史,中共與蘇聯貿易,B,D,S2,T1,H1,1960 年代中蘇貿易驟降：中蘇交惡,圖2是1950年至1965年，中共與蘇聯貿易變化圖。圖中縱軸表示貿易額（單位： 億美元），柱狀體黑色部分是中共對蘇聯出口量，灰色部分是從蘇聯進口量。 圖2顯示1960年後，雙方貿易出現重大變化，關鍵因素為何？ ( 20 單 位 10 ： 億 0 1950 年 1951 年 1952 年 1953 年 1954 年 1955 年 1956 年 1957 年 1958 年 1959 年 1960 年 1961 年 1962 年 1963 年 1964 年 1965 年 美 元 ),xuece-hist-115-12
分科測驗,xuece-hist,115,歷史 13,歷史,荷蘭人眼中的雞籠,D,D,S1,T4,H2,大員官員反對遷往雞籠的理由,十七世紀中葉，荷蘭東印度公司認知雞籠是深水良港，有意將大員據點移至此地。 但在大員的官員反對，認為漢人不願意轉到雞籠，「不僅因他們已習慣大員，而 且大員水道的淺水對他們毫無影響。」有關大員官員的說法，以下哪個推論最合理？ (A)漢人願轉到雞籠，因官員反對而放棄 (B)雞籠航道比大員航道危險，不利貿易 (C)官員不願圖利漢人，故堅守大員航道 (D)荷蘭在大員貿易，仰賴漢人船隻接駁,xuece-hist-115-13
分科測驗,xuece-hist,115,歷史 14,歷史,培根與知識建構,C,D,S1,T4,H2,培根反對權威、重視經驗：新的知識建構,以下是兩則有關十七世紀知識建構的資料： 資料一、英格蘭文藝復興時期學者培根說：「談到權威，出現在我們面前的，是 對過去作者表現過度順從的卑微心靈，否定時間會帶來淘洗力量。… … 真理，是時間的女兒，而非權威的女兒。」 資料二、學者指出：「許多人，包括近世的自然哲學家，理所當然認為古代人比 十六、十七世紀擁有較優越的知識。… … 文藝復興時也是如此，認為古 代權威是證據的首要來源。」 根據資料二，資料一培根這段發言的思想脈絡應是，當時的自然哲學家： (A)都重視時間對事物的影響,xuece-hist-115-14
分科測驗,xuece-hist,115,歷史 15,歷史,清末外交官的文明觀,B,E,S1,T2,H8,清末外交官介紹「文明」概念,一位中國外交官員指出：西洋言政教修明之國曰「色維來意斯得」（civilized）， 歐洲各國都以此著稱。他感嘆「自漢以來，中國教化日益微滅，而政教風俗，歐 洲各國乃獨擅其勝」，而「其視中國，亦猶三代盛時之視夷狄也」。這類言論引起 社會公憤，指控他「勾通洋人」，政府也批評他「所著書籍，頗滋（生）物議」， 他遂罷官回家。這位官員所處時空最可能是： (A)清初雍正皇帝禁止西教 (B)晚清時期的自強運動 (C)1930年代的新生活運動 (D)1960年代文化大革命,xuece-hist-115-15
分科測驗,xuece-hist,115,歷史 16,歷史,越南青花瓷,A,R,S1,T1,H1,毗鄰中國、仿製青花瓷：越南,元朝時，由於中國青花瓷獲利豐厚，引起「某地」生產類似產品販售。該地在海 上貿易路線上，又毗鄰中國，採中國式制度治國。該地工匠 很快就掌握陶瓷製作秘訣，當明朝實施海禁，中國瓷器外銷 銳減時，該地瓷器趁勢興起，甚至遠銷西亞、北非。土耳其 博物館有一件1450年該地進口的青花瓷（如圖3），上標有 「大和八年」字樣，唯大和並非明朝紀元。「某地」最可能 是在： (A)越南 (B)朝鮮 (C)琉球 圖3 (D)臺灣,xuece-hist-115-16
分科測驗,xuece-hist,115,歷史 17,歷史,噶瑪蘭族與偕姓,A,R,S1,T1,H1,馬偕在宜蘭傳教，噶瑪蘭族改姓偕,十九世紀末，傳教士馬偕在宜蘭建立多處噶瑪蘭族人教會，因其漢名為偕叡理， 信教族人遂改以「偕」為姓。馬偕過世後，噶瑪蘭族教會旋即式微。1980年代原 住民族權利復振運動時，噶瑪蘭族透過「偕姓」尋找族人，強調：凡姓偕的，都 是噶瑪蘭人族親，叫做「房頭內」。「偕」姓對復振運動的意義為何？ (A)從宗教認同轉為族群認同 (B)從地域身分轉為宗教認同 (C)從家族身分轉為族群認同 (D)從族群認同轉為地域認同,xuece-hist-115-17
分科測驗,xuece-hist,115,歷史 18,歷史,土耳其與希臘人口交換,D,R,S1,T1,H1,1923 年土耳其與希臘人口交換,1923年，鄂圖曼帝國瓦解後成立的土耳其共和國，在擊敗希臘入侵後，與聯軍簽 署條約，國家地位受到承認，同時族群人口也有變動。根據官方說法，土耳其的 穆斯林，戰前占人口80%，戰後升至90%以上。下列何者最能說明此一變化？ (A)一次世界大戰時，鄂圖曼帝國軍民蒙受巨大損傷 (B)一次世界大戰後，土耳其穆斯林出生率大幅上升 (C)土耳其驅使境內東正教徒對希臘作戰，傷亡慘重 (D)土耳其在擊敗希臘入侵後，與希臘進行人民交換,xuece-hist-115-18
分科測驗,xuece-hist,115,歷史 19,歷史,西方公司與東海部隊,C,R,S1,T1,H1,1951 年美國中情局在臺設西方公司,1951年，美國以貿易為名在臺灣成立「西方公司」，隸屬中央情報局。這個公司 在馬祖西莒設立聯絡站，與當地游擊隊「東海部隊」合作，經常突擊大陸沿海。 到1955年，隨著世局改變，此一合作關係結束，西方公司撤出西莒，東海部隊則 編入國軍。從時間脈絡推測，西方公司在西莒協助游擊活動，最主要的目的是： (A)協助國軍反攻大陸，奪回政權 (B)執行美國政府臺海中立化政策 (C)牽制華南共軍，防其增援韓戰 (D)協防金馬外島，確保臺灣安全,xuece-hist-115-19
分科測驗,xuece-hist,115,歷史 20,歷史,葡萄牙海外據點,A,R,S1,T1,H1,戈雷島、澳門、歐魯普雷圖：葡萄牙海外據點,大航海時代的葡萄牙海外據點，有些列入世界文化遺產，如西非的戈雷島、東亞 的澳門和南美的歐魯普雷圖。聯合國教科文組織有如下說明： 甲：曾是採金要地，後因礦源枯竭而式微，但眾多巴洛克教堂建築，仍向人們展 示昔日的繁榮。 乙：曾是奴隸轉運站，可看到奴隸住的簡陋屋子，也有貿易商的優雅庭院，兩者 形成鮮明對比。 丙：曾是具國際貿易戰略要港，城區同時保留葡萄牙和當地原來風格的古街道、 住宅和宗教建築，包括媽祖廟。 (A)甲：歐魯普雷圖；乙：戈雷島；丙：澳門 (B)甲：戈雷島；乙：歐魯普雷,xuece-hist-115-20
分科測驗,xuece-hist,115,歷史 21,歷史,哥德式建築,C,D,S4,T7,H3,光線與極高空間：哥德式建築,十二世紀，法蘭西最先出現哥德式建築（如圖4），以光線和極高空間，表達直達 上帝意念。這種建築風格傳播歐洲各地，是中世紀建築的代 表。但有史家指出：某個地區「雖也興建哥德式教堂，卻並 不普遍，覺得此種建築的某些結構不甚合理，故只在特殊情 況下才採用，而轉從本地的文化根源擷取更優秀元素來取 代」。史家所指地區和文化元素為何？ (A)英格蘭／古希臘元素 (B)德意志／凱爾特元素 (C)義大利／古羅馬元素 (D)西班牙／印第安元素 圖4,xuece-hist-115-21
分科測驗,xuece-hist,115,歷史 22,歷史,美國原住民西遷,D,D,S1,T4,H2,美國原住民被迫西遷,1820年，美國政府規劃一條幹道，將通過帕塔瓦米族土地。以下是兩則資料： 資料一、聯邦官員對帕塔瓦米人施壓，要其西遷。但帕塔瓦米酋長表示：許多白 人希望我們留下。他們都跟我們一起狩獵，平分獵物。如果累了，我們 也可待在白人的家。我們希望跟白人住在一起，互相交流，不會遷走。 資料二、支持原住民西遷的白人堅稱，他們無法跟原住民住在一起，這不是他們 可選擇的，而是一種自然法則。驅逐行為是合理的，因自然的演進方向 不可避免。 我們應如何理解上述資料？ (A)聯邦政府與白人對帕塔瓦米原,xuece-hist-115-22
分科測驗,xuece-hist,115,歷史 23,歷史,北伐後的編遣,C,R,S1,T1,H1,北伐後的編遣會議，地方實力派不滿,學者指出：國民革命軍北伐完成後，部屬向蔣中正建議：應將山西、河南、廣西、 四川、廣東以及東北等地方實力領袖，調集中央，給予官職，並對全國軍隊進行 整編，遣散各勢力賴以生存的資本。這項策略真正的目的是： (A)集中社會資源，推動訓政時期建設 (B)分享政治權力，促成國家內部團結 (C)削弱地方勢力，強化國民政府權威 (D)遣散中共軍隊，開創和平安定新局,xuece-hist-115-23
分科測驗,xuece-hist,115,歷史 24,歷史,米諾村的生活變遷,A,E,S1,T2,H8,村莊生活方式變化展：日常生活史,1973年，巴黎的博物館舉辦一項米諾（Minot）村生活方式變化展，米諾是布根 第省一個村莊。《紐約時報》評論說：「米諾最後一副套馬環製於1949年；1968年 後，馬匹不再出現街道上；老式水力磨坊於1952年關閉。1960年代，洗衣機取代 了洗衣房；今年，舊米諾已成博物館的展覽品了。」二戰以後，法國米諾村的變 化反映的是： (A)從自給的農業社會到消費社會 (B)從貧富不均的社會到福利國家 (C)從純樸農村轉型為繁華的都市 (D)從森嚴的階級社會到平等社會,xuece-hist-115-24
分科測驗,xuece-hist,115,歷史 25,歷史,近代早期的文件治國,A,R,S1,T3,H4,以文件治國：中央集權的形成,近代早期歐洲各國出現以「文件」治國現象，反映的是： (A)中央集權政治的形成 (B)地方分權政治的發展 (C)政府注意資訊透明化 (D)統治者與社會的脫節,xuece-hist-115-25
分科測驗,xuece-hist,115,歷史 26,歷史,檔案管理的目的,B,R,S1,T3,H4,管理檔案是為了提供治理的參考,當時歐洲各國重視檔案的收集、管理與儲存，最主要的目的為何？ (A)純作史家修史的依據 (B)提供政府治理的參考 (C)滿足文物收藏的嗜好 (D)點綴君主榮耀的工具,xuece-hist-115-26
分科測驗,xuece-hist,115,歷史 27,歷史,元代族群分類,C,R,S1,T7,H8,耶律楚材是契丹人，屬漢人,資料中提到的耶律楚材，在元人的分類中應屬哪一類？ (A)蒙古人 (B)色目人 (C)漢人 (D)南人,xuece-hist-115-27
分科測驗,xuece-hist,115,歷史 28,歷史,魏源論元代用人,C,R,S1,T3,H4,元代前期不分族群、後期才區分,根據上文，魏源如何理解元代族群政策？ (A)元代用人，始終維持族群差別 (B)元代始終用人唯才，不分族群 (C)前期用人唯才，後期始有差別待遇 (D)前期嚴守族群差別，後期用人唯才,xuece-hist-115-28
分科測驗,xuece-hist,115,歷史 29,歷史,日治中部山區理蕃,D,R,S1,T1,H1,日治時期深入中部山區是為了理蕃,日治時期，官方派員深入此處山區的最主要目的是： (A)開發樟腦事業 (B)經營高山農業 (C)實施移民屯墾 (D)推動理蕃事務,xuece-hist-115-29
分科測驗,xuece-hist,115,歷史 30,歷史,中橫公路的勞動力,B,R,S1,T1,H1,中橫的勞動力主要是退伍軍人,1950年代，中橫公路主線的修築，初期最主要勞動力來自： (A)現役兵工 (B)退伍軍人 (C)外籍移工 (D)原住民工,xuece-hist-115-30
分科測驗,xuece-hist,115,歷史 31,歷史,課稅土地面積,BD,D,S2,T4,H4,多選：課稅土地面積上升的原因,"清代到日治初期，臺灣官方掌握的課稅土地面積呈上升趨勢，如表1。下列對表 中不同時期數字變化的說明哪些正確？ 表1 年代 課稅土地面積（甲） 1744 53,185 1820 66,411 1889 515,571 1905 643,873 (A)清治前期，官方常作調查，已如實掌握土地狀況 (B)劉銘傳清查隱田，將更多墾地納入政府稅收面積 (C)劉銘傳實施減四留六政策，大租戶申報更多土地 (D)臺灣總督府土地調查，比清代更能掌握人民產權 (E)二十世紀初興建縱貫鐵路，提升了土地",xuece-hist-115-31
分科測驗,xuece-hist,115,歷史 32,歷史,民國的產後衛生,AC,D,S1,T4,H1,多選：民國時期的產後衛生觀念,1920年代，一位女中醫投書雜誌：「我國對於產後之衛生多不深究，人僅知產婦 一人之利害，而不知關於國家之強弱也。產婦分娩之後若不謹加保養，必致發生 種種疾病，則哺乳小孩亦易生病，且其體質必弱，嗣後長大必為殘弱之國民，代 代相傳，終至均為夭殤之人。關係之大，豈僅產婦一身之利害矣。」這篇投書反 映當時中國哪些現象？ (A)愛國主義瀰漫，救亡圖存觀念深入人心 (B)受西醫的影響，社會普遍重視產後衛生 (C)強調強國強種，婦女健康攸關民族興亡 (D)優生觀念流行，中醫呼籲篩選汰弱留強,xuece-hist-115-32
分科測驗,xuece-hist,115,歷史 33,歷史,古代雅典宗教,ABD,D,S1,T4,H2,多選：古代雅典宗教與城邦生活,以下是三則有關古代雅典宗教的資料： 資料一、在雅典，軍隊須得諸神許可，祈禱和獻祭後，才能開拔。戰場上，軍隊 都得徵詢神意，向神明奉上動物犧牲。 資料二、城邦代表們常上德爾菲神廟，求阿波羅的預卜，堅信重要公共事務應先 徵詢神明指示，獲神明青睞，才會有好結果。 資料三、雅典人借助神明來應對世上各種意外，相信向神明占卜，提醒凡人有其 侷限，告誡人保持謙遜。 根據上述資料，可以推斷： (A)雅典人公共事務上多問神意 (B)雅典的民主與宗教可以共存 (C)雅典民主保持政教分離原則 (D,xuece-hist-115-33
分科測驗,xuece-hist,115,歷史 34,歷史,被發明的傳統,AB,E,S1,T2,H8,多選：許多傳統是近代才被發明的,晚近史學家討論「傳統」與「歷史」關係的議題，指出： 資料一、歷史上，「許多被宣稱為古老的『傳統』，經常是相當晚近才出現的， 甚至還是被發明出來的。」它們往往在短時間內創造出來，迅速確立為 規範或符號。例如：國旗、國歌與國慶日，是許多國家受法國大革命的 影響，設計出的象徵物和紀念日。 資料二、這種「被發明的傳統」，常宣稱與過去的某些片段有連結，藉以塑造歷 史連續性，取得國民認同。但這經常是刻意挑選過的歷史，而非真正集 體記憶。著名的「英國皇室儀式」，看似傳承古代慶典，實際上是十,xuece-hist-115-34
分科測驗,xuece-hist,115,歷史 35,歷史,紅頭嶼與牡丹社事件,B,R,S1,T1,H1,牡丹社事件後重視臺東與紅頭嶼,從上述資料推斷，臺灣官方開始重視紅頭嶼，應與下列何事最相關？ (A)羅妹號事件 (B)牡丹社事件 (C)法軍進攻臺灣 (D)日本接收臺灣,xuece-hist-115-35
分科測驗,xuece-hist,115,歷史 36,歷史,非選：臺東與紅頭嶼的納管,非選,D,S1,T0,H2,非選：防範外國勢力、鞏固海防,根據資料一與資料二，臺灣官方最初重視臺東與紅頭嶼的納管，最主要目的為何？ （2分，20字內）,xuece-hist-115-36
分科測驗,xuece-hist,115,歷史 37,歷史,非選：紅頭嶼與周邊互動,非選,D,S1,T0,H2,非選：紅頭嶼與周邊島嶼的往來,綜合上述資料，歷史上紅頭嶼與周邊世界的互動關係為何？（4分，各15字內）,xuece-hist-115-37
分科測驗,xuece-hist,115,歷史 38,歷史,唐宋佛寺濟貧,D,R,S1,T3,H4,佛教重視布施，唐宋佛寺參與濟貧,根據上述資料和你的歷史知識，唐、宋時期佛寺在濟貧上都能扮演相當角色，最 可能的原因是： (A)佛教講求出世修行 (B)安養空間環境清幽 (C)僧尼照護深獲信賴 (D)寺院經濟相當發達,xuece-hist-115-38
分科測驗,xuece-hist,115,歷史 39,歷史,非選：官方角色的變化,非選,D,S1,T0,H5,非選：從民間主導轉為官方主導,根據上述資料，從唐初到宋，官方在慈善機構的經營上，角色有何變化？（2分， 15字內）,xuece-hist-115-39
分科測驗,xuece-hist,115,歷史 40,歷史,非選：慈善機構的弊病,非選,D,S1,T0,H2,非選：唐宋慈善機構的弊病,根據上述資料，唐、宋時期這類慈善機構都曾受人詬病，其主要「弊病」各為何？ （4分，各15字內）,xuece-hist-115-40
分科測驗,xuece-hist,115,歷史 41,歷史,工業革命與女性,C,R,S1,T3,H4,工業革命早期女性仍兼顧家務與工作,綜合資料一與資料二，我們應如何理解工業革命早期女性的處境？ (A)女性已成工業生產的主力 (B)女性的勞動促成性別解放 (C)女性勞動類型仍相當傳統 (D)女性變成家計主要負擔者,xuece-hist-115-41
分科測驗,xuece-hist,115,歷史 42,歷史,非選：工廠化的衝擊,非選,D,S1,T0,H2,非選：工作與家庭分離,根據資料一，生產的「工廠化」衝擊到工人階級家庭的工作模式，此一衝擊為何？ （2分，30字內）,xuece-hist-115-42
分科測驗,xuece-hist,115,歷史 43,歷史,非選：母親的工作困境,非選,R,S1,T0,H2,非選：工廠制度的工時與地點,根據上述資料，題文中「許多母親逐漸發現無法在工作時照顧孩子」最可能與哪 項制度性因素有關？（2分，10字內）,xuece-hist-115-43
分科測驗,xuece-hist,115,歷史 44,歷史,凡爾賽和約的賠款,A,R,S1,T2,H8,協約國要報復，同盟國懷有不滿,在看待戰罪與賠償問題時，協約國人民帶著＿ 甲 ＿精神，而同盟國社會則懷 著＿ 乙 ＿心態。 (A)甲：報復、乙：憎恨 (B)甲：悲憫、乙：認命 (C)甲：同情、乙：感激 (D)甲：理想、乙：現實,xuece-hist-115-44
分科測驗,xuece-hist,115,歷史 45,歷史,非選：俄國的命運,非選,R,S1,T0,H2,非選：俄國爆發共產革命,資料二所說的「俄國的命運」，是指發生於俄國的何種情況？（2分，15字內）,xuece-hist-115-45
分科測驗,xuece-hist,115,歷史 46,歷史,非選：政治軍事的考慮,非選,R,S1,T0,H2,非選：削弱德國、防止再戰,有史家認為，協約國處理戰罪賠款問題時，經濟方面的考慮在次，政治軍事方面 的考慮反而占先。根據上述資料，「政治軍事方面的考慮」所指應為何？（2分， 25字內）,xuece-hist-115-46
分科測驗,xuece-geo,107,地理 1,地理,永續農業社區,C,E,S5,T2,G5,善用自然、循環資源：永續農業,「不能跟天討太多，善用大自然的資源與運作，放棄速度與產量的追求，循環資源避免溪河 優養化，讓生物在潔淨豐饒的田間相生相剋，四季換得來自田野慷慨的自然賜予」，這是臺 灣北部某農業社區的發展願景。上述願景的實踐可以獲致下列哪些正面效益？ 甲、永續發展 乙、國際分工 丙、農業轉型 丁、農村再生 戊、農業企業化 (A)甲乙丁 (B)乙丙戊 (C)甲丙丁 (D)乙丁戊,xuece-geo-107-1
分科測驗,xuece-geo,107,地理 2,地理,石滬與海岸,A,D,S5,T5,G3,石滬需要平緩海底、潮差大、石材多,石滬是一省時省力的古老漁撈方式，但建造石滬需有一定的地理條件配合，包括：沿岸海底 傾斜度不宜過大、海岸附近需有足夠建造石滬的石料、 潮差適中。照片1為臺灣西部某處海岸拍攝的石滬，該處 海岸最可能位於下列何處？ (A)竹苗 (B)中彰 (C)雲嘉 照片1 (D)臺南,xuece-geo-107-2
分科測驗,xuece-geo,107,地理 3,地理,衛星影像判讀,B,D,S4,T5,G6,比較兩期衛星影像的變化,不同時間的衛星影像可以偵測地表的變遷狀況，圖1為2000年及2016年的衛星影像，影像中 虛線範圍是變化明顯的區域。分析以下2張影像的甲處和乙處並進行推論，下列哪項結論最 為合理？ 甲 甲 乙 乙 2000 2016 圖1 2000 (A)2016年乙處開闢了一座公園 (B)2000年後甲處新蓋了一棟建築物 (C)2000年後乙處山坡地有違法開發 (D)2016年在甲處有一棟實驗大樓完工,xuece-geo-107-3
分科測驗,xuece-geo,107,地理 4,地理,主題地圖（貧窮人口）,D,D,S3,T5,G1,集中在漠南非洲與南亞：貧窮人口分布,圖2最可能是2013年下列哪種主題的全球分布地圖？ (A)二氧化碳排放量 (B)愛滋病感染比例 (C)國內生產毛額（GDP） (D)貧窮線以下的人口比例 高 低 無資料 圖2,xuece-geo-107-4
分科測驗,xuece-geo,107,地理 5,地理,歐盟離岸風電,A,R,S3,T5,G1,北海沿岸風力強、海域淺：離岸風電,歐盟致力於可再生能源的開發與利用，風力發電預估到2030年達到歐盟總用電量的29.6%， 下列何者最可能是歐盟主要離岸風力發電機組的分布海域？ (A)北海 (B)地中海 (C)北極海 (D)波羅的海,xuece-geo-107-5
分科測驗,xuece-geo,107,地理 6,地理,印度矽谷,D,R,S5,T2,G8,跨國科技公司聚集：產業群聚,位於印度南部的邦加羅爾（Bangalore），俗稱「印度矽谷」，周邊區域為許多跨國科技公司的 據點並聚集多國人口；這裡有異國主題的酒吧，以及販賣美式速食及法式甜點的餐廳，這些 現象反映了下列哪些概念？ 甲、全球化 乙、地方化 丙、計劃經濟 丁、產業群聚 戊、跨國社會空間 (A)甲乙丙 (B)乙丙丁 (C)丙丁戊 (D)甲丁戊,xuece-geo-107-6
分科測驗,xuece-geo,107,地理 7,地理,京都議定書減碳,D,D,S2,T5,G2,依各國基準與國情判斷減碳目標,京都議定書的精神為全球減碳，刪減的目標以1990年的溫室氣體排放量為基準，簽約各國依 此基準及國情訂定減碳目標，下列推論何者最適當？ (A)目前排放量刪減比例愈多的國家，愈加使用化石燃料 (B)目前排放量刪減比例愈少的國家，愈重視生態環境的維護 (C)目前排放量與目標排放量相近的國家，經濟發展出現停滯狀態 (D)目前排放量較目標排放量低的國家，有多餘的碳排放權可以出售,xuece-geo-107-7
分科測驗,xuece-geo,107,地理 8,地理,生態都市,C,E,S5,T2,G5,生態都市要把自然環境納入空間規劃,發展「生態都市」應遵循生態學的概念，包括將人類、植物、動物和地球環境納入空間規劃 的考量。下列哪些作為符合上述「生態都市」的理念？ 甲、倡導綠建築 乙、增加綠地面積 丙、增加道路密度 丁、維持生物多樣性 戊、增加都市開發面積 (A)甲乙丙 (B)乙丁戊 (C)甲乙丁 (D)丙丁戊,xuece-geo-107-8
分科測驗,xuece-geo,107,地理 9,地理,GPS 記錄實驗,D,D,S2,T5,G2,由 GPS 速度變化判斷交通工具與路線,假設不考慮紅綠燈與體力耗損的情況，只考慮交通工具與路線特性。甲生以某路段進行GPS 記錄的實驗，並發現騎腳踏車上坡的速度比在平地步行還慢。 ○ 2 搭公車 圖3是甲生實驗路段示意圖。下列何者最可能是甲生依照圖3上 的順序所記錄的GPS軌跡？ 乙 甲 丙 丁 3 步行 ○ 圖3 (A)甲乙丙丁 (B)丁丙甲乙 (C)丙丁乙甲 (D)甲丙乙丁,xuece-geo-107-9
分科測驗,xuece-geo,107,地理 10,地理,南島語系分布,B,K,S3,T7,G1,南島語系：臺灣到紐西蘭、復活節島與馬達加斯加,南島語系包括約一千餘種語言，廣泛分布於印度洋和太平洋，下列哪些島嶼屬於南島語系的 分布區？ 甲、南美洲西北側的千里達島 乙、南美洲西南方的復活節島 丙、非洲東南方的馬達加斯加島 丁、亞洲東南緣的民答那峨島 戊、澳洲東南方的塔斯馬尼亞島 (A)甲乙丙 (B)乙丙丁 (C)丙丁戊 (D)甲丙戊,xuece-geo-107-10
分科測驗,xuece-geo,107,地理 11,地理,環境負載力,A,E,S5,T2,G5,提高單位土地的產出，才能提高環境負載力,下列為常用的永續發展策略，何者可提高環境負載力？ 甲、改善農業灌溉系統 乙、發展再生能源技術 丙、推廣人口節育政策 丁、提倡在地生產與消費活動 (A)甲乙 (B)乙丙 (C)丙丁 (D)甲丁,xuece-geo-107-11
分科測驗,xuece-geo,107,地理 12,地理,在地供應鏈,B,R,S5,T2,G8,零件進口依賴降低：在地供應鏈形成,2010年以後，中國珠江三角洲地區的在地電子業上下游及周邊相關產業，對國外零組件進口 的依賴度逐年降低，並逐漸發展出本土的供應鏈，此現象稱為「紅色供應鏈」。相較於臺灣 電子業的供應鏈，此紅色供應鏈具有下列哪些優勢？ 甲、工業慣性產能效益更高 乙、產品的製程效率更提升 丙、產業群聚經濟效益更大 丁、內需市場商機潛力更大 戊、國際分工的效益更提升 (A)甲乙丙 (B)乙丙丁 (C)丙丁戊 (D)甲乙戊,xuece-geo-107-12
分科測驗,xuece-geo,107,地理 13,地理,產業連鎖,D,R,S5,T2,G5,蘋果需求變動影響日本零件廠：產業連鎖,某年日本六大電子零件廠因美國蘋果手機的零件需求減少，以致該年的出口訂單縮減；隔年 蘋果公司推出新款手機，零件需求增加，以致訂單大增。上述日本六大電子零件廠與蘋果公 司的產業合作關係，具有下列哪項特質？ (A)聚集經濟 (B)工業慣性 (C)區位擴散 (D)空間分工鏈,xuece-geo-107-13
分科測驗,xuece-geo,107,地理 14,地理,南海主權爭議,C,R,S3,T6,G1,南海島礁主權爭議與資源有關,南海的許多珊瑚礁島嶼，在主權歸屬問題上時有爭議，如臺灣、中國、汶萊、馬來西亞、菲 律賓和越南等國家，都宣稱對南海諸島或部分島嶼擁有主權。各國在這片海域爭搶的利益主 要是下列何者？ 甲、運輸 乙、觀光 丙、漁業 丁、能源 戊、農業 (A)甲乙丙 (B)乙丁戊 (C)甲丙丁 (D)丙丁戊,xuece-geo-107-14
分科測驗,xuece-geo,107,地理 15,地理,非洲景觀帶,A,R,S3,T5,G1,非洲氣候南北對稱，由緯度判斷景觀帶,非洲的氣候以赤道為中心大致南北對稱，加上地形起伏，呈現多元的自然景觀帶分布。該大 洲下列哪個緯度的自然景觀帶最為單調？ (A)北緯25度 (B)0度 (C)南緯23.5度 (D)南緯30度,xuece-geo-107-15
分科測驗,xuece-geo,107,地理 16,地理,碳足跡與生態印跡,A,E,S2,T4,G2,減少肉食等行為，同時降低碳足跡與生態印跡,表1中哪種日常生活行為的改變，對臺灣碳足跡與生態印跡的影響，最為合理？ 表1 生活行為 生態印跡 碳足跡 甲 吃臺灣土雞吃澳洲牛肉 增加 增加 乙 穿外國平價服飾穿臺灣製高級服飾 增加 減少 丙 使用臺灣紅磚使用義大利大理石 減少 增加 丁 騎腳踏車駕駛轎車 減少 減少 (A)甲 (B)乙 (C)丙 (D)丁,xuece-geo-107-16
分科測驗,xuece-geo,107,地理 17,地理,TM2 坐標與環域,C,D,S0,T5,G6,由 TM2 坐標與半徑計算範圍,"某傳染病發病範圍在第一階段的中心點坐標為TM2（252000, 3245000），涵蓋半徑為3,000公 尺；第二階段的中心點坐標為TM2（254000, 3246000），涵蓋半徑為4,000公尺；第三階段的 中心點坐標為TM2（255000, 3249000），涵蓋半徑為6,000公尺。此傳染病最可能是屬於哪種 擴散類型？ (A)擴張型 (B)位移型 (C)混合型 (D)階層型",xuece-geo-107-17
分科測驗,xuece-geo,107,地理 18,地理,非洲愛滋病,C,R,S5,T6,G8,東南非愛滋盛行：性行為與醫療資源不足,"2016年全球愛滋病毒感染者共計約3,670萬，其中東部暨南部非洲就有約1,940萬。愛滋病毒 傳染途徑主要有性行為、血液和垂直感染，感染者在全球區域呈現分布不均的情況，其主要 受到下列何種因素影響？ (A)氣候 (B)種族 (C)社會文化 (D)經濟豐裕",xuece-geo-107-18
分科測驗,xuece-geo,107,地理 19,地理,臺灣糧食自給率,B,D,S5,T3,G5,休耕與進口增加，糧食自給率下降,近年臺灣農田休耕、棄耕或廢耕的面積逐年增加，糧食進口量大幅上揚，2016年以熱量為計算 基準的糧食自給率僅剩31%。造成臺灣近年糧食自給率下降的原因，最可能包括下列何者？ 甲、農業科技進步 乙、農村勞動力老化 丙、國人飲食習慣改變 丁、氣候變遷導致產量降低 戊、加入WTO後部分糧食作物無法與進口作物競爭 (A)甲乙丁 (B)乙丙戊 (C)甲丙丁 (D)乙丁戊,xuece-geo-107-19
分科測驗,xuece-geo,107,地理 20,地理,沙塵與氣候,D,D,S2,T5,G3,降水少、強風多的月份：沙塵發生時段,圖4為某亞熱帶地區河川下游降水量與強風日數的月統計圖，此區在下列哪個時段發生沙塵 降水量（mm） 強風日數 飛揚問題的頻率最高？ 25 350 (A)三月至四月 300 20 250 (B)五月至六月 15 200 (C)七月至九月 150 10 (D)十月到次年二月 100 5 50 0 0 七 三 四 五 六 八 九 十 十一十二 一 二 圖4,xuece-geo-107-20
分科測驗,xuece-geo,107,地理 21,地理,拓樸地圖,B,D,S4,T5,G7,拓樸地圖只保留順序與交會節點,這種路網圖可以精確的表達下列哪些站與站間的關係？ 甲、距離 乙、方位角 丙、前後順序 丁、路線交會節點 戊、車站面積大小 (A)甲乙 (B)丙丁 (C)丁戊 (D)甲戊 圖5,xuece-geo-107-21
分科測驗,xuece-geo,107,地理 22,地理,路網圖的用途,D,E,S4,T2,G7,路網圖適合找轉乘路線，不能量距離,根據此路網圖所提供的資訊，最適合進行下列哪項工作？ (A)量測出車站坐標 (B)計算乘車所需時間 (C)找出車站位於哪條街道 (D)找出經過最少站的乘車規劃,xuece-geo-107-22
分科測驗,xuece-geo,107,地理 23,地理,作物與海拔,C 或A,D,S3,T0,G1,本題兩個答案都給分：高海拔讓作物在低緯度生長,圖中此原料作物得以跨越回歸線，在低緯度的甲地生 長，最可能是受到下列哪項地理要素的影響？ (A)洋流 (B)海陸分布 50 N 10℃ (C)海拔高度 (D)地方風系 30 N 20℃,xuece-geo-107-23
分科測驗,xuece-geo,107,地理 24,地理,原料指向作物,B,D,S3,T5,G1,由分布的氣溫範圍判斷：葡萄（釀酒）,此原料作物最有可能是下列何者？ 0 甲 (A)小麥 (B)葡萄 20℃ 30 S (C)咖啡 (D)茶樹 10℃ 50 S,xuece-geo-107-24
分科測驗,xuece-geo,107,地理 25,地理,農業類型（日本）,C,E,S5,T2,G8,鼓勵法人化經營，擴大農場規模,日本在2015年廢除長達十年的稻田轉作政策，鼓勵農業經營法人化以因應人口老化及農戶 規模問題。日本最可能是表2中的哪種農業類型國家？ (A)甲 (B)乙 (C)丙 (D)丁,xuece-geo-107-25
分科測驗,xuece-geo,107,地理 26,地理,歐洲地中海型農業,A,R,S5,T6,G8,夏乾冬雨的丘陵國：地中海型農業,歐洲某國以丘陵為主，氣候夏乾冬雨，該國農場規模大多超過1公頃，但因灌溉的需求，農 場規模也不宜過大，大部分農戶經營農場規模較小的蔬果作物，而山間平緩的丘陵，則以農 場規模稍大的橄欖、柑橘果樹為主。某國最可能是表2中的哪種農業類型國家？ (A)甲 (B)乙 (C)丙 (D)丁,xuece-geo-107-26
分科測驗,xuece-geo,107,地理 27,地理,衛武營土地利用法規,A,K,S5,T7,G8,軍營轉為公園，須經都市計畫法審查,此項計畫涉及的土地利用改變，須藉由下列哪項法規審查通過？ (A)都市計畫法 (B)國土計畫法 (C)文化資產保存法 (D)風景特定區管理規則,xuece-geo-107-27
分科測驗,xuece-geo,107,地理 28,地理,地方參與,B,E,S5,T2,G8,市民組織推動公園：公民參與,高雄市民主張將衛武營作為公園綠地，並成立「衛武營公園促進會」，這項推動公園成立的 過程，最適合用下列哪個概念說明？ (A)區位移轉 (B)地方參與 (C)地景評估 (D)環境影響評估,xuece-geo-107-28
分科測驗,xuece-geo,107,地理 29,地理,勞動力比例,A,D,S2,T5,G2,勞動力比例最早下降的是日本,日本是圖7中哪條曲線？ (A)甲 (B)乙 (C)丙 (D)丁,xuece-geo-107-29
分科測驗,xuece-geo,107,地理 30,地理,人口紅利,D,D,S2,T5,G2,2020 年後勞動力比例仍上升：印度,根據圖7中所示，2020年之後擁有人口紅利的國家除越南之外，最可能是下列哪個國家？ (A)日本 (B)美國 (C)中國 (D)印度,xuece-geo-107-30
分科測驗,xuece-geo,107,地理 31,地理,人口金字塔,B,D,S4,T5,G7,由人口金字塔形狀判斷國家,圖8最可能是下列哪個國家2020年的人口金字塔？ (A)甲 (B)乙 (C)丙 (D)丁,xuece-geo-107-31
分科測驗,xuece-geo,107,地理 32,地理,胡煥庸線,B,R,S3,T5,G1,胡煥庸線：人口、農牧、降水的分界,中國各種地理現象的分布，下列哪些現象與胡煥庸線大致符合？ 甲、農業區與畜牧區的分界 乙、一穫區與二穫區的分界 丙、稻作區與小麥區的分界 丁、濕潤地區與乾燥地區的分界 圖7 戊、人口稠密區與人口稀疏區的分界 (A)甲乙丙 (B)甲丁戊 騰衝 (C)乙丙丁 (D)乙丁戊 圖9,xuece-geo-107-32
分科測驗,xuece-geo,107,地理 33,地理,中國區域發展政策,D,R,S3,T2,G1,直接促進西部發展的政策,圖9 33. 中國的經濟政策中，下列哪些政策期望能直接促進「胡煥庸線」 西側的發展？ 甲、西氣東輸 乙、西電東送 丙、振興老工業 丁、沿海經濟開放 戊、青藏鐵路的興建 (A)甲乙丙 (B)乙丙丁 (C)丙丁戊 (D)甲乙戊,xuece-geo-107-33
分科測驗,xuece-geo,107,地理 34,地理,門牌地址定位,D,D,S0,T5,G6,由地址判斷對應的經緯度,"若在「門牌地址定位服務」輸入 中華路40號，Google地圖上顯示的 空間坐標最可能為下列何者？ (A)24.8027, 120.9650 (B)24.8042, 120.9658 (C)24.8030, 120.9653 (D)24.8025, 120.9659 圖10",xuece-geo-107-34
分科測驗,xuece-geo,107,地理 35,地理,定位方法比較,C,E,S5,T2,G6,門牌定位快速但精度較低，GPS 精準但費時,"若要獲得1,000筆地址的經緯度資料，「門牌地址定位」與「GPS現場定位」兩種方式，最可 能具有下列哪種差異性？ (A)GPS現場定位易受網路連線的影響 (B)GPS現場定位的後續分析較為容易 (C)門牌地址定位服務的人力成本較低 (D)門牌地址定位服務易受天候的影響",xuece-geo-107-35
分科測驗,xuece-geo,107,地理 36,地理,河口與國家公園,D,D,S4,T5,G7,由影像判斷河口位置，找最近的國家公園,這條河流的河口與哪個國家公園之間的直線距離最近？ (A)台江 (B)墾丁 (C)玉山 (D)太魯閣,xuece-geo-107-36
分科測驗,xuece-geo,107,地理 37,地理,沙嘴地形,B,D,S4,T5,G7,河口一端連陸、一端伸入海：沙嘴,圖11中2006年的甲處最可能是下列哪種海岸地形？ (A)海階 (B)沙嘴 (C)沙頸岬 (D)連島沙洲,xuece-geo-107-37
分科測驗,xuece-geo,107,地理 38,地理,影像判讀年代,D,D,S4,T5,G7,依沙嘴形狀的變化判斷影像年代,圖12的拍攝年代大概在什麼時候？ (A)2006年或以前 (B)2006至2007年間 (C)2007至2014年間 (D)2015年或以後 圖12,xuece-geo-107-38
分科測驗,xuece-geo,107,地理 非選一,地理,非選：薩赫爾反恐,非選,R,S3,T0,G1,非選：薩赫爾地區的恐怖攻擊與法國的關係,一、2018 年3 月2 日布吉納法索首都中的法國使館和該國軍事總部遇襲，造成數十人死傷，這 兩起攻擊可能意圖報復於日前召開的非洲五國地區反恐會議。然而，2017 年5 月，五國已 簽署備忘錄，共同部署地區聯合安全部隊來加強「新月形沙丘反恐行動」，維護三個重點 地區的安全：一是位於茅利塔尼亞和馬利邊境的西區；二是尼日和查德邊境地帶的東區； 三則是馬利、尼日與布吉納法索接壤的中區。請問： 1. 文中五國集團因主要位於撒哈拉沙漠南緣，所以此區被稱為什麼？（2 分） 2. 參與「新,xuece-geo-107-非選一
分科測驗,xuece-geo,107,地理 非選二,地理,非選：亞洲崩塌,非選,D,S3,T0,G1,非選：由分布判斷崩塌集中的地形與氣候,"二、圖13 為NASA 整理2000 年的亞洲部分地區的崩塌災害分布圖，從圖中可以明顯的看出山 崩發生的地點有其特性，請問： N 1. 甲區的崩塌因素中，有一種是由季風 W E S 伴隨哪種降雨類型所導致？（2 分） 2. 造成丙區經常發生崩塌的主要降雨 類型為何？（2 分） 北回歸線 甲 乙 3. 請寫出造成臺灣崩塌的兩項主要誘發 因素？（4 分） 赤道 丙 崩塌地密度 高 0 500 1,000 2,000 公里 低 圖13",xuece-geo-107-非選二
分科測驗,xuece-geo,107,地理 非選三,地理,非選：氣候與水平衡,非選,D,S2,T0,G3,非選：由降水與蒸發判斷水平衡與氣候,三、氣溫與降水為評估氣候分類的兩大依據。表3 為甲、乙兩地月均溫、平均降水量及平均蒸 發散量的水文記錄，請問： 表3 10 11 12 月 份 1 月 2 月 3 月 4 月 5 月 6 月 7 月 8 月 9 月 月 月 月 氣溫 18 18 17 14 12 10 9 10 11 13 15 16 甲 降水量 67 48 76 87 99 113 111 106 82 81 74 74 地 蒸發散量 67 48 43 36 30 37 25 29 54 39 33 41 ,xuece-geo-107-非選三
分科測驗,xuece-geo,108,地理 1,地理,商業與中地,C,R,S5,T2,G8,人口少、商圈小，達不到百貨公司的商閾,2019年3月彰化市一間名為「彰化百貨」的百貨行歇業，各媒體紛紛報導此事，並以 「彰化市為什麼沒有百貨公司？」為題訪問路人，有路人提到彰化人比較常去臺中逛 百貨公司。上述現象最適合以下列哪個理論加以解釋？ (A)邱念圈 (B)推拉理論 (C)中地理論 (D)工業區位論,xuece-geo-108-1
分科測驗,xuece-geo,108,地理 2,地理,產油國經濟轉型,C,R,S5,T6,G8,產油國為資源枯竭預作準備：經濟轉型,位於乾燥氣候區的甲國，擁有豐富的化石燃料資源，但該國政府認為這些資源終將開 採殆盡，因此致力促進國內生產部門私有化，並發展文化、知識經濟等其他產業，如 聞名全球的半島電視台。2017年，甲國政府因爭議事件，引發許多鄰近國家與其斷交 ，甚至要求甲國關閉半島電視台。上述的爭議事件最有可能是下列何者？ (A)贊成種姓制度，限制賤民階級的受教權 (B)反對自由貿易，限制石油從爪哇島出口 (C)資助恐怖主義，讚美伊朗是伊斯蘭共主 (D)關閉能源管線，強迫鄰國開放黑海港口,xuece-geo-108-2
分科測驗,xuece-geo,108,地理 3,地理,降雨強度與逕流,B,D,S2,T5,G3,降雨強度大、延時短，最容易產生逕流,圖1 是集水區內某地的降雨強度與降雨延時的觀測紀錄，其中降雨延時是指一場降雨 從開始到結束的時間。若在同樣性質的地面條件下，圖中甲、乙兩次降雨事件，最有 可能分別呈現下列哪種類型的水文歷線示意圖？（CMS=m3/sec） (A) (B) （毫米／小時） 1 (CMS) (CMS) 流 流 甲 量 乙 量 1 甲 甲 1 乙 降 1 雨 時間（小時） 時間（小時） 強 1 (D) (C) 度 0 乙 (CMS) 流 (CMS) 流 甲 甲 乙 量 量 0 0 乙 降雨延時 時間,xuece-geo-108-3
分科測驗,xuece-geo,108,地理 4,地理,汽車產業群聚（泰國）,B,R,S5,T2,G8,零組件廠聚集曼谷：汽車產業群聚,近年來，許多汽車跨國企業紛紛前往泰國曼谷地區投資，設立引擎、變速箱等重要的 零組件工廠，目前泰國已經是世界汽車及相關零組件的重要生產基地。上述汽車產業 的發展現象，主要具有下列哪些經營特性？ 甲、聚集經濟 乙、產品客製化 丙、在地全球化 丁、區域專業化 (A)甲乙 (B)甲丁 (C)乙丙 (D)丙丁,xuece-geo-108-4
分科測驗,xuece-geo,108,地理 5,地理,糧食與負載力,D,D,S2,T5,G2,比較糧食產量與需求：人口超過負載力,某地區總耕地面積為8 千公頃，人口約1 萬人，每人每年糧食實際消費量為0.5 千公斤。 表1 為該區長年平均的糧食生產資料，若只考慮糧食需求，理論上該地區實際消費的 人均生態印跡最接近下列何者？ 表1 類別 總耕地面積 年產量 單位面積產量 人均耕地面積 人均產量 （單位） （千公頃） （百萬公斤） （千公斤／公頃） （公頃／人） （千公斤／人） 值 8 12 1.5 0.8 1.2 (A)0.08公頃／人 (B)0.12公頃／人 (C)0.20公頃／人 (D)0.33公頃／,xuece-geo-108-5
分科測驗,xuece-geo,108,地理 6,地理,巴塔哥尼亞氣候,B,R,S1,T5,G3,位在西風帶背風側：乾燥寒冷的高原,巴塔哥尼亞高原位於阿根廷南部和一小部份的智利境內，擁有如莫雷諾冰河的酷冷景 觀，也有廣大荒蕪的沙漠，亦有麥哲倫企鵝的分布。造成該高原氣溫低於同緯度地區 的原因，最可能為下列何者？ (A)位於西風背風側 (B)福克蘭洋流流經 (C)ITCZ季節性移動 (D)極圈低壓全年籠罩,xuece-geo-108-6
分科測驗,xuece-geo,108,地理 7,地理,尼加拉瓜運河,C,D,S3,T5,G1,運河縮短美洲東西岸的航程,2014 年12 月尼加拉瓜運河開始興建，預計2019 年完成，圖2 為尼加拉瓜運河位置圖。 該運河啟用後，若僅考慮距離要素，古巴沿海港口到 100°W 80°W 90°W 下列哪個地區的海運，比起過去利用巴拿馬運河的航 30°N 程，其距離縮短最多？ (A)巴西里約 (B)秘魯利馬 20°N (C)美國洛杉磯 (D)加拿大魁北克 巴拿馬運河 尼加拉瓜運河 10°N 圖2,xuece-geo-108-7
分科測驗,xuece-geo,108,地理 8,地理,土地公廟與產業,D,D,S4,T2,G7,由土地公廟對聯判斷當地產業,照片1 為臺灣某地區的土地公廟，其對聯可反映當地的產業特色。該地區最可能位於 下列哪個國家風景特定區附近？ (A)西拉雅 (B)大鵬灣 (C)雲嘉南濱海 (D)東北角暨宜蘭海岸 照片1,xuece-geo-108-8
分科測驗,xuece-geo,108,地理 9,地理,土石流防治,A,D,S4,T5,G7,攔砂壩是防治土石流的工程,照片2 是為了防治某種環境災害的工程。該環境災害最可能是下列何者？ (A)土石流 (B)邊坡地滑 (C)山崩落石 (D)土壤流失 照片2,xuece-geo-108-9
分科測驗,xuece-geo,108,地理 10,地理,中國綠洲水源,B,R,S4,T3,G7,全球暖化使冰川融化減少，綠洲水源短缺,照片3 是中國某地的綠洲地景。專家研究指出，從長期全球暖化的趨勢來看，未來50 年該地 水源將逐漸短缺。專家所持的証據最可能是下列何者？ (A)該地海平面持續上升 (B)該地附近冰河逐漸消融 (C)該地轉變為乾燥氣候區 (D)該地地震發生頻率增加 照片3,xuece-geo-108-10
分科測驗,xuece-geo,108,地理 11,地理,氣候類型判讀,A,D,S2,T5,G3,冬季嚴寒、夏季短暫：極地氣候,根據表2 資料判斷，該地最可能屬於下列何種氣候類型？ (A)極地氣候 (B)夏雨型暖溼氣候 (C)溫帶大陸性氣候 (D)溫帶地中海型氣候,xuece-geo-108-11
分科測驗,xuece-geo,108,地理 12,地理,水平衡,A,R,S2,T5,G2,降水少但蒸發更少：寒冷地區也可以是剩水區,以全年氣候水平衡的角度來分析，該地可被歸為「剩水區」，其被分類的主要依據， 最可能與下列哪項原因關係密切？ (A)年蒸發散量低 (B)地下水量豐富 (C)地面融冰水源多 (D)月降水量分配均勻,xuece-geo-108-12
分科測驗,xuece-geo,108,地理 13,地理,咖啡帶,D,R,S1,T7,G4,咖啡帶在南北緯 25 度內,文中的「咖啡帶」最可能包括下列哪個區域？ (A)南歐的義大利半島區 (B)西亞的高加索區山地 (C)北非的亞特拉斯山脈 (D)中美的太平洋岸山地,xuece-geo-108-13
分科測驗,xuece-geo,108,地理 14,地理,咖啡貿易,C,R,S5,T6,G8,進口咖啡豆最多的是消費國日本，不是產地,2011-2015 年，下列四個國家中，哪個國家每年進口的咖啡生豆量可能最高？ (A)印尼 (B)巴西 (C)日本 (D)越南,xuece-geo-108-14
分科測驗,xuece-geo,108,地理 15,地理,都市化與人口,B,D,S2,T5,G2,開發中國家都市人口超越鄉村人口,"依照圖3，2018 年左右，全球最可 6,000 2020 年後為推估 能出現下列哪項人口變遷現象？ 5,000 甲 (A)已開發國家都市人口開始超過 人 4,000 已開發國家鄉村人口 口 數 乙 3,000 (B)開發中國家都市人口開始超過 （ 開發中國家鄉村人口 百 2,000 萬 丙 (C)已開發國家都市人口開始超過 ） 1,000 開發中國家都市人口 丁 0 1950 1960 1970 1980 1990 2000 2010 2020 2030 2040 (D)開",xuece-geo-108-15
分科測驗,xuece-geo,108,地理 16,地理,人口與社經問題,A,R,S2,T3,G2,人口持續增加，平均每人土地面積縮小,若根據該圖的推估趨勢，2040 年全球最可能面臨下列哪項社經問題的挑戰？ (A)平均每人土地面積縮小 (B)老年人口總數大幅增加 (C)平均每人原油用量減少 (D)幼年人口總數顯著增加,xuece-geo-108-16
分科測驗,xuece-geo,108,地理 17,地理,科技園區交通,B,R,S5,T2,G8,通勤人口集中、道路不足：供需失調,該科技園區周邊交通嚴重壅塞的情形，主要和下列哪些現象有關？ 甲、周邊道路供需失調 乙、資訊革新促進人口移動 丙、園區內產業屬勞力密集類型 丁、園區內未規劃大量員工宿舍 (A)甲丙 (B)甲丁 (C)乙丙 (D)乙丁,xuece-geo-108-17
分科測驗,xuece-geo,108,地理 18,地理,生態都市政策,C,E,S5,T2,G5,發展大眾運輸：永續與綠色交通,該市府所提的解決措施，除了希望改善交通外，實際也隱含了下列哪項理念的政策推動？ (A)社會正義 (B)產業升級 (C)生態都市 (D)都市更新,xuece-geo-108-18
分科測驗,xuece-geo,108,地理 19,地理,國際貿易（肯亞花卉）,C,R,S5,T2,G8,肯亞產花、歐洲消費：國際分工與交通運輸,文中花卉產地與銷售地二者之間的關係，較可說明下列哪些現象？ 甲、計畫經濟改革 乙、交通運輸革新 其他 12% 丙、國際金融流通 丁、產業區位移轉 德國 5% (A)甲乙 (B)甲丁 (C)乙丙 (D)丙丁 荷蘭,xuece-geo-108-19
分科測驗,xuece-geo,108,地理 20,地理,歐洲區域,D,D,S2,T5,G2,出口大多銷往荷蘭：西歐經濟衰退影響最大,荷蘭 20. 下列歐洲哪個地區若發生經濟衰退的現象，對肯亞花卉產業的 66% 英國 影響可能最大？ 17% (A)北歐 (B)東歐 圖4 (C)南歐 (D)西歐,xuece-geo-108-20
分科測驗,xuece-geo,108,地理 21,地理,鄉土溫帶水果,D,D,S2,T5,G2,溫帶水果產區在高海拔：臺中和平,該生就讀的學校，最可能位在下列哪個鄉鎮市區？ (A)屏東縣屏東市 (B)雲林縣麥寮鄉 (C)彰化縣員林市 (D)臺中市豐原區,xuece-geo-108-21
分科測驗,xuece-geo,108,地理 22,地理,統計圖的選擇,A,E,S2,T2,G2,表示時間變化用折線圖,某生想把表3 資訊繪製成統計圖，其最適合採用下列哪種圖型？ (A)折線圖 (B)圓餅圖 (C)點子圖 (D)面量圖,xuece-geo-108-22
分科測驗,xuece-geo,108,地理 23,地理,水庫淤積議題,B,E,S5,T2,G8,研究區有水庫，最需要討論淤積問題,就該生的專題研究主旨，下列哪項在研究區內的資訊，是其專題報告中最需討論的議題？ (A)每人水資源利用量 (B)水庫庫區的淤積量 (C)海岸侵蝕的後退量 (D)休閒農場的成長率,xuece-geo-108-23
分科測驗,xuece-geo,108,地理 24,地理,衣索比亞水壩,B,R,S3,T7,G1,衣索比亞在尼羅河上游，下游是蘇丹、埃及,Grand Ethiopian Renaissance 水壩的興建，引發了水壩下游國家的抗議。這個國家最可 能是下列何者？ (A)南非 (B)埃及 (C)奈及利亞 (D)阿爾及利亞,xuece-geo-108-24
分科測驗,xuece-geo,108,地理 25,地理,衣索比亞經濟,A,R,S5,T2,G8,興建水壩發展產業：擺脫邊陲國家角色,依據上文，近年衣索比亞的經濟發展，可反映該國正在往下列哪項目標努力？ (A)積極脫離邊陲國家的角色 (B)利用工業慣性成為世界工廠 (C)強調走向客製化生產模式 (D)趨向全球在地化的商品生產,xuece-geo-108-25
分科測驗,xuece-geo,108,地理 26,地理,戈蘭高地景觀,D,R,S3,T5,G1,戈蘭高地緯度與位置：地中海型灌木林,高 甲 26. 由戈蘭高地的位置判斷，當地最有可能見到下列何 地 種自然景觀？ (A)沙漠 (B)雨林 33.0°N (C)針葉林 (D)灌木林 • 國界 乙,xuece-geo-108-26
分科測驗,xuece-geo,108,地理 27,地理,戈蘭高地水源,B,D,S3,T5,G1,占領戈蘭高地也為了控制水源,湖泊 27. 根據戈蘭高地的地形圖判斷，以色列占領戈蘭高地的原 以色列 地形高度 因，除了與軍事戰略有關，亦與下列哪個因素有關？ (公尺) 加利利海 丙 • (A)宗教聖地 1500 1200 (B)淡水資源 900 600 (C)航運要道 300 丁 • 約旦 (D)石油礦產 0 -300,xuece-geo-108-27
分科測驗,xuece-geo,108,地理 28,地理,視域判讀,B,D,S3,T5,G1,被山丘遮擋、看不到的點隱蔽性最高,若僅考慮地形因素，敘利亞在圖中☆點處設置瞭望 33.5°E 圖5 台，則以色列境內哪個地點的隱蔽性最高？ (A)甲 (B)乙 (C)丙 (D)丁,xuece-geo-108-28
分科測驗,xuece-geo,108,地理 29,地理,分水嶺,A,D,S3,T5,G1,由界碑位置判斷分水嶺：蘭陽溪與淡水河,該界碑最接近下列哪兩大水系的分水嶺 附近？ (A)蘭陽溪，淡水河 (B)蘭陽溪，大甲溪 (C)大甲溪，大安溪 (D)淡水河，大安溪,xuece-geo-108-29
分科測驗,xuece-geo,108,地理 30,地理,林相與縣市,B,D,S4,T5,G7,依林相判斷高海拔的縣市交界,參考圖6，並根據地形與氣候條件推斷，下列 哪兩個縣市，最可能在近似照片4 的林相自 然景觀中設立界碑？ 照片4 (A)南投與高雄 (B)嘉義與高雄 (C)彰化與臺中 (D)彰化與雲林 圖6,xuece-geo-108-30
分科測驗,xuece-geo,108,地理 31,地理,GIS 分析方法,D,E,S4,T2,G6,比較不同年份影像：疊圖分析,若想從上述影像來分析河流水域和沙洲的變遷歷程，最適合採用下列地理資訊系統中 的何種分析方法？ (A)地勢分析 (B)視域分析 (C)環域分析 (D)疊圖分析,xuece-geo-108-31
分科測驗,xuece-geo,108,地理 32,地理,河道沙洲變遷,C,R,S4,T3,G7,沙洲變化與上游興建水庫、河道整治有關,造成1947 年至1991 年間，河中沙洲地形產生變化的原因，最可能與淡水河流域的下 列哪項人為活動有關？ (A)沙洲地帶興建房舍 (B)河流兩岸堤防加高 (C)河流沿岸開採砂石 (D)沙洲農業活動減少,xuece-geo-108-32
分科測驗,xuece-geo,108,地理 33,地理,防洪堤,C,R,S4,T3,G7,堤防增加是為了防洪,圖7 中甲～己是某種人工建築物，1947 年至2012 年該種建築物增加，和下列哪個事實 的關係最密切？ (A)都市更新的推動 (B)防洪工程的開築 (C)都會區快速發展 (D)雁鴨公園的設置,xuece-geo-108-33
分科測驗,xuece-geo,108,地理 34,地理,中國農業分區,D,D,S3,T5,G1,由產量判斷農業分區,圖8 34. 圖8 中的辰區最可能是表4 中的何處？ (A)甲區 (B)乙區 (C)丙區 (D)丁區,xuece-geo-108-34
分科測驗,xuece-geo,108,地理 35,地理,一帶一路,A,R,S3,T1,G1,一帶一路沿古代絲路發展,中國一帶一路的區域經濟發展策略之一，係以過去漢代的陸上絲綢之路為主軸，強化 與他國的貿易往來。中國透過此絲綢之路，最可能在圖8 中何區設立農業研究中心， 以期未來該區的農業生產可就近出口至國外？ (A)子區 (B)卯區 (C)午區 (D)申區,xuece-geo-108-35
分科測驗,xuece-geo,108,地理 36,地理,季風風場,C,D,S3,T5,G1,依風場判斷季風月份,這張風場圖發生的月份 95°E 100°E 105°E 110°E 115°E 120°E 125°E 130°E 135°E 最可能是下列何者？ 5°N 5°N (A)1月 (B)3月 0° 0° (C)6月 (D)11月 5°S 5°S 圖例 燒芭主要區域 風向 10°S 10°S 陸地 95°E 100°E 105°E 110°E 115°E 120°E 125°E 130°E 135°E 圖9,xuece-geo-108-36
分科測驗,xuece-geo,108,地理 37,地理,土壤化育,D,R,S1,T5,G3,高溫多雨、土壤貧瘠：熱帶雨林的燒墾,文中所敘述的燒芭農耕地區，是以燒芭的森林灰燼來增加土壤肥力，其最可能出現在 下列哪種土壤化育環境？ (A)灰化 (B)鈣化 (C)鹽鹼化 (D)聚鐵鋁化,xuece-geo-108-37
分科測驗,xuece-geo,108,地理 38,地理,東南亞霾害,A,D,S3,T5,G1,依風向判斷霾害影響的國家,近年來燒芭常引發霾害，若依據圖中加里曼丹（婆羅洲）燒芭的位置與風向，下列哪 個國家最可能遭受霾害的威脅？ (A)汶萊 (B)泰國 (C)東帝汶 (D)新加坡,xuece-geo-108-38
分科測驗,xuece-geo,108,地理 非選一,地理,非選：地方感,非選,R,S1,T0,G4,非選：地方感的形成,一、 「這是一個大社區，包含了三個里，是農村也是漁村，早期還曾經是鹽村，進入這個 社區映入眼簾的，除了房舍外，就是附在屋外的剝蚵棚，簡單搭建的剝蚵棚裡，手腳 俐落的居民熟練地將蚵殼剝開挑出牡蠣。社區信仰中心座落在社區中間一帶，廟前的 蚵嗲是旅外遊子共同思念的家鄉味道。每年農曆6 月底廟會活動的前幾天，居民開始 尋找合適的竹子、玻璃瓶和泥土自製火燈，活動當天晚上，居民一起舉著火燈跟著神 明在村莊四周遶境，以祈求未來一年的平安順利。這個社區，其社區營造可說在百年 前就已經開始……,xuece-geo-108-非選一
分科測驗,xuece-geo,108,地理 非選二,地理,非選：紐西蘭冰河,非選,R,S1,T0,G3,非選：紐西蘭的冰河地形,二、 某個國家的面積是臺灣七倍大，並與臺灣簽訂有自由貿易協定（FTA），該國首都位於 41°17'S，174°47'E。圖10 為該國某地的冰河地形等高線圖。請問： 1. 這個國家為何？（2分）在7月3日時，該國 首都與臺灣的時差為多少？（2分） 2. 圖10中（甲）冰河地形名稱為何？（2分） 3. 以八方位寫出甲處冰河的主要流向？（2分）,xuece-geo-108-非選二
分科測驗,xuece-geo,108,地理 非選三,地理,非選：冰島產業,非選,R,S1,T0,G4,非選：冰島以地熱發展產業,三、 歐洲某個國家，擁有豐富的漁業、地熱及水 力等天然資源。1990 年代末期，隨著能源技 術成熟，該國產業結構調整，由單一的傳統 漁業經濟轉化為兼具漁業、製造業、服務業、 旅遊業的多元化經濟。尤其是2000 年以來， 全球金融市場處於低利率、資金寬鬆、金融 產品創新快速又多樣化的時期，加上該國政 府也積極推動金融自由化的政策，因而該國 金融業持續地追逐高風險的金融產品及短 期利潤，最終在2007 年因美國次貸危機， 導致銀行無法自外國取得融資而紛紛倒閉 的情況。2008 年,xuece-geo-108-非選三
分科測驗,xuece-geo,109,地理 1,地理,東北部冬雨,C,K,S0,T2,G3,東北季風受山地抬升：地形雨,臺灣東北部的冬季降雨主要屬於哪種降雨類型？ (A)梅雨 (B)對流雨 (C)地形雨 (D)颱風雨,xuece-geo-109-1
分科測驗,xuece-geo,109,地理 2,地理,都市水圳與空間,B,D,S1,T2,G4,巷弄中的水圳與日式宿舍：都市的空間記憶,「走進巷弄中，不僅可以看到日式宿舍建築及綠意盎然的植物，還有人文氣息濃厚的書 店、公園綠地，以及一段未加蓋的水圳遺址。此水圳利用太陽能水循環淨化系統達成過 濾作用，創造了具有豐富多樣的水文環境，這些都是社區居民共同努力的成果。」以上 敘述與下列哪些概念最相關？ 甲、地方參與 乙、社會正義 丙、生態社區 丁、水土保持 戊、歷史地景 (A)甲乙丙 (B)甲丙戊 (C)乙丁戊 (D)丙丁戊,xuece-geo-109-2
分科測驗,xuece-geo,109,地理 3,地理,土地使用管制,D,E,S5,T2,G8,依住宅區規定管制商業活動：土地使用管制,某大學附近商業活動熱絡，影響當地居民的居住品質，市政府面對周邊社區居民的抗爭 ，依循住宅區8公尺巷弄內不得設立餐廳的規定，要求店家停業。上述作法和下列哪個 概念關係最密切？ (A)開放空間 (B)都市更新 (C)環境影響評估 (D)土地使用分區,xuece-geo-109-3
分科測驗,xuece-geo,109,地理 4,地理,資料蒐集方法,B,E,S5,T2,G8,資料要配合適當的取得方法,某生為了解學校附近商業區的商圈特色，利用各種方法蒐集資料進行探究。下列哪些資 料與取得方法的對應最為適當？ 甲、利用各種統計資料獲取區內的商家數量 乙、利用衛星影像解讀區內從業人員的通勤路線 丙、利用全球衛星定位系統了解區內過去的發展狀況 丁、利用新聞剪報或企業網站取得近年區內新設店家的位置 (A)甲乙 (B)甲丁 (C)乙丙 (D)丙丁,xuece-geo-109-4
分科測驗,xuece-geo,109,地理 5,地理,都市階層與擴散,A,D,S2,T5,G2,病例由大都市擴散到小都市：階層擴散,圖1 表示六個都市在不同時間階段的新增病 t4 9 5 14 例數，此六個都市的機能和人口規模存在著 時 明顯差別。橫軸代表以甲都市為起點與其他 30 t3 20 12 間 五個都市間的距離，由近而遠排列。縱軸代 階 t2 25 20 段 30 表時間階段，圈內數字表示該時段的新增病 例數。根據圖1，此疾病的傳播途徑最符合 t1 12 10 哪種擴散類型？ 5 t0 (A)階層型 (B)位移型 距離 甲 乙 丙 丁 戊 己 (C)擴張型 (D)混合型 圖1,xuece-geo-109-5
分科測驗,xuece-geo,109,地理 6,地理,日本雪祭與季風,A,R,S5,T5,G3,北海道冬季降雪的水氣來自日本海,某人到日本參觀北海道的雪祭，各式各樣的雪雕令人嘆為觀止。影響當地冬季降雪豐富 最主要的水氣來源為何？ (A)季風經日本海所吸收的水氣 (B)太平洋東南季風的暖濕氣流 (C)親潮流經海面所凝結的霧滴 (D)反氣旋產生旺盛對流性降雨,xuece-geo-109-6
分科測驗,xuece-geo,109,地理 7,地理,移工與清真,B,R,S5,T7,G8,販售清真商品：印尼移工增加,近年來臺灣各大都市販售清真商品的商店如雨後春筍般出現，此現象最可能與下列哪 個國家來臺的勞工人數增多有關？ (A)泰國 (B)印尼 (C)越南 (D)菲律賓,xuece-geo-109-7
分科測驗,xuece-geo,109,地理 8,地理,世界都市,B,R,S5,T2,G8,世界都市：全球金融與資訊中心,「世界都市」是人口密集聚居區，隨著全球化發展其角色更顯重要。根據學者的研究， 下列哪些最可能是「世界都市」的共同特徵？ 甲、世界金融中心 乙、著名工業重鎮 丙、國際重要組織所在地 丁、全球知名自然遺產勝地 (A)甲乙 (B)甲丙 (C)乙丙 (D)丙丁,xuece-geo-109-8
分科測驗,xuece-geo,109,地理 9,地理,海岸變遷,C,R,S5,T3,G3,輸沙減少、地層下陷使海岸後退,臺灣某處海岸受到風力、波浪、潮汐和海流等營力的長期作用下，再加上河川輸沙銳減 與地層下陷的影響，導致海岸地形有明顯的變遷。該處海岸在10 年內最可能發生下列 哪種變遷現象？ (A)海階緩慢上升 (B)珊瑚礁海岸退縮 (C)沙灘面積逐漸縮小 (D)海蝕平台逐年縮小,xuece-geo-109-9
分科測驗,xuece-geo,109,地理 10,地理,地中海型氣候（梵谷畫作）,A,D,S4,T5,G7,六月收割麥子：地中海型氣候,圖2 是1888 年6 月梵谷在描繪收穫的寫生畫作－麥田收割 （The Harvest）。後人評論該畫作呈現出夏日收穫的喜悅與 希望，可以感受到乾燥與高溫的土地氣息。該畫作描述的是 歐洲某個氣候帶的農業景觀，該氣候帶約分布於下列何處？ (A)30°N ~ 40°N (B)45°N ~ 60°N西部 圖2 (C)45°N ~ 60°N東部 10/97 12/97 2/98 4/98 6/98 8/98 (D)62°N ~ 70°N,xuece-geo-109-10
分科測驗,xuece-geo,109,地理 11,地理,青藏凍土,D,D,S2,T5,G2,由地溫等值線判斷凍土的季節變化,10 25 11. 圖3 是1997-1998 年青藏鐵路沿線兩個觀測 深度（cm） 5 站的土壤溫度（℃）等值線垂直分布圖。關於 10 5 125 兩個測站土溫、土深、季節的關係，下列何者 0 0 5 正確？ (A)凍土融冰程度以四月及十月較為明顯 225 甲 (B)甲、乙兩觀測站點位均存在永凍土層 0 0 25 5 (C)土溫不分季節均隨著深度增加而增加 深度（cm） (D)冬季期間甲站的表土較乙站容易結凍 125 5 5 225 乙 10/97 12/97 2/98 8,xuece-geo-109-11
分科測驗,xuece-geo,109,地理 12,地理,長江洪患,C,R,S5,T3,G5,七月連日暴雨：梅雨鋒面滯留,中國某年七月連續七日的暴雨，造成長江中下游地區發生嚴重洪患，受災戶超過千萬， 造成此洪患的可能原因為何？ 甲、冷鋒鋒面過境造成降雨不斷 乙、青藏高原暴雨導致宣洩不及 丙、都市擴張造成滯洪空間不足 丁、中下游地勢低造成排水不易 (A)甲乙 (B)乙丙 (C)丙丁 (D)甲丁,xuece-geo-109-12
分科測驗,xuece-geo,109,地理 13,地理,土地使用分區,A,D,S2,T5,G2,依土地使用分區判斷能不能蓋透天厝,某人退休後擬購買一塊土地，建造一棟透天厝，初步從各縣市找到四個環境幽雅的地 點，表1 是此四個地點的土地使用分區管制與地價。在同樣的購地支出下，哪個地點 可以獲得最大的總樓地板面積？ 表1 地點 使用分區 容積率（%） 建蔽率（%） 地價（萬／坪） 甲 住三 225 45 15 乙 住二 150 50 20 丙 住一 120 50 10 丁 住 300 50 50 (A)甲 (B)乙 (C)丙 (D)丁,xuece-geo-109-13
分科測驗,xuece-geo,109,地理 14,地理,土壤化育,B,R,S1,T5,G3,高溫多雨的熱帶：聚鐵鋁化作用,下列四個自然景觀帶所在的位置，哪個的氣候條件最有利於土壤化育中的聚鐵鋁化作用？ (A)風吹草低見牛羊，現多為農業區和放牧帶 (B)生物群落最豐富，棲息分布呈現垂直分層 (C)多強風與沙塵暴，日夜溫差大且蒸發旺盛 (D)動植物種類不多，風勢強勁寒冷景觀單調,xuece-geo-109-14
分科測驗,xuece-geo,109,地理 15,地理,嘉南大圳,D,R,S5,T5,G8,嘉南大圳引曾文溪與濁水溪的水,嘉南大圳是由南幹線、北幹線及濁幹線等三條幹線聯繫中、南部兩大水系。該大圳調配 的水資源，除了來自曾文水庫與烏山頭水庫外，還包括下列何者？ (A)高雄澄清湖 (B)臺中石岡水壩 (C)屏東牡丹水庫 (D)南投集集攔河堰,xuece-geo-109-15
分科測驗,xuece-geo,109,地理 16,地理,超大都市與人口政策,C,D,S3,T5,G1,千萬人口都市增加最多的在亞洲,圖4 是1995 及2015 年歐、亞、非三洲 1995 2015 千萬人口以上都市的分布圖，於此二十 年間都市數量增加最多的國家，目前運 用何項政策來解決其人口相關問題？ (A)透過獎勵生育政策維持人口紅利的優勢 (B)發展老人照護產業因應超高齡社會問題 (C)實施有條件二孩政策促進人口均衡發展 (D)實施人口遷徙計畫來減緩首都環境問題 圖4,xuece-geo-109-16
分科測驗,xuece-geo,109,地理 17,地理,洪患成因,B,R,S0,T3,G3,短時間大雨、土壤飽和都會造成洪患,洪患是許多國家常見的環境災害之一，下列哪些現象可能會造成洪患？ 甲、短時間大量降雨 乙、雨水持續入滲土壤 丙、地表逕流快速增加 丁、下游地區有許多滯洪池 戊、上游地區過度砍伐森林 (A)甲乙丙 (B)甲丙戊 (C)乙丙丁 (D)乙丁戊,xuece-geo-109-17
分科測驗,xuece-geo,109,地理 18,地理,資訊服務產業,B,D,S3,T5,G1,講英語、資訊產業發達：印度,圖5 甲乙丙丁四個國家中，哪個國家因為 資訊通信技術的發展及其使用英語為官 甲 甲 丙 丁 乙 方語言，以致其資訊服務輸出產業明顯優 於其他三個國家？ (A)甲 丁 丙 乙 (B)乙 (C)丙 (D)丁 圖5,xuece-geo-109-18
分科測驗,xuece-geo,109,地理 19,地理,災害地景與防治,A,D,S4,T5,G7,由影像判斷災害類型與防治,透過災害地景影像的傳播，有助於提升人們防災意識。照片1 是臺灣常見的四張災害地 景影像，影像中出現次數最多的災害類型，下列哪種作法可降低此類災害的損失？ 照片1 (A)避免在斷層線周遭進行土地開發 (B)注意地下水抽取量不超過補助量 (C)針對環境敏感區進行坡地整治水保工程 (D)在都市設置親水公園以提高滯洪的功能,xuece-geo-109-19
分科測驗,xuece-geo,109,地理 20,地理,保護區類型,C,K,S5,T2,G8,以地景保育為目標的保護區類型,不同類型的保護區各有其保護對象和經營管理目標，下列哪些是臺灣的保護區類型且地 景保育為其經營管理的目標之一？ 甲、世界遺產 乙、國家公園 丙、地質公園 丁、國家風景區 戊、野生動物保護區 (A)甲乙丙 (B)甲丁戊 (C)乙丙丁 (D)丙丁戊,xuece-geo-109-20
分科測驗,xuece-geo,109,地理 21,地理,游牧民族,C,D,S1,T5,G3,由氣候判斷游牧民族出售畜產的月份,該民族至市集出售畜產品或香料的月份，最可能是： (A)1-2月 (B)4-5月 (C)7-8月 (D)9-10月,xuece-geo-109-21
分科測驗,xuece-geo,109,地理 22,地理,環境負載力,D,R,S5,T2,G5,飼養駱駝、移動放牧：適應環境負載力,下列哪個概念最適合用來解釋該民族長期採行的生活方式？ (A)生態印跡 (B)區位移轉 (C)氣候變遷 (D)環境負載力,xuece-geo-109-22
分科測驗,xuece-geo,109,地理 23,地理,國家公園,D,D,S4,T5,G7,依描述對應國家公園標誌,以下四個敘述分別描述圖6 中四個國家公園的特色：「具 有戰地風情的國家公園」；「東亞最高峰坐落於此國家公 園內」；「此國家公園是先民勇渡黑水溝抵臺的登陸地 區」；「此國家公園保育冰河期孑遺生物」。此四個國家公 園依序為何？ (A)甲乙丙丁 (B)乙丁丙甲 (C)甲丙丁乙 (D)乙甲丙丁,xuece-geo-109-23
分科測驗,xuece-geo,109,地理 24,地理,國家公園地景,C,D,S4,T5,G7,由照片地景判斷國家公園,照片2 所示的地景類型最可能出現在圖6 中的哪個國家公 照片2 園範圍內？ (A)甲 (B)乙 (C)丙 (D)丁,xuece-geo-109-24
分科測驗,xuece-geo,109,地理 25,地理,洋流與海洋垃圾,D,D,S3,T5,G1,從日本漂到加州：北太平洋洋流,在東太平洋垃圾渦流中，可以撈獲1977 年日本當地 使用的塑膠製品，這些塑膠製品最可能是由哪個洋流 垃圾漂浮帶 所帶來？ (A)親潮 (B)加那利涼流 垃圾渦流 垃圾渦流 (C)北赤道洋流 (D)北太平洋暖流,xuece-geo-109-25
分科測驗,xuece-geo,109,地理 26,地理,海洋垃圾,A,R,S3,T6,G1,沿岸人口多，塑膠垃圾多,北太平洋的垃圾渦流比其他大洋嚴重，最可能的原因 為何？ (A)沿岸人口較多 (B)海洋面積較廣 圖7 (C)石油產量較高 (D)洋流強度較強,xuece-geo-109-26
分科測驗,xuece-geo,109,地理 27,地理,生態農業,B,E,S5,T2,G8,自然農法、種綠肥：生態農業,上述農業經營方式最符合下列哪種型態？ (A)集約農業 (B)生態農業 (C)休閒農業 (D)精緻農業,xuece-geo-109-27
分科測驗,xuece-geo,109,地理 28,地理,社區營造,D,E,S5,T2,G8,舉辦社區慶典：社區營造,上述地方舉行慶典，與下列哪個概念欲達成的目標最相似？ (A)永續發展 (B)農業專業化 (C)縮小城鄉差距 (D)社區總體營造,xuece-geo-109-28
分科測驗,xuece-geo,109,地理 29,地理,問卷設計,C,E,S5,T2,G8,問卷題目要明確、選項要互斥,問卷是地理實察的方法之一，其題目與選項的設計必須符合某些原則。原則一：明確原則，亦 即題目設計應該避免模糊不清，確保不同受訪者對題目均有相同的解讀；原則二：互斥原則， 亦即選項設計不相互重疊；原則三：周延原則，亦即受訪者均有可選的合適選項。下列四個問 卷題目何者最符合設計原則？ (A)您在當地居住多久？ ○5年以下 ○5-10年 ○10年以上 (B)您在這裡看過幾次泥火山噴發？ ○1次 ○2次 ○3次 (C)您是否贊成當地泥火山為該保護的地景資源？ ○是 ○否 ○沒意見 (D,xuece-geo-109-29
分科測驗,xuece-geo,109,地理 30,地理,災害範圍調查,D,E,S5,T2,G5,確認泥漿範圍要實地測量或看影像,訪問過程中聽到當地居民反應過去泥火山噴發時曾經覆蓋農田，造成損失。學生若要確認上週 噴發後泥漿覆蓋的農田範圍，下列哪種方法最能達到目的？ (A)比對歷史航空照片判讀泥漿範圍 (B)蒐集新聞媒體報導估算覆蓋面積 (C)查詢自然保留區官網的統計資料 (D)以GPS實地記錄覆蓋範圍的點位,xuece-geo-109-30
分科測驗,xuece-geo,109,地理 31,地理,方位投影與大圓,B,D,S3,T5,G1,方位投影上經過極點附近的連線較接近大圓,甲 31. 從圖中的甲點出發，下列哪些點的連線最接近大圓線？ (A)甲-乙-庚 辛 乙 (B)甲-庚-己 壬 (C)甲-辛-丙 庚 (D)甲-辛-壬 丙,xuece-geo-109-31
分科測驗,xuece-geo,109,地理 32,地理,北大西洋暖流,D,D,S3,T5,G1,北大西洋暖流流經西北歐沿海,圖中哪兩個點的沿海海域，最有可能受到北大西洋暖流的影響？ 丁 (A)甲乙 (B)甲辛 戊 己 (C)丙丁 (D)戊己 圖8,xuece-geo-109-32
分科測驗,xuece-geo,109,地理 33,地理,國際移民資料,A,D,S2,T5,G2,由移民來源判斷國家,"總數 3,321 4,493 7,338 7,604 33. 表2 最可能是下列哪個 1,239 801 706 1,086 歐洲 國家的移民資料？ 445 1,634 2,817 2,427 亞洲 (A)美國 北美洲（含中美洲） 1,351 1,645 3,125 3,301 (B)巴西 南美洲 228 284 456 442 (C)澳洲 非洲 39 92 192 302 (D)加拿大 19 37 42 46 其他",xuece-geo-109-33
分科測驗,xuece-geo,109,地理 34,地理,移民成長,B,D,S2,T5,G2,比較成長率，不是比較數量,比較表2 中從「1971-80」年至「1991-98」年，哪洲的移民數量成長率最高？ (A)亞洲 (B)非洲 (C)北美洲 (D)南美洲,xuece-geo-109-34
分科測驗,xuece-geo,109,地理 35,地理,九降風,C,R,S1,T5,G3,重陽前後的強風：東北季風,根據上文記載，主要描述的是下列哪種氣候要素呈現的特色？ (A)颱風 (B)落山風 (C)東北季風 (D)西南季風,xuece-geo-109-35
分科測驗,xuece-geo,109,地理 36,地理,九降風的形成,D,R,S1,T6,G4,九降風乾燥強勁，適合曬米粉與柿餅,新竹地區居民常利用九降風從事米粉、柿餅的生產，下列哪些條件有利於此氣候現象的 形成？ 甲、日照短 乙、位於背風坡 丙、地勢較平坦 丁、位於臺灣海峽最窄處 (A)甲丙 (B)甲丁 (C)乙丙 (D)乙丁,xuece-geo-109-36
分科測驗,xuece-geo,109,地理 37,地理,即時路況,B,D,S3,T5,G1,由路況資訊判斷使用者位置,某人最有可能位於圖9 中的哪個路段？ 丁 (A)甲乙 (B)乙丙 (C)丙丁 (D)甲丁 甲,xuece-geo-109-37
分科測驗,xuece-geo,109,地理 38,地理,手機定位,B,K,S5,T2,G6,手機持續回傳位置：GPS 定位,該電子地圖可以持續收集使用者的位置資訊，主要是 丙 因為使用者手機具有下列哪種功能？ (A)攝影功能 乙 (B)定位功能 60 km/h 以上 (C)網路查詢功能 60 km/h 以下 (D)地圖顯示功能 圖9,xuece-geo-109-38
分科測驗,xuece-geo,109,地理 非選一,地理,非選：垂直景觀帶,非選,D,S3,T0,G1,非選：高山垂直景觀帶,一、地表自然景觀與地理環境息息相關，高山地區因所在位置與海拔高度不同，呈現出不同 乙 甲 的景觀帶垂直分布，且對當 海拔 海拔 （公尺） （公尺） 地居民的土地利用等生活方 式帶來影響，圖10 甲是歐洲 5000 4000 雪線 4000 阿爾卑斯山自然景觀帶、乙 3000 3000 是非洲吉力馬札羅山自然景 雪線 2000 2000 觀帶的垂直分布。請問： 1000 1000 熱帶莽原帶 熱帶雨林帶 常綠闊葉林帶 落葉闊葉林帶 高山草原帶 針葉林帶 冰原 高山荒漠帶 圖10,xuece-geo-109-非選一
分科測驗,xuece-geo,109,地理 非選二,地理,非選：口罩國家隊,非選,R,S5,T0,G8,非選：口罩國家隊的產業連鎖,二、2020 年嚴重特殊傳染性肺炎（COVID-19）肆虐 甲 全球，政府快速徵召各地口罩的原料生產及製造 丙 廠商，建立口罩生產線，組成口罩生產國家隊。 乙 此外，權責機關掌握口罩數量安排分送至健保特 約藥局後以實名制販售。民眾透過GIS 口罩地圖 中 心 可以掌握特約藥局的分布位置及口罩存量，決定 一 大 考 二 路 去哪裡購買口罩。「口罩販售即時地圖」系統因 路 而獲得其他國家的推崇與仿效。請問： 丁 住家 大 考 三 路 1. 工業連鎖關係包含原料產品連鎖、服務連 戊,xuece-geo-109-非選二
分科測驗,xuece-geo,109,地理 非選三,地理,非選：HDI 與人口金字塔,非選,D,S2,T0,G2,非選：由 HDI 與人口金字塔判斷國家,三、圖12 為中國、日本、美國、巴西、俄羅斯和埃及六個國家，於2018 年的HDI 排名、都市化 程度及2019 年的人口金字塔。請問： 乙：HDI 排名19 都市化程度92% 甲：HDI 排名15 都市化程度82% 丙：HDI 排名49 都市化程度74% （歲） （歲） （歲） 100+ 100+ 100+ 95-99 95-99 95-99 90-94 90-94 90-94 85-89 85-89 85-89 80-84 80-84 80-84 75-79 75-79 ,xuece-geo-109-非選三
分科測驗,xuece-geo,110,地理 1,地理,地中海山區人口,D,R,S1,T3,G5,山地人口過剩，必須向外移出,某學者考證16世紀地中海周邊山區的景觀特色與發展，指出：「山地往往人口過剩……，山區 必須週期性的向平原遷出過多的人口……，飢餓是造成居民下山的重大原因。」引文描述的內 容與下列哪個概念最有關？ (A)人口轉型 (B)社會正義 (C)多元文化 (D)環境負載力,xuece-geo-110-1
分科測驗,xuece-geo,110,地理 2,地理,天然氣貿易,A,D,S3,T5,G1,由流向圖判斷：俄羅斯是天然氣主要輸出國,圖1是某年全球天然氣的貿易流向圖。從圖中 可以判斷出下列哪項資訊？ (A)俄羅斯是全球天然氣主要輸出國家之一 (B)加拿大已知的天然氣儲量與俄羅斯相當 貿易量 (C)日本天然氣的主要輸入國家為澳大利亞 （單位：百萬立方公尺） 圖1 <20 20-40 40-60 60-80 >80 (D)美國因天然氣儲量低故依賴加拿大輸入,xuece-geo-110-2
分科測驗,xuece-geo,110,地理 3,地理,GPS 高度剖面,C,D,S2,T5,G2,由高度剖面判斷上下坡與速度,某人騎乘腳踏車並利用全球衛星定位系統（GPS），每隔固定時間記錄行車軌跡，圖2為他所經 道路的高度剖面示意圖，其記錄的GPS軌跡最可能是下列何者？ II I III (A) 甲 乙 丙 丁 高度 II III I I II III (B) 甲 乙 丙 丁 I II III 甲 乙 丙 丁 (C) 甲 乙 丙 丁 I II III 圖2 (D) 甲 乙 丙 丁,xuece-geo-110-3
分科測驗,xuece-geo,110,地理 4,地理,自然資源分布,D,D,S3,T5,G1,由分布判斷資源特性,圖3是某項自然資源分布圖，顏色愈深代表該項資源愈多。該項自然資源具有下列哪項特性？ (A)常用於發電的再生能源，但開發成本較高 (B)不受天候影響且取之不盡，用之不竭的能源 (C)數百萬年的有機物殘骸，可透過燃燒產生能源 (D)具吸碳與固碳功能，有助於減緩全球的氣候暖化 圖3,xuece-geo-110-4
分科測驗,xuece-geo,110,地理 5,地理,非洲地形剖面,C,D,S3,T5,G1,對照地形剖面與地圖線段,圖4為非洲某處的地形剖面示意圖，該圖最可能是圖5中哪條 40∘N 甲 線段沿線所呈現的地形剖面？ 30∘N 乙 20∘N (A)甲 10∘N (B)乙 丙 火山 0∘ (C)丙 10∘S (D)丁 丁 20∘S 東部地塹 30∘S 西部地塹 20∘W 10∘W 0∘ 10∘E 20∘E 30∘E 40∘E 50∘E 60∘E 圖4 圖5,xuece-geo-110-5
分科測驗,xuece-geo,110,地理 6,地理,海陸風,A,R,S1,T5,G4,陸風在清晨吹向海：清晨出港,清初康熙、雍正、乾隆三朝，臺灣安平或福建廈門的帆船，常利用海陸風揚帆出海。兩地帆船 出港的時間最可能是下列何者？ (A)安平港、廈門港都是半夜至清晨 (B)安平港、廈門港都是正午至黃昏 (C)廈門港是半夜至清晨、安平港是正午至黃昏 (D)安平港是半夜至清晨、廈門港是正午至黃昏,xuece-geo-110-6
分科測驗,xuece-geo,110,地理 7,地理,板塊與地震,A,R,S3,T7,G1,尼泊爾地震：印澳板塊與歐亞板塊碰撞,2015年尼泊爾發生芮氏規模7.9的強震，導致超過數千餘人罹難，近萬人受傷。該次地震的成 因，與哪兩個板塊的擠壓有關？ 甲、歐亞板塊 乙、印澳板塊 丙、太平洋板塊 丁、菲律賓海板塊 (A)甲乙 (B)甲丁 (C)乙丙 (D)丙丁,xuece-geo-110-7
分科測驗,xuece-geo,110,地理 8,地理,在地食材,C,E,S5,T2,G8,吃在地食材：減少食物里程,在地食材（locavore）是由家庭菜園或在地生產的農作物，近年來此一概念積極地被倡議融入於 生活飲食中，強調「在地生產，在地消費」。上述內容與下列哪個面向的關係最為密切？ (A)加強專業分工 (B)提高規模經濟 (C)降低生態印跡 (D)建立單一景觀,xuece-geo-110-8
分科測驗,xuece-geo,110,地理 9,地理,土地使用管制,D,D,S2,T5,G2,依容積率與建蔽率計算可用樓地板面積,表1為某都市的土地使用分區管制規定。在可使用面積最大化情況下，表中哪種土地使用分區 可能出現最高的建築物？ 表1 (A)商二 分 區 建 蔽 率 容 積 率 (B)住四 風景區 15% 60% (C)風景區 行政區 35% 400% (D)行政區 住四 50% 300% 商二 65% 630%,xuece-geo-110-9
分科測驗,xuece-geo,110,地理 10,地理,玉山圓柏,C,R,S5,T5,G8,圓柏在 3000 公尺以上：雪霸、太魯閣也有,玉山圓柏分布於臺灣海拔3000公尺以上山區。除了玉山國家公園外，下列哪些國家公園也可能 發現圓柏的蹤跡？ 甲、陽明山國家公園 乙、雪霸國家公園 丙、墾丁國家公園 丁、太魯閣國家公園 (A)甲乙 (B)甲丙 (C)乙丁 (D)丙丁,xuece-geo-110-10
分科測驗,xuece-geo,110,地理 11,地理,加州缺水,D,R,S5,T6,G3,地中海型氣候、乾旱：加州缺水,美國加州南部農業發達，作物生產以蔬菜、堅果、柑橘水果等為主。近年來該地區連續發生缺 水問題，導致政府採取全面限水措施，嚴重影響農業生產。根據自然環境判斷，造成該地缺水 嚴重最可能的原因為何？ (A)美國西南部盛行風向改變 (B)北太平洋颱風生成數量減少 (C)美國西海岸加州涼流強度減弱 (D)美國西南部副熱帶高壓盤據不退,xuece-geo-110-11
分科測驗,xuece-geo,110,地理 12,地理,國際河川水權,B,R,S5,T6,G3,國際河川流經多國，上下游爭水,近年來世界各地河川水權的爭議與衝突日益升高，如湄公河、尼羅河、印度河、約旦河，造成 這四條河川水權爭議與衝突的原因，與下列何者關係最密切？ (A)皆流經水稻農業區，河水不敷灌溉利用 (B)皆流經多個國家內，河水資源分配不均 (C)皆流經溶蝕地形區，河水下滲問題嚴重 (D)皆流經乾燥氣候區，河水總逕流量有限,xuece-geo-110-12
分科測驗,xuece-geo,110,地理 13,地理,極端降雨,C,D,S2,T5,G3,由降雨強度判斷極端降雨的特徵,某研究指出氣候變遷可能導致未來發生更極端的暴雨事件，圖6顯示某地一場百年重現週期降 雨事件之降雨強度與降雨延時的關係。百年重現週期的降雨事 丁 件是指平均每100年內會發生一次的降雨；降雨延時為一場降 降 甲 雨 強 雨從開始到結束的時間。根據此研究，若圖中粗黑線為現今狀 度 丙 （ 況，當氣候變遷趨勢加劇時，粗黑線最可能移動至哪條虛線？ 毫 米 (A)甲 ／ 小 乙 時 (B)乙 ） (C)丙 (D)丁 降雨延時（時） 圖6,xuece-geo-110-13
分科測驗,xuece-geo,110,地理 14,地理,高腳屋與環境,D,R,S1,T5,G5,高腳屋：東南亞防濕熱與洪水，俄羅斯防凍土,高腳屋是一種將房屋墊高避免與地面接觸的傳統建築形式，在東南亞及俄羅斯均可見到此種建 築。關於兩地高腳屋的設置目的，與當地哪些環境特徵最密切？ 甲、東南亞多洪水 乙、東南亞多地震 丙、俄羅斯常雪崩 丁、俄羅斯多凍土 (A)甲乙 (B)乙丙 (C)丙丁 (D)甲丁,xuece-geo-110-14
分科測驗,xuece-geo,110,地理 15,地理,荷蘭風車與行星風系,C,R,S5,T5,G8,荷蘭在西風帶，風力穩定可排水,荷蘭Kinderdijk沼澤位於鹿特丹東邊約15公里，為了利於排水，1740年在該地興建一組由19座風 車作為動力來源的排水設施。從行星風系的尺度來看，此風車系統應最常面向下列哪個方向， 以獲得最佳的動力效能？ (A)東南 (B)東北 (C)西南 (D)西北,xuece-geo-110-15
分科測驗,xuece-geo,110,地理 16,地理,南美氣候分區,D,R,S3,T5,G1,南回歸線由西到東：沙漠、高地、草原、溼潤,南美洲南回歸線沿線地區，由西至東可以分成四個氣候分區，最可能依序為下列何者？ 甲、高地氣候 乙、熱帶莽原氣候 丙、熱帶沙漠氣候 丁、副熱帶濕潤氣候 (A)甲乙丙丁 (B)甲丙乙丁 (C)丙乙甲丁 (D)丙甲乙丁,xuece-geo-110-16
分科測驗,xuece-geo,110,地理 17,地理,香蕉出口市場,A,R,S5,T6,G8,臺灣香蕉輸日衰退：菲律賓成本低,某報導指出：「臺灣曾是日本香蕉的主要供應國，但輸日數量衰退，至2014年僅占日本市場1% 。主要原因之一是日本市場開始要求小包裝分切的香蕉時，臺灣沒有意識到跟隨日本市場變化 加以調整。有一家美商公司因應日本客戶要求，在菲律賓種香蕉，提供小包裝產品。」此則報 導內容，最可能反映出下列哪些發展趨勢？ 甲、企業在地調適 乙、跨國產業投資 丙、區域產業分工 丁、有機農業盛行 戊、熱帶栽培業擴張 (A)甲乙丙 (B)甲乙丁 (C)乙丙丁 (D)丙丁戊,xuece-geo-110-17
分科測驗,xuece-geo,110,地理 18,地理,西海岸景觀,B,D,S5,T5,G3,西海岸由北到南的地景順序,某人騎腳踏車從新北市富貴角出發，沿西海岸南下到屏東縣鵝鑾鼻。他依序最可能會看到下列 哪些景觀？ 甲、火山地形 乙、珊瑚礁海岸 丙、六輕工業區 丁、黑面琵鷺主要棲地 (A)甲乙丁丙 (B)甲丙丁乙 (C)丙甲丁乙 (D)丙丁乙甲,xuece-geo-110-18
分科測驗,xuece-geo,110,地理 19,地理,地圖投影,D,D,S3,T5,G1,比較兩種地圖投影的特性,某人在大西洋的甲島附近發現了一個未知小島（乙島），他製作了兩種地圖標示乙島的位置： 圖7為以甲島為中心的等距方位投影 30∘W 29∘W 28∘W 27∘W 26∘W 地圖，圖8為麥卡托投影地圖。乙島相 40∘N 對於甲島的方位角及最短距離為何？ 39∘N (A)方位角45o，距離444公里 (B)方位角45o，距離200公里 45∘ 38∘N (C)方位角30o，距離444公里 37∘N (D)方位角30o，距離200公里 甲島 甲島 乙島 36∘N 乙島 單位：公里 圖8,xuece-geo-110-19
分科測驗,xuece-geo,110,地理 20,地理,移民回流,D,R,S5,T2,G8,移民回流：海外工作後返回母國,下列哪種移民流向的案例，最符合上述國際移民的回流潮現象？ (A)臺商至中國工作後返臺定居 (B)香港人移民加拿大後返港居住 (C)伊拉克人移民土耳其和約旦後返伊居住 (D)泰、越和印尼籍勞工赴美工作後返國定居,xuece-geo-110-20
分科測驗,xuece-geo,110,地理 21,地理,回流的影響,C,R,S5,T2,G5,回流者帶回資金與技術,上述國際移民的回流潮，最可能造成下列哪種影響？ (A)母國居民大多改為信奉基督宗教 (B)母國的社會增加率從正值變為負值 (C)已開發國家的勞力短缺問題雪上加霜 (D)已開發國家專業技術勞工的失業率降低,xuece-geo-110-21
分科測驗,xuece-geo,110,地理 22,地理,空間分工,D,R,S5,T2,G8,研發、製造、市場分設各地：空間分工,該通訊公司的經營策略，最符合下列哪個概念？ (A)聚集經濟 (B)產業群聚 (C)產業升級 (D)空間分工鏈,xuece-geo-110-22
分科測驗,xuece-geo,110,地理 23,地理,比較利益,A,R,S5,T2,G8,在印度、非洲設廠：比較利益（勞力便宜）,該公司製造工廠設於印度及非洲等地，最可能是基於下列哪種概念？ (A)比較利益 (B)區位移轉 (C)產業轉型 (D)產品生命週期,xuece-geo-110-23
分科測驗,xuece-geo,110,地理 24,地理,中亞市場,D,R,S3,T5,G1,中亞市場：靠近新疆的都市,該公司為因應中亞等新興市場的需求，最適合在哪個都市成立分公司？ (A)廣西南寧 (B)西藏拉薩 (C)黑龍江哈爾濱 (D)新疆烏魯木齊,xuece-geo-110-24
分科測驗,xuece-geo,110,地理 25,地理,人口轉型,A,D,S4,T5,G7,底部寬的人口金字塔：早期擴張階段,人口轉型理論將人口發展區分為高穩定、早期擴張、晚期擴張、低穩定等四個階段，圖9甲至丁 何者最可能處於人口轉型模式的低穩定階段？ (A)甲 (B)乙 (C)丙 (D)丁,xuece-geo-110-25
分科測驗,xuece-geo,110,地理 26,地理,人口與產業結構,B,D,S4,T5,G7,由人口結構推論產業結構,一般而言，一個國家的經濟結構與人口結構間，常具有高度的關連性，若僅考量四個國家的人 口結構資訊，哪個國家的第一級產業就業人口比例可能最高？ (A)臺灣 (B)查德 (C)阿根廷 (D)多明尼加,xuece-geo-110-26
分科測驗,xuece-geo,110,地理 27,地理,中地理論,B,R,S2,T2,G2,商店 L 開很多家：商閾較小、商品圈較小,根據中地理論，相對於商店X，商店L可能具有下列哪些商業經營特性？ 甲、商店L的商閾較小 乙、商店L商品消費頻率較低 丙、商店L所在地的中地等級較低 丁、商店L涵蓋的商品等級種類較少 (A)甲丙 (B)甲丁 (C)乙丙 (D)乙丁,xuece-geo-110-27
分科測驗,xuece-geo,110,地理 28,地理,都市規模分布,C,D,S2,T5,G2,由都市規模判斷首要型或等級大小法則,該國都市規模的分布特性，可能與下列哪兩者最接近？ 甲、屬於首要型都市的分布特性 乙、符合等級大小法則的分布特性 丙、都市規模分布特性與美國類似 丁、都市規模分布特性與巴西類似 (A)甲丙 (B)甲丁 (C)乙丙 (D)乙丁,xuece-geo-110-28
分科測驗,xuece-geo,110,地理 29,地理,大肚台地地下水,B,D,S3,T5,G1,地下水由台地往筏子溪（西向東）流,北 29. 大肚台地東坡、筏子溪西側的地下水主要流向為何？ 第 一 大 旱 (A)由東向西 (B)由西向東 溪 分 第 (C)由北向南 (D)由南向北 水 肚 聚落 二 聚落 旱 溪,xuece-geo-110-29
分科測驗,xuece-geo,110,地理 30,地理,旱溪與湧泉,A,R,S3,T3,G1,台地礫石層透水性高，溪流常乾涸,大肚台地東坡出現多條旱溪的現象，最可能是下列哪 嶺 筏 聚落 湧泉 旱 第 山 溪 三 項原因所致？ 旱 子 聚落 湧泉 溪 (A)上游在乾季時，缺少地下水流注入溪床 分 聚落 溪 湧泉 (B)上游發生河川襲奪，造成谷寬水少現象 水 嶺 (C)上游表土多為紅土，有利雨水迅速入滲 圖10 (D)上游為岩溶地形，地面水轉變為地下水,xuece-geo-110-30
分科測驗,xuece-geo,110,地理 31,地理,等高線剖面,D,D,S3,T5,G6,由等高線判斷地形剖面,下列哪個地形剖面圖最符合甲－丁連線的地形特徵？ (A) (B) (C) (D),xuece-geo-110-31
分科測驗,xuece-geo,110,地理 32,地理,沖積扇聚落,C,D,S3,T5,G1,沖積扇上相對高處、遠離河道的聚落較安全,圖上甲、乙、丙、丁四處，何者是相對水患威脅較小 的聚落地點？ (A)甲 (B)乙 (C)丙 (D)丁 圖11,xuece-geo-110-32
分科測驗,xuece-geo,110,地理 33,地理,安地斯山國家,B,D,S4,T5,G7,由貨幣圖案判斷：安地斯山國家,該國家最可能西倚哪座山脈？ (A)落磯山脈 (B)安地斯山脈 (C)阿爾卑斯山脈 (D)喜馬拉雅山脈,xuece-geo-110-33
分科測驗,xuece-geo,110,地理 34,地理,紅樹林景觀帶,B,R,S4,T5,G7,紅樹林分布在熱帶與副熱帶海岸,照片1中的植物景觀最可能位於哪種自然景觀帶？ (A)熱帶莽原 (B)溫帶沙漠 (C)常綠闊葉林 (D)溫帶豐（濕）草原,xuece-geo-110-34
分科測驗,xuece-geo,110,地理 35,地理,臺灣紅樹林,A,D,S1,T5,G3,紅樹林在坡緩的泥質潮間帶：嘉南海岸,下列哪個地區最可能是臺灣紅樹林的主要生長處？ (A)嘉南海岸 (B)蘇花海岸 (C)東北角海岸 (D)恆春半島海岸,xuece-geo-110-35
分科測驗,xuece-geo,110,地理 36,地理,紅樹林保育,C,R,S1,T3,G3,砍伐紅樹林使生物多樣性下降、海岸侵蝕,若對紅樹林任意砍伐，對海岸自然環境最可能造成哪種直接影響？ (A)泥沙淤積增多 (B)波浪侵蝕減緩 (C)生物多樣性減少 (D)海岸水質優養化,xuece-geo-110-36
分科測驗,xuece-geo,110,地理 37,地理,流域面積估算,C,D,S3,T5,G1,以格網估算流域面積,根據圖12，估算中港溪的流域面積（平方公里）最接近下列何者？ (A)100 (B)200 (C)400 (D)800,xuece-geo-110-37
分科測驗,xuece-geo,110,地理 38,地理,水庫位置,C,D,S3,T5,G1,集水區最大、位置最高的攔河堰,僅考量集水區面積最大與地形高度最高兩因素，圖13中甲、乙兩個水庫的攔河堰最可能位在哪 個位置？ (A)戊 (B)己 (C)庚 (D)辛,xuece-geo-110-38
分科測驗,xuece-geo,110,地理 非選一,地理,非選：龍捲風走廊,非選,D,S3,T0,G1,非選：龍捲風走廊的形成條件,一、 美國是龍捲風發生數量最多的國家，該國最常發生的地區有「龍捲風走廊」之稱（圖14 深黑色 之處）。龍捲風是因為不同性質空氣交會（圖14 子、丑、寅），產生 子 猛烈對流的一種天氣現象，因其氣壓極低、風速極高，所經之處常造 成嚴重破壞。除了美國之外，世界上還有多個國家或地區的自然條件 也有利於龍捲風的形成。請問： 丑 寅 1. 根據氣溫（冷、暖）和濕度（乾、濕）兩個指標，寫出圖14中「子」 的空氣特性為何？（2分） 圖14 2. 「龍捲風走廊」的暖濕空氣主要來自 乙 哪個緣,xuece-geo-110-非選一
分科測驗,xuece-geo,110,地理 非選二,地理,非選：電池交換站 GIS,非選,E,S3,T0,G6,非選：以 GIS 規劃電池交換站,二、近年臺灣成立了一家綠能公司，其主要產品為可更換電池的電動機車，該公司如今已於全臺佈 建1950 個電池交換站，並透過手機APP，讓顧客查詢其周圍半徑5 公里內的電池交換站所在 位置，方便顧客前往更換電池。該公司強調其電動機車從設計、零組件生產、以及成品組裝均 是臺灣製造，但是其所使用的電池產品，上游的電池原材料以及中游的電池芯多在日韓製造， 只有下游的電池模組才是臺灣廠商所生產，只差一哩路就是100%臺灣製造。請問： 1. 顧客可透過APP查詢其周圍半徑5公里內的電池交換,xuece-geo-110-非選二
分科測驗,xuece-geo,110,地理 非選三,地理,非選：康熙臺灣輿圖,非選,D,S4,T0,G6,非選：康熙臺灣輿圖的地理資訊,三、康熙臺灣輿圖以寫實的手法描繪了17、18 世紀臺灣西部豐富的歷史與人文訊息。圖17 為臺灣 輿圖的一部分，紅毛城為現今的安平古堡，紅毛樓為現今之赤崁樓，崑身（鯤鯓）是指沙洲， 圖中可見漁船穿梭其間。圖18 為圖17 部分地區日治時期地形圖，圖19 則為圖17 部分地區 現今之衛星影像地圖。請問： 赤崁樓 紅毛樓 二 一 甲 崑 崑 紅毛城 身 身 圖17 安平古堡 甲 安平古堡 赤崁樓 圖18 圖19 1. 圖17的部分地區，屬於現今哪座國家公園的範圍？（2分） 2. 圖,xuece-geo-110-非選三
分科測驗,xuece-geo,111,地理 1,地理,洋流與三角貿易,B,R,S5,T5,G3,從非洲到美洲靠北赤道洋流,大航海時代的三角貿易中，奴隸勞動人口的主要移動最可能仰賴下列哪條洋流？ (A)西風漂流 (B)北赤道洋流 (C)加那利涼流 (D)北大西洋暖流,xuece-geo-111-1
分科測驗,xuece-geo,111,地理 2,地理,原住民傳統生態知識,D,E,S5,T2,G8,原住民傳統生態知識,黃荊全株可入藥，果實在中藥名為「牡荊子」，煎服可治感冒，是原住民族與漢人常用 的保健植物資源。原住民在山林中採集此植物時，發揮其傳統生態知識，較植物專家效 率高，主要是其具有下列何種傳統生態知識？ (A)熟悉黃荊的生物分類 (B)熟悉黃荊的外觀特徵 (C)熟悉黃荊的藥用療效 (D)熟悉黃荊的在地棲地,xuece-geo-111-2
分科測驗,xuece-geo,111,地理 3,地理,澎湖咾咕石屋,D,D,S1,T5,G4,珊瑚礁石牆、避風低地：澎湖咾咕石屋,清代方志對臺灣某地常見的聚落和屋舍建材形容如下：「其屋宇俱結於山凹之內、水隈 之處，…。牆壁俱用老古石所砌，其石乃海中鹹氣所結，取去之時石猶鬆脆；迨風雨漂 淋，去盡鹹氣，即成堅實。價廉而取便。…之房屋，悉皆用此。其屋亦高不過一丈一、 二尺之外者；非為省工價，為因海風猛烈，不敢高大，以防飄刮故耳。」該地最可能位 於何處？ (A)宜蘭蘇澳 (B)新北金山 (C)臺南北門 (D)澎湖西嶼,xuece-geo-111-3
分科測驗,xuece-geo,111,地理 4,地理,氣候變遷與漁獲,A,R,S5,T3,G3,海水變暖，冷水魚減少、暖水魚增加,全球氣候變遷對人類食物來源產生巨大的影響，例如日本北海道海域的主要漁獲是鮭 魚等冷水魚類，但近年因氣候變遷導致漁獲量大減，而原本棲息在日本本州海域的黑鮪 魚卻大量出現於北海道海域，造成此現象最可能的原因為何？ (A)海水暖化 (B)海平面上升 (C)海岸暴潮頻率增加 (D)海水中二氧化碳濃度增加,xuece-geo-111-4
分科測驗,xuece-geo,111,地理 5,地理,人口出生數,B,D,S2,T6,G2,特定年分出生數增加：生肖等文化觀念,圖1 為某國的人口出生數變化圖，雖然整體趨勢呈現下降，但受到該國傳統文化觀念影 響，逢特定年分人口出生數呈現反轉增 （萬⼈） 50 加的現象，由此現象推斷該國最可能位 40 於哪個文化圈？ 30 (A)西方文化圈 人 口 (B)東亞文化圈 出 20 生 數 (C)伊斯蘭文化圈 10 (D)南亞、東南亞文化圈 0 1960 1970 1980 1990 2000 2010 2020 年 圖1,xuece-geo-111-5
分科測驗,xuece-geo,111,地理 6,地理,沙塵暴研究方法,A,E,S5,T2,G6,追蹤沙塵來源與傳送：衛星影像與觀測站,在冬季至春季之間，中國西北與蒙古一帶，時常有大量細顆粒的揚塵被帶至高空，受西 風氣流向東傳，引發東亞等國的空氣汙染，稱之為沙塵暴。若某生想要研究生成沙塵暴 來源地的環境特徵，最適合使用下列哪些圖資？ 甲、衛星影像 乙、工廠分布圖 丙、土地利用圖 丁、數值地形模型 (A)甲丙 (B)甲丁 (C)乙丙 (D)乙丁,xuece-geo-111-6
分科測驗,xuece-geo,111,地理 7,地理,能源政策,A,E,S5,T2,G8,核能發電的限制：核廢料與安全,有報導指出：「核能發電的成本較低，且排碳量低，被視為乾淨且有效率的能源，但也 存在一些限制。」政府在2014 年宣布封存核四，2021 年民眾也否決重啟核四的公投提 案。若從臺灣自然環境特性的觀點，下列哪項是臺灣發展核能發電最主要的限制因素？ (A)位於板塊交界帶 (B)位於季風氣候區 (C)位於候鳥遷徙要道 (D)位於黑潮流經路線,xuece-geo-111-7
分科測驗,xuece-geo,111,地理 8,地理,南北區域貿易,D,D,S2,T5,G2,由經濟指標判斷南北方區域,布蘭登線（或稱布朗特界線）以區域經濟發展的差異，將世界劃分為南、北方區域，表1 為甲~戊五個國家的商品出口資料，下列哪些最可能是南方區域的國家？ 表1 國家 前五大商品出口值占該國出口值百分比（%） 甲 機電29.0 運輸20.0 化學12.8 金屬7.1 橡膠5.2 乙 礦產29.0 燃料18.9 動物 5.9 金屬3.9 植物3.1 丙 食物74.7 植物13.0 運輸 5.7 木材2.0 金屬1.0 丁 燃料92.4 運輸 3.2 礦石 2.8 機電0.4 木材0.3 ,xuece-geo-111-8
分科測驗,xuece-geo,111,地理 9,地理,能源替代來源,C,R,S5,T6,G8,制裁俄羅斯後改找其他能源供應國,俄羅斯是OPEC 組織之外的石油及天然氣主要輸出國家，俄烏戰爭發生後許多國家對 俄羅斯實施經濟制裁，所導致的石油及天然氣缺額，可以轉向下列哪個非伊斯蘭國家的 OPEC 創始國採購？ (A)印尼 (B)利比亞 (C)委內瑞拉 (D)阿爾及利亞,xuece-geo-111-9
分科測驗,xuece-geo,111,地理 10,地理,自然災害分布,B,D,S3,T5,G1,兩地都在板塊交界又受熱帶氣旋影響,自然災害是我們必須面對的挑戰，圖2 中的「子」和「丑」兩地，最可能受到下列哪些 相同自然災害的威脅？ 子 丑 圖2 甲、野火 乙、颱風 丙、地震 丁、蝗災 戊、火山爆發 (A)甲乙 (B)丙戊 (C)丁戊 (D)乙丁,xuece-geo-111-10
分科測驗,xuece-geo,111,地理 11,地理,土地使用分區,A,E,S5,T2,G8,透過土地使用分區管制提高效率,政府為提高都市內部土地的使用效率，提供合宜的居住環境，以及避免過度開發，最可 能透過下列哪種方式進行規範？ (A)土地使用分區管制 (B)中心商業區的規劃 (C)各等級中地的設立 (D)邱念圈範圍的劃設,xuece-geo-111-11
分科測驗,xuece-geo,111,地理 12,地理,殖民貿易關係,D,R,S1,T3,G5,殖民貿易使財富流向殖民母國,有學者指出：「清朝末年英國東印度公司透過武力向中國大量銷售印度生產的鴉片，賺 取大量貨幣。」下列哪個概念最能說明此貿易關係？ (A)社會正義 (B)推拉理論 (C)擴散與模仿 (D)不平等交換,xuece-geo-111-12
分科測驗,xuece-geo,111,地理 13,地理,生態傳統研究流程,C,E,S5,T2,G8,生態傳統：人地互動的研究流程,某生擬以「某地農業與土地退化」作為探究與實作的議題，下列哪項研究流程最符合地 理學生態傳統觀點？ (A)調查繪製土地退化的分布區域 (B)判釋衛星影像上的土地退化區域 (C)訪談農民於當地灌溉、施肥、除蟲等耕作方式 (D)蒐集人口、農產、雨量、氣溫等區域背景資料,xuece-geo-111-13
分科測驗,xuece-geo,111,地理 14,地理,快篩地圖,C,E,S5,T2,G8,快篩地圖：整合政府與民間的即時資料,新冠肺炎疫情在臺灣大流行後，為方便民眾購買快篩試劑，官方與民間合作推出快篩試 劑地圖查詢網站，可依使用者所在地，查詢附近一公里內的販售點，此查詢方式最可能 是利用下列哪項地理資訊系統功能？ (A)地形分析 (B)視域分析 (C)環域分析 (D)內插分析／內插估計法,xuece-geo-111-14
分科測驗,xuece-geo,111,地理 15,地理,河川襲奪,A,R,S1,T3,G3,低位河向源侵蝕搶走高位河上游：河川襲奪,研究指出：「相鄰兩河川如有海拔高低差異，較低海拔的低位河因向源侵蝕或側蝕，蝕 穿分水嶺至較高海拔的高位河，將其河水引流過來，稱為搶水。高位河的下游因被搶 水，流量大減，呈現谷大水小的狀態，又稱為『斷頭河』。」圖3 為花蓮陶塞溪與其支 流的古代與現代的河流路徑圖，圖3 中哪處河段現代最可能因搶水作用而沖蝕力大減？ 現代 古代 陶 陶 塞 塞 小 西 小 溪 瓦 溪 卡 西 乙 黑 瓦 • 拉 卡 爾 黑 罕 溪 拉 爾 甲 溪 • 溪 罕 • 溪 丁 • 丙 河流 河流 流向 ,xuece-geo-111-15
分科測驗,xuece-geo,111,地理 16,地理,英國與難民,A,R,S5,T2,G8,英國不在申根區，難民較難直接進入,某報導指出：「中東與北非因政治動盪引爆的難民危機在歐洲各地蔓延，許多難民前仆 後繼地跨越歐陸向英國邁進，除了英語是大家較熟悉的溝通語言外，英國的福利制度更 是吸引難民的主要原因，日前英國首相宣布一項難民轉送政策，欲將部分難民安置至非 洲的盧安達，隨即引來聯合國難民署抨擊，認為該政策嚴重違反國際法和難民法。」從 人口推拉理論分析，該報導中哪段敘述最可能符合中間障礙因素？ (A)難民轉送政策 (B)英國的福利制度 (C)中東與北非政治動盪 (D)聯合國難民署抨擊,xuece-geo-111-16
分科測驗,xuece-geo,111,地理 17,地理,志願性地理資訊,C,E,S5,T2,G6,民眾共同標註：志願性地理資訊,青青推著輪椅帶母親出門，常苦於尋找可用的廁所，因此架設一個電子地圖網路平台， 讓民眾一起在平台中標註可提供如廁服務的地點，並註明是否具備無障礙設施與衛生 評級。上述架設網路平台蒐集資料的作法，最符合下列哪個概念？ (A)公民科學 (B)對抗性地圖 (C)自願性地理資訊 (D)公眾參與式地理資訊系統,xuece-geo-111-17
分科測驗,xuece-geo,111,地理 18,地理,美國沙塵暴與土地退化,C,R,S5,T3,G5,深耕翻土使表土裸露：土地退化,下列哪項人為活動最可能是造成受災區土地退化的原因？ (A)森林砍伐 (B)山牧季移 (C)深耕翻土 (D)刀耕火種,xuece-geo-111-18
分科測驗,xuece-geo,111,地理 19,地理,美國氣候,B,D,S2,T5,G3,災民前往加州：地中海型氣候,題文中災民打零工所在州的主要氣候特徵，最接近下列哪種氣候類型？ (A) (B) （°C） （mm） （°C） （mm） 30 150 30 200 150 20 20 100 100 10 50 10 50 0 0 0 0 1 2 3 4 5 6 7 8 9 101112 1 2 3 4 5 6 7 8 9 101112 月分 月分 (C) (D) （°C） （mm） （°C） （mm） 20 200 30 200 150 150 20 10 100 100 10 50 50,xuece-geo-111-19
分科測驗,xuece-geo,111,地理 20,地理,自然景觀帶,B,D,S4,T5,G7,大平原災前是溫帶草原,從自然景觀帶的角度判斷，下列哪張照片最可能是災民家鄉受災前的景觀？ (A) (B) (C) (D),xuece-geo-111-20
分科測驗,xuece-geo,111,地理 21,地理,狹管效應,C,R,S5,T5,G8,風灌入臺灣海峽：彰化沿海風力最強,根據題文的狹管效應推論，下列何處具有較佳的發展風力發電自然條件？ (A)宜蘭縣 (B)花蓮縣 (C)彰化縣 (D)屏東縣,xuece-geo-111-21
分科測驗,xuece-geo,111,地理 22,地理,風力發電分布,C,D,S2,T5,G3,冬季東北季風強：西部沿海發電量高,以風力發電的特色判斷，下列哪幅圖最可能是臺灣全年風力發電量分布圖？ (A) (B) (C) (D) （百萬度） （百萬度） （百萬度） （百萬度） 400 400 800 800 400 400 1 300 300 600 發電量(百萬度) 600 發電量(百萬度) 300 300 發電量(百萬度) 發 發 發 發 電 200 200 400 400 電 200 200 電 電 0.5 量 量 量 量 100 100 200 200 100 100 0 0 0 0 0 0 0,xuece-geo-111-22
分科測驗,xuece-geo,111,地理 23,地理,產業分工,A,R,S5,T2,G8,零件由不同公司協作生產：水平分工,根據題文，國外風機設備的各零件由臺灣不同公司協作生產，最接近下列哪種產業鏈關 係？ (A)水平分工 (B)垂直分工 (C)水平整合 (D)垂直整合,xuece-geo-111-23
分科測驗,xuece-geo,111,地理 24,地理,長照與人口,D,D,S4,T5,G7,老年人口比例最高的國家最需要長照,圖5 中哪個國家最需要施行「長照服務」的政策？ (A)甲 (B)乙 (C)丙 (D)丁,xuece-geo-111-24
分科測驗,xuece-geo,111,地理 25,地理,扶幼比,A,D,S4,T5,G7,幼年人口比例最高：扶幼比最高,圖5 中哪個國家的人口扶幼比最高？ (A)甲 (B)乙 (C)丙 (D)丁,xuece-geo-111-25
分科測驗,xuece-geo,111,地理 26,地理,人造肉與食物里程,B,R,S5,T2,G8,在消費地生產人造肉，縮短食物里程,根據題文，人造雞肉的出現最可能造成什麼改變？ (A)提高食品安全 (B)縮短食物里程 (C)降低糧食自給率 (D)減少基因改造食品,xuece-geo-111-26
分科測驗,xuece-geo,111,地理 27,地理,知識經濟,A,R,S5,T2,G8,新創科技產品：促進知識經濟,文中該國食品科技新創公司生產的替代性蛋白質產品可能會造成哪些影響？ 甲、促進知識經濟 乙、提高糧食安全 丙、提高人口紅利 丁、降低環境負載力 (A)甲乙 (B)甲丁 (C)乙丙 (D)丙丁,xuece-geo-111-27
分科測驗,xuece-geo,111,地理 28,地理,岩石侵蝕地形,D,D,S4,T5,G7,軟硬岩層差異侵蝕：蕈狀岩,圖6 中形成奇岩怪石的地形作用力，與下列何種 地形最為相似？ (A)錐丘 (B)石筍 (C)角峰 (D)蕈狀岩 圖6,xuece-geo-111-28
分科測驗,xuece-geo,111,地理 29,地理,卡帕多奇亞氣候,B,D,S2,T5,G3,由緯度與位置判斷氣候圖,下列何者最可能是卡帕多奇亞的氣候圖？ (A) (B) （mm） （°C） （°C） （mm） 30 250 30 250 200 200 20 20 150 150 100 100 10 10 50 50 0 0 0 0 1 2 3 4 5 6 7 8 9 101112 1 2 3 4 5 6 7 8 9 101112 月分 月分 (C) (D) （mm） （°C） （mm） （°C） 30 250 30 250 200 200 20 20 150 150 100 100 1,xuece-geo-111-29
分科測驗,xuece-geo,111,地理 30,地理,伊斯蘭文化圈,D,R,S3,T7,G1,土耳其屬伊斯蘭文化圈,今日當地所處的文化圈中，最可能看到下列何種景象？ (A)信奉耶和華 (B)禁食所有肉類 (C)焚香跪拜誦經 (D)每日需數次禮拜,xuece-geo-111-30
分科測驗,xuece-geo,111,地理 31,地理,燒墾與氣候,D,R,S3,T5,G1,焚林火點：熱帶季風氣候的乾季,200N 31. 題文中的傳統燒墾農業，從全球尺度的氣 候類型判斷，最可能發生在哪個氣候區？ 15°N (A)副極地氣候 (B)熱帶乾燥氣候 (C)溫帶濕潤氣候 (D)熱帶莽原氣候,xuece-geo-111-31
分科測驗,xuece-geo,111,地理 32,地理,衛星影像季節,B,D,S4,T5,G6,燒墾在乾季末期：3–4 月,圖7 最可能在哪個時期拍攝？ 10°N 100N (A)12-1月 (B)3-4月 (C)6-7月 (D)9-10月 圖7,xuece-geo-111-32
分科測驗,xuece-geo,111,地理 33,地理,在地化生產,D,R,S5,T2,G8,回到本國生產：在地化生產,根據題文，美國半導體產業實行在地化生產相關措施的現象，與下列哪個概念最接近？ (A)產業分工 (B)聚集經濟 (C)產業連鎖 (D)區位移轉,xuece-geo-111-33
分科測驗,xuece-geo,111,地理 34,地理,非選：工業區位要素,非選,R,S5,T0,G8,非選：政府補貼與市場是設廠的區位要素,根據題文，請提出當時台積電在美國設廠時主要考量的兩個工業區位要素，並從文中各 抄錄一段對應文字為佐證。（各2 分）【佐證文字為兩個標點符號之間，且區位要素與 佐證文字正確對應才給分】 區位要素 佐證文字,xuece-geo-111-34
分科測驗,xuece-geo,111,地理 35,地理,非選：南亞東南亞發展因素,非選,R,S5,T0,G8,非選：南亞東南亞的勞力與市場優勢,下列哪些因素可能是促進南亞或東南亞國家經濟發展的重要因素？請於答題卷上擇一 區域勾選並寫出相對應的因素代號。（2 分）【全對才給分】 甲、英語溝通之科技人才資源豐沛 乙、以單一宗教信仰為主凝聚力強 丙、砍伐熱帶雨林轉作熱帶栽培業 丁、境內人口紅利較已開發國家大 區域（請擇一勾選） 經濟發展的重要因素（請填二個代號） □南亞 □東南亞,xuece-geo-111-35
分科測驗,xuece-geo,111,地理 36,地理,區域經濟組織（CPTPP）,C,R,S5,T7,G8,與紐澳合作：CPTPP,臺灣若加入下列哪個國際組織，最有助於與紐澳國家間的經濟合作關係？ (A)WHO (B)OPEC (C)CPTPP (D)UNFCCC,xuece-geo-111-36
分科測驗,xuece-geo,111,地理 37,地理,還地於河,C,E,S5,T2,G8,還地於河：與自然共存的調適策略,尼德蘭的國土治理從「與海爭地」轉變為「還地於河」，最適合以下列哪個概念解釋？ (A)碳足跡 (B)全球暖化 (C)環境保育 (D)土地退化,xuece-geo-111-37
分科測驗,xuece-geo,111,地理 38,地理,非選：公眾參與 GIS,非選,E,S5,T0,G6,非選：公眾參與 GIS 的權益關係人,根據題文，請在答題卷上寫出「還地於河」公眾參與式地理資訊系統過程中的各權益關 係人以完成示意圖。（3 分） 權益關係人： 公眾參與式 地理資訊系統 權益關係人： 權益關係人：,xuece-geo-111-38
分科測驗,xuece-geo,111,地理 39,地理,公眾參與 GIS 賦權,C,E,S5,T2,G6,讓居民能表達意見並影響決策：賦權,根據題文，下列何者是公眾參與式地理資訊系統賦權概念的實踐？ (A)整合各方意見，建立共識 (B)政府轉換思維展開國土保育，啟動「還地於河」計畫 (C)政府藉此了解民眾需求，民眾掌握專業設計規畫理念 (D)利用圖像化工具，推估不同情境方案可能的結果與影響,xuece-geo-111-39
分科測驗,xuece-geo,111,地理 40,地理,中地理論（超商）,A,R,S5,T2,G8,超商的分布與商品圈：中地理論,該生的研究發問，最可能是地理學中的哪項理論所探討的議題？ (A)中地理論 (B)人口移動理論 (C)核心邊陲理論 (D)工業區位理論,xuece-geo-111-40
分科測驗,xuece-geo,111,地理 41,地理,路網分析,C,E,S3,T2,G1,以道路距離計算商品圈：路網分析,圖8 及圖9 的分析結果，最可能是運用GIS 哪種分析功能？ (A)環域分析 (B)疊圖分析 (C)路網分析 (D)視域分析,xuece-geo-111-41
分科測驗,xuece-geo,111,地理 42,地理,非選：商品圈研究結論,非選,D,S3,T0,G1,非選：由分析結果比較商品圈範圍,根據研究成果，該生在探究與實作的課堂上提出兩點研究結論，第一、全聯的商品圈範 圍大於其他超商，因此是否應歸為同一類仍有待商榷。第二、若圖9 中其他超商的數量 維持不變，但均增加其商品販售的種類，將會擴大在該地的商品圈範圍。老師審視圖9 的分析結果後，認為第二點結論並不合理。請根據圖9 各商店商品圈範圍的現況，以30 字內敘述老師所持的可能理由。（3 分） 根 據 圖 9,xuece-geo-111-42
分科測驗,xuece-geo,111,地理 43,地理,非選：植被分布,非選,R,S3,T0,G1,非選：地中海型氣候的灌木林,從全球自然植被的分布而言，甲至丁中哪個賽段出發時可看到港市外圍的山坡上有低 矮灌木林的分布，抵達目的地前沿著海岸邊可見到密布在港市外圍的常綠森林景觀？ （2 分）,xuece-geo-111-43
分科測驗,xuece-geo,111,地理 44,地理,非選：無風帶,非選,R,S3,T0,G1,非選：赤道無風帶與副熱帶無風帶,請在答題卷上勾選出一個會經過兩次以上無風帶的賽段（2 分），及寫出對應的無風帶 名稱（4 分）。 賽段（請擇一勾選） 賽段會經過的無風帶名稱 □戊 □己 _____________________、_____________________ □庚 □辛,xuece-geo-111-44
分科測驗,xuece-geo,111,地理 45,地理,非選：方位角判讀,非選,D,S3,T0,G1,非選：由方位角與距離判斷目標城市,2022 年3 月28 日某報導指出：「俄羅斯軍隊控制蘇梅城後，一路往位於300 公里外， 方位角260∘的烏克蘭首都基輔挺進。」某生為了解該地戰情進行地圖繪製，圖11 為該 生依據此報導所繪之地圖，但闕漏重要的地圖要素。為使此地圖能被正確判讀，請於答 題卷作答區地圖的指北針箭頭處，以「北」字標示正確方位（2 分）；並於比例尺的方 框處填入此圖正確的比例尺數值。（2 分） 白俄羅斯 基輔 0 公里 俄羅斯 烏克蘭 蘇梅 俄羅斯優勢區 圖11,xuece-geo-111-45
分科測驗,xuece-geo,112,地理 1,地理,南島語族,A,R,S3,T7,G1,澳洲大陸原住民不屬南島語族,下列哪個地區位於南島語族分布範圍之外？ (A)澳洲大陸 (B)紐西蘭南島 (C)馬達加斯加 (D)美國夏威夷島,xuece-geo-112-1
分科測驗,xuece-geo,112,地理 2,地理,北極航道港口,B,R,S3,T5,G1,高緯港口夏季才通航，北極航道,阿納德爾港（64.8°N，177.6°E），全年大部分時間浮冰覆蓋，8 ~ 9 月間可通航，近年來 因天然氣開發，經濟快速成長；博多港（67.3°N，14.4°E）可全年通航，主要出口貨物 為魚、魚粉及青魚油等，進口貨物有煤、鹽及石油等。博多港的通航期比阿納德爾港來 得長，主要是受到下列哪項因素的影響？ (A)進出口貨物類別 (B)位於陸塊東西岸 (C)鄰近海域日照量 (D)鄰近海域降水量,xuece-geo-112-2
分科測驗,xuece-geo,112,地理 3,地理,智慧城市,B,E,S5,T2,G8,智慧城市：用空間資訊科技改善公共服務,某市市長擬利用空間資訊科技推動智慧城市相關基礎建設，指示各單位提出建設方案。 下列哪些方案最可能被該市長採用？ 甲、提供路邊車格即時資訊 乙、建置空氣品質預警通知 丙、進行生醫產業園區選址 丁、提供公車到站即時資訊 戊、規劃長照服務人力培訓 (A)甲乙丙 (B)甲乙丁 (C)乙丙丁 (D)丙丁戊,xuece-geo-112-3
分科測驗,xuece-geo,112,地理 4,地理,冰河地形,A,D,S4,T5,G7,一側平緩、一側陡峭：冰河侵蝕的羊背石,紐約中央公園有類似照片1 中的地形，成為重要的觀光休閒景點，該地形具有一側平緩 光滑，一側崎嶇陡峭的地形特徵。圖1 為冰河地形分布示意圖，照片1 中的地形最可能 分布於圖1 中的何處？ 端 甲 乙 丙 丁 磧 照片1 圖1 (A)甲 (B)乙 (C)丙 (D)丁,xuece-geo-112-4
分科測驗,xuece-geo,112,地理 5,地理,極端降雨,B,D,S2,T5,G3,單日雨量占夏季七成：極端降雨,紐西蘭奧克蘭市於2023 年1 月27 日單日降下249 毫米的雨量，是夏季總雨量的70%， 造成洪水與土石流災害，機場成為水塘，道路水深及臀。若2023 年紐西蘭年降水量不 變的假設下，下列哪個現象最可能是在當年度此事件後所造成的改變？ (A)年逕流量減少 (B)洪水發生機率減少 (C)年降雨變率增加 (D)可利用水資源增加,xuece-geo-112-5
分科測驗,xuece-geo,112,地理 6,地理,地熱與板塊,A,R,S5,T5,G3,位於板塊交界、火山活動：臺灣的地熱潛力,微軟創辦人比爾‧蓋茲2019 年開始投資臺灣地熱能源的開發，下列哪項是臺灣具有地 熱能源開發潛力最可能的原因？ (A)臺灣位處板塊接觸帶 (B)臺灣已經大量使用地熱能源 (C)臺灣地熱集中於西部平原開發便利 (D)臺灣是全球地熱蘊藏最豐富的國家,xuece-geo-112-6
分科測驗,xuece-geo,112,地理 7,地理,澎湖菜宅,C,D,S4,T5,G7,咾咕石牆擋東北季風：箭頭指東北,澎湖的農業景觀深受當地盛行風的影響，照片2 是澎湖的菜宅（即農田）景觀，照片2 中的箭頭最可能是哪個方位？ 照片2 (A)東←→西 (B)南←→北 (C)東北←→西南 (D)東南←→西北,xuece-geo-112-7
分科測驗,xuece-geo,112,地理 8,地理,伊斯蘭女性勞動,D,R,S5,T6,G8,伊斯蘭文化使女性勞動力比例低,全球女性勞動力的比例受到產業、社會、傳統文化影響甚大，其中，伊斯蘭世界女性勞 動力比例較低，主要受到下列哪種因素影響？ (A)服務業發達 (B)人均GDP高 (C)平均教育程度高 (D)傳統文化性別制約,xuece-geo-112-8
分科測驗,xuece-geo,112,地理 9,地理,人口轉型階段,B,D,S2,T5,G2,死亡率開始下降、出生率仍高：早期擴張,該國哪個時期開始邁入人口轉型模式的早期擴張階段？ (A)1901 ~ 1911 (B)1911 ~ 1921 (C)1931 ~ 1941 (D)1951 ~ 1961,xuece-geo-112-9
分科測驗,xuece-geo,112,地理 10,地理,扶養比,B,D,S2,T3,G2,出生率高：扶幼比高、扶養比高,從1970 ~ 2000 年之間，該國最可能出現下列哪種社會現象？ (A)扶幼比低 (B)扶養比高 (C)勞動力不足 (D)人口紅利小,xuece-geo-112-10
分科測驗,xuece-geo,112,地理 11,地理,蘭嶼,A,D,S1,T5,G4,由文學描述判斷：蘭嶼,該作家所描寫的地區，最可能是下列何者？ (A)蘭嶼 (B)綠島 (C)澎湖 (D)琉球嶼,xuece-geo-112-11
分科測驗,xuece-geo,112,地理 12,地理,地方感,A,E,S1,T2,G8,作家對地方的情感：地方感,該作家所描述的內容，最符合下列哪個地理概念？ (A)地方感 (B)環境變遷 (C)區域專業化 (D)全球在地化,xuece-geo-112-12
分科測驗,xuece-geo,112,地理 13,地理,申根公約,A,R,S5,T2,G8,進入申根區後可自由移動,許多難民經由地中海進入希臘成功尋求政治庇護後，即可自由移動至其他大部分歐洲 國家，此現象是根據下列哪項協議？ (A)申根公約 (B)邊界合作區 (C)馬斯垂克條約 (D)歐洲煤鋼共同體條約,xuece-geo-112-13
分科測驗,xuece-geo,112,地理 14,地理,歐盟成員,D,R,S5,T7,G8,找屬於歐盟成員國的國家,歐盟執行委員會因應難民危機，研擬由成員國攤派接納一定配額難民，此一法案通過 後，下列哪些國家需遵守此規定？ 甲、瑞士 乙、挪威 丙、德國 丁、西班牙 戊、斯洛伐克 (A)甲乙丙 (B)甲丁戊 (C)乙丙丁 (D)丙丁戊,xuece-geo-112-14
分科測驗,xuece-geo,112,地理 15,地理,等高線判讀,D,D,S3,T5,G6,由等高線判斷地形,若圖3 為等高線地形圖，高度單位和比例尺單位均為公尺， 圖3 中乙處，最可能為下列哪種地形？ (A)山峰 (B)稜線 (C)鞍部 (D)谷地 0 100 圖3,xuece-geo-112-15
分科測驗,xuece-geo,112,地理 16,地理,等值線判讀,C,D,S3,T5,G1,等雨量線密集處雨量變化大,若圖3 為等雨量線圖，雨量單位為mm，比例尺單位為公里。圖3 中甲乙丙丁四個地點， 哪個地點附近雨量的空間分布變化最大？ (A)甲 (B)乙 (C)丙 (D)丁,xuece-geo-112-16
分科測驗,xuece-geo,112,地理 17,地理,方位角,C,D,S4,T5,G7,由方位角 315 度推算正北方向,正北最接近圖4 中哪兩點連線所指的方向？ (A)甲→丙 (B)乙→丁 (C)丙→甲 (D)丁→乙,xuece-geo-112-17
分科測驗,xuece-geo,112,地理 18,地理,河流判讀,B,D,S4,T5,G7,由影像特徵判斷河流,圖4 中的河流最可能為下列何者？ (A)和平溪 (B)大肚溪 (C)卑南溪 (D)秀姑巒溪,xuece-geo-112-18
分科測驗,xuece-geo,112,地理 19,地理,海水淡化,A,R,S5,T5,G8,缺水的離島：澎湖海水淡化廠最多,截至2021 年，下列哪個縣市由於環境條件限制而造成水資源不足，使其海水淡化廠的 座數最多？ (A)澎湖縣 (B)臺東縣 (C)雲林縣 (D)宜蘭縣,xuece-geo-112-19
分科測驗,xuece-geo,112,地理 20,地理,淡化廠的設置,D,R,S5,T6,G8,人口多、用水需求大且缺水的縣市,根據題文，陸續增設的海水淡化廠最可能設置於哪些縣市？ 甲、花蓮縣 乙、臺北市 丙、新竹市 丁、臺南市 戊、高雄市 (A)甲乙丙 (B)甲丁戊 (C)乙丙丁 (D)丙丁戊,xuece-geo-112-20
分科測驗,xuece-geo,112,地理 21,地理,岩溶作用,D,R,S5,T7,G8,珊瑚礁石灰岩：岩溶作用,題文中天然洞穴的形成原因，最可能是何種地形作用所形成？ (A)火山作用 (B)河流作用 (C)風成作用 (D)岩溶作用,xuece-geo-112-21
分科測驗,xuece-geo,112,地理 22,地理,洞穴與季節,C,R,S5,T6,G3,夏季豪雨或颱風時暫停探洞,下列哪個月份，遊客最可能遇到管理處實施暫停探洞活動？ (A)一月 (B)四月 (C)七月 (D)十一月,xuece-geo-112-22
分科測驗,xuece-geo,112,地理 23,地理,卡達海運路線,C,D,S3,T5,G1,從卡達經荷莫茲海峽、阿拉伯海,由圖5 中甲國與乙國的相對位置判斷，若選擇最短的海運路線，依序會經過哪些海域？ 甲、紅海 乙、南海 丙、大西洋 丁、地中海 戊、太平洋 己、印度洋 (A)甲丁丙 (B)甲己乙 (C)己乙戊 (D)己丙戊,xuece-geo-112-23
分科測驗,xuece-geo,112,地理 24,地理,卡達氣候,B,D,S2,T5,G3,熱帶沙漠氣候：卡達,甲國的氣候圖最可能為下列何者？ (A) (B) (C) (D) 氣溫（°C） 氣溫（°C） 雨量（mm） 氣溫（°C） 雨量（mm） 雨量（mm） 氣溫（°C） 雨量（mm） 40 350 40 350 40 350 40 350 300 300 300 300 30 30 30 30 250 250 250 250 20 20 20 20 200 200 200 200 10 10 10 10 150 150 150 150 0 0 0 0 100 100 100 100 ,xuece-geo-112-24
分科測驗,xuece-geo,112,地理 25,地理,液化天然氣進口,C,R,S5,T3,G5,乙國核電停擺，改進口天然氣發電,依據題文，造成乙國當時進口液化天然氣數量快速成長的原因，最可能為下列何者？ (A)減緩氣候暖化的速度 (B)降低工業發展成本 (C)降低核能發電的依賴 (D)鼓勵農業發展轉型,xuece-geo-112-25
分科測驗,xuece-geo,112,地理 26,地理,中國 PM2.5 與沙塵,A,D,S2,T5,G2,北京春季沙塵影響最明顯,哪個城市的PM2.5 受季節性沙塵影響最明顯？ (A)北京 (B)重慶 (C)上海 (D)深圳,xuece-geo-112-26
分科測驗,xuece-geo,112,地理 27,地理,鋒面雨季,C,R,S2,T5,G2,梅雨季降水洗除懸浮微粒,深圳5 ~ 6 月和上海6 ~ 7 月的PM2.5 數值偏低，最主要受到何種因素影響？ (A)工業排放減少 (B)季節沙塵減少 (C)鋒面雨季來臨 (D)東北季風減弱,xuece-geo-112-27
分科測驗,xuece-geo,112,地理 28,地理,水平整合,A,R,S5,T2,G8,不同產業公司結盟：水平整合,鴻海科技與裕隆汽車公司的合作最可能是下列哪種分工模式？ (A)水平整合 (B)垂直整合 (C)區域互賴 (D)區域分工,xuece-geo-112-28
分科測驗,xuece-geo,112,地理 29,地理,電動車減碳,D,R,S5,T2,G8,電動車減少碳排放,根據題文，電動車的普及最可能產生下列哪種效應？ (A)增加環境負載力 (B)實現產品規格化理想 (C)減低臺灣的能源需求 (D)加速達成減碳的目標,xuece-geo-112-29
分科測驗,xuece-geo,112,地理 30,地理,河川水源組成,A,D,S2,T5,G3,依季節判斷降雨、融雪、冰河融水,該流域的降雨、融雪和冰河冰融化的水資源，依序對 水 應到圖6 中的哪個圖例？ 資 (A)甲乙丙 (B)甲丙乙 源 量 (C)乙丙甲 (D)丙甲乙 （ 立,xuece-geo-112-30
分科測驗,xuece-geo,112,地理 31,地理,乾燥氣候成因,C,R,S3,T5,G1,距海遠：內陸乾燥,造成此流域氣候乾燥的最主要原因為何？ 方 公 (A)沿海有涼流通過 里 (B)東北信風背風側 ） (C)距離海洋較遙遠 圖6 (D)副熱帶高壓籠罩,xuece-geo-112-31
分科測驗,xuece-geo,112,地理 32,地理,非選：垂直景觀帶,非選,R,S3,T0,G1,非選：垂直景觀帶出現在高山,中南美洲與非洲均有明顯的「垂直自然景觀分帶」，這種景觀帶最可能出現在這兩洲的 哪座山脈？【請於答題卷作答區中擇一區域勾選，並寫出相對應的山脈名稱】（2 分） 山脈 區域（請擇一勾選） □非洲 □中南美洲,xuece-geo-112-32
分科測驗,xuece-geo,112,地理 33,地理,非選：區域發展程度,非選,D,S3,T0,G1,非選：依發展程度分區,依據圖7 中各區域的發展程度，請在答題卷作答區中，依示例分別以甲、乙、丙、丁的 代號對應填入其各自代表的區域。【全對才給分】（3 分） 非洲、西亞 東亞、東南亞、 區域 歐洲 北美洲 中南美洲 南亞及大洋洲 代號 戊,xuece-geo-112-33
分科測驗,xuece-geo,112,地理 34,地理,上網人口,A,D,S2,T5,G2,上網人口比例低、人口多：成長潛力大,某公司計劃擴展智慧型手機上網業務，考量新增上網人口的潛力，圖8 中下列哪個國家 最可能是該公司優先擴展業務的對象？ (A)印度 (B)印尼 (C)巴西 (D)土耳其,xuece-geo-112-34
分科測驗,xuece-geo,112,地理 35,地理,疊圖分析,B,E,S5,T2,G6,看土地隸屬單位：疊圖分析,欲知傳統領域內的土地隸屬於哪些單位，最適合使用哪種地理資訊系統的分析功能？ (A)環域分析 (B)疊圖分析 (C)地形分析 (D)門牌地址對位,xuece-geo-112-35
分科測驗,xuece-geo,112,地理 36,地理,空間的不同內涵,D,E,S5,T2,G8,同一空間對不同群體有不同意義,根據題文，相同的空間範圍對原住民族與公部門來說具有不同內涵，此為下列何種空間 概念？ (A)空間差異 (B)空間重組 (C)空間隱私權 (D)空間的社會性,xuece-geo-112-36
分科測驗,xuece-geo,112,地理 37,地理,非選：對抗性地圖,非選,E,S5,T0,G8,非選：原住民自繪地圖挑戰官方,請在答題卷作答區擷取題文中最能呈現「對抗性地圖」概念的一句話。【兩個句點之間 的完整字詞】（2 分）,xuece-geo-112-37
分科測驗,xuece-geo,112,地理 38,地理,公民科學,A,E,S5,T2,G8,民眾回報資料協助調查：公民科學,根據題文，當地里長推估狒狒移動路 線的過程，最符合下列哪項概念？ (A)公民科學 (B)地理媒體 (C)對抗性地圖 (D)公眾參與式地理資訊系統,xuece-geo-112-38
分科測驗,xuece-geo,112,地理 39,地理,非選：地圖要素,非選,D,S3,T0,G1,非選：地圖缺少時間資訊,里長想藉由「狒狒現蹤地圖」去預測 狒狒可能出沒的地點，但發現該圖缺 乏某種地圖要素，以至於無法估算其 移動速度，該地圖缺乏的要素為何？ （2 分） 圖9,xuece-geo-112-39
分科測驗,xuece-geo,112,地理 40,地理,嘉絨藏族探究,D,E,S5,T2,G5,探究居民的生活方式與環境關係,題文敘述最可能是下列哪個地理學探究與實作課題的內容？ (A)碉樓建築的工法 (B)丹巴縣的生態旅遊 (C)嘉絨藏族的歷史發展 (D)嘉絨藏族的傳統生態知識,xuece-geo-112-40
分科測驗,xuece-geo,112,地理 41,地理,GIS 分析方法,C,E,S5,T2,G6,用 GIS 分析碉樓位置與視域,若要探究碉樓的建築目的是否如居民所述，可以使用下列哪些地理資訊系統的分析方 法與資料？ 甲、環域分析 乙、視域分析 丙、數值高程 丁、碉樓分布 戊、聚落分布 (A)甲丙戊 (B)甲丁戊 (C)乙丙丁 (D)乙丙戊,xuece-geo-112-41
分科測驗,xuece-geo,112,地理 42,地理,非選：永續發展作法,非選,E,S5,T0,G5,非選：擷取永續利用的做法,請在答題卷作答區中勾選一項資源利用類別，並從題文擷取一段能充分反映當地居民 落實永續發展的相對應作法。【兩個句點之間的完整字詞】（3 分） 資源利用類別 永續發展作法 □水資源利用 □土地利用方式 □森林資源運用,xuece-geo-112-42
分科測驗,xuece-geo,112,地理 43,地理,聚集經濟,A,R,S5,T2,G8,書店聚集，吸引更多顧客：聚集經濟,根據甲書店老闆的訪談內容，小旻最可能依據哪個地理概念來歸納他所欲探究問題的 答案？ (A)聚集經濟 (B)產業連鎖 (C)區位移轉 (D)專業分工,xuece-geo-112-43
分科測驗,xuece-geo,112,地理 44,地理,非選：標示書店位置,非選,D,S3,T0,G1,非選：在地圖上標示書店位置,為了解此區獨立書店的空間分布情形，小旻欲將各書店的位置繪製成圖10，但圖上尚缺乙 書店的位置。請在答題卷作答區的圖上，以相同的書店符號標示出乙書店的位置。（2 分） 永勝5 號 愛讀繪本屋 愛讀繪本屋 永勝5 號 七木人文空間書房 七木人文空間書房 繫。本屋 繫。本屋 甲 甲 小陽。日栽書屋 小陽。日栽書屋 圖10,xuece-geo-112-44
分科測驗,xuece-geo,112,地理 45,地理,非選：中地理論示意圖,非選,R,S5,T0,G8,非選：中地理論的商品圈示意,小旻根據乙書店老闆的訪談內容：「開店的成本差不多，但會有很多非本地的閱讀愛好 者慕名前來消費」，請在答題卷作答區以中地理論的角度繪製一張示意圖，代表乙書店 遷入至此地後的商閾及商品圈之變化情形。（4 分） 乙書店遷入前 乙書店遷入後 商閾 商品圈 中地 商閾 商品圈 中地,xuece-geo-112-45
分科測驗,xuece-geo,112,地理 46,地理,非選：潮間帶範圍,非選,D,S3,T0,G1,非選：描繪潮間帶範圍,在答題卷作答區中，依照示例的方式描繪2021 年「潮間帶」的範圍，並以斜線填滿。（3 分） 2021 年 示例 N,xuece-geo-112-46
分科測驗,xuece-geo,112,地理 47,地理,非選：潮間帶變化,非選,D,S3,T0,G1,非選：由蚵架判斷潮間帶變化,根據2015 年與2021 年的蚵架分布與等高線的型態，可判斷潮間帶範圍發生變化， 在答題卷作答區中勾選潮間帶的變化趨勢，限用30 字以內說明造成此現象的原因。 （3 分） 變化趨勢 原因 □增加 □減少 □位移,xuece-geo-112-47
分科測驗,xuece-geo,113,地理 1,地理,嘉義縣觀光資源,D,D,S4,T5,G7,北回歸線、阿里山：嘉義縣,圖1 是臺灣某廟宇的對聯上聯，對聯文字顯示該廟宇所在縣市 的地理特色。該縣市除此廟宇、北回歸線標等觀光資源外， 還可能包括下列何者？（註：嶋=島） (A)峽谷 (B)苔原 (C)錐狀火山 (D)珊瑚礁生態 圖1,xuece-geo-113-1
分科測驗,xuece-geo,113,地理 2,地理,尼泊爾梯田綠籬,C,R,S5,T2,G8,固氮灌木做綠籬：保持水土、改善地力,蔓生千斤拔是矮生灌木，根具有固氮作用，抓地力強，尼泊爾農技人員在喜馬拉雅山 南坡的梯田邊緣，將其作為綠籬。該國農技人員將千斤拔納入農業系統中，最可能是 認為該植物具有下列哪項環境保育效益？ (A)預防病蟲侵害 (B)降低侵蝕基準 (C)緩解土壤沖蝕 (D)減少蒸發散量,xuece-geo-113-2
分科測驗,xuece-geo,113,地理 3,地理,商閾與雜貨店,D,R,S5,T2,G8,便利商店與雜貨店的商品與商閾不同,2023 年6 月，臺東縣金峰鄉才有連鎖便利商店的設立，一般認為其將會衝擊到當地既有的 雜貨店，不過當地雜貨店的老闆說：「他有信心可以留住客戶，因為雜貨店的人情味 濃厚，客戶常來店裡聊天。」就老闆的說法，雜貨店的存在最符合下列哪個概念 陳述的重點？ (A)城鄉關係 (B)生產客製化 (C)節點與連線 (D)空間的社會性,xuece-geo-113-3
分科測驗,xuece-geo,113,地理 4,地理,人口紅利與負利,A,D,S2,T5,G2,扶養比先降後升：經過人口紅利後進入人口負利,表1 為1990~2020 年四個國家的人口扶養比（%）資料。表中哪個國家最可能經過人口 紅利階段且接著進入人口負利階段？ 表1 1990 1995 2000 2005 2010 2015 2020 甲 48.7 49.9 49.5 50.1 50.9 57.8 62.4 乙 90.6 85.1 81.4 80.1 79.1 80.9 78.7 丙 71.7 68.6 64.2 59.9 56.0 51.6 48.7 丁 62.0 64.4 59.7 53.8 49.5 45,xuece-geo-113-4
分科測驗,xuece-geo,113,地理 5,地理,電子垃圾轉移,C,R,S5,T3,G5,中國發展後，電子垃圾轉往東南亞,過去美國將許多廢棄電子產品運往中國提煉貴金屬，近期中國經濟發展程度提高，促使 電子垃圾大多轉往南方區域的西非國家處理。學者指出：因西非國家處理電子垃圾仍以 焚燒方式為主，已對當地環境與勞工健康帶來更大的危害。該現象最能夠說明西非國家 的經濟發展，最可能具有下列哪項特點？ (A)已進入到後工業化的經濟發展階段 (B)積極推動進口替代的經濟發展策略 (C)受限於世界體系內的經濟發展差異 (D)持續維持殖民地式的經濟發展特色,xuece-geo-113-5
分科測驗,xuece-geo,113,地理 6,地理,土地利用規劃,C,E,S5,T2,G8,市長細數政績：工業區與住宅規劃,新聞提到：「菲律賓首都馬尼拉南方約30 多公里處的Santa Rosa 市，市長細數其近年 政績，包括工業區的設立、農業用地的保留、新興住宅區的建設，使該市已逐漸成為 馬尼拉大都會的一部分。」上述內容最適合用來說明下列哪項概念？ (A)都市成長 (B)競租曲線 (C)都市擴張 (D)假性都市化,xuece-geo-113-6
分科測驗,xuece-geo,113,地理 7,地理,紅海航線,B,R,S3,T5,G1,避開紅海，改繞好望角,2023 年西亞政治局勢緊張，葉門武裝組織攻擊紅海航線的貿易商船，為了安全考量，許多 貨輪被迫放棄通行蘇伊士運河。此衝擊對全球海運最可能帶來下列哪項直接影響？ (A)黑海貨運取代紅海航線 (B)歐亞貨運運輸成本增加 (C)降低歐美之間貨物需求 (D)波斯灣石油運輸量大減,xuece-geo-113-7
分科測驗,xuece-geo,113,地理 8,地理,印度生育政策,C,R,S5,T6,G8,延後生育以控制人口成長：印度,2007 年，印度實行一項名為「二次蜜月」的生育計畫，只要新婚夫妻在婚後兩年才生 第一胎，就給予五千盧比的獎勵，若婚後三年才生第一胎，則給予七千五百盧比。希望 藉由該生育計畫減少生育率持續上升，抑制人口總數加速膨脹的問題。生育計畫實施 當時，印度最可能處於下列哪個人口轉型階段？ (A)低穩定階段 (B)高穩定階段 (C)早期擴張階段 (D)晚期擴張階段,xuece-geo-113-8
分科測驗,xuece-geo,113,地理 9,地理,非洲綠色革命,B,E,S5,T4,G5,綠色革命增產但也帶來環境問題,兩位學者針對近年來非洲各國的一項政策進行辯論。學者甲：「非洲各國實施這項政策， 大幅增加了糧食作物生產，對解決非洲糧食問題帶來巨大貢獻。」學者乙：「非洲各國 實施這項政策，雖增加糧食作物生產，但窮苦人家仍缺乏資金採買作物種子。其實 並沒有解決非洲的糧食問題。」根據上述內容，兩位學者辯論的非洲各國政策最可能是 下列何者？ (A)產業轉型 (B)綠色革命 (C)生質能作物種植 (D)農產貿易自由化,xuece-geo-113-9
分科測驗,xuece-geo,113,地理 10,地理,碳排放量,C,D,S2,T4,G2,比較總排放量與人均排放量,圖2 是1960-2015 年美國、德國、中國、澳大利亞等國的碳排放量變化圖。圖3 是 該四國平均每人碳排放量圖。圖中何者是德國？ 萬噸 噸 6.000 2.800k 甲 乙 2.600k 5.500 2.400k 5.000 2.200k 4.500 丁 2.000k 4.000 1.800k 3.500 1.600k 乙 3.000 1.400k 1.200k 丙 2.500 1.000k 甲 2.000 800.0 1.500 600.0 1.000 400.0 丙 0,xuece-geo-113-10
分科測驗,xuece-geo,113,地理 11,地理,海龜調查方法,D,E,S5,T2,G8,持續調查海龜：固定樣點的長期觀測,2021 年6 月高雄外海的輸油管破裂，導致小琉球海域的海龜棲地受到影響，因此政府 立即進行持續一週全面性的海龜數量調查。其最適合的調查方法為下列何者？ (A)藉由水溫差異評估 (B)透過問卷調查分析 (C)利用電子地圖比對 (D)以空拍機進行估算,xuece-geo-113-11
分科測驗,xuece-geo,113,地理 12,地理,宜蘭雨量,B,R,S5,T5,G3,秋冬東北季風帶來大雨：宜蘭,"2022 年宜蘭縣西帽山雨量站的累積雨量突破一萬毫米，來到12,022 毫米。其中九月份 的雨量為1,273 毫米，而十月份的雨量高達4,574 毫米，超過了臺灣本島許多地區的 年降水量。上述十月份雨量的現象，最能夠反映下列何種降水概念？ (A)年降水量 (B)降水強度 (C)降水季節 (D)降水變率",xuece-geo-113-12
分科測驗,xuece-geo,113,地理 13,地理,氣溫與空氣密度,A,R,S5,T3,G3,氣溫降低、密度增加：高氣壓,根據研究，氣溫降低時，空氣分子運動速度會變慢，且分子間的距離會拉近，導致空氣 密度變大。因此在室外舉辦的棒球比賽，被球棒擊 （℃） 出的球，會因為空氣阻力較大而飛得不遠；反之， 27 氣溫上升時，球的飛行軌跡情況則是相反。此外， 80°F 比 在室內球場舉辦的比賽，因可控制球場溫度，較 賽 26 不會出現上述的情況。圖4 為1960-2020 年美國 時 大聯盟棒球場比賽時平均氣溫的變化。據此研究， 氣 若只考慮氣溫因素，2010 年以後大聯盟棒球比賽， 25 溫 最可能具有,xuece-geo-113-13
分科測驗,xuece-geo,113,地理 14,地理,沖積扇,B,D,S4,T5,G7,沙漠邊緣山麓的扇形堆積：沖積扇,圖5 為某種地形的衛星影像圖。該地形最可能為下列何者？ 沙漠 農田 圖5 (A)冰河消融後在端磧前形成的外洗扇 (B)高山融雪匯成河川後形成的沖積扇 (C)颱風誘發岩層崩壞形成的土石流扇 (D)河口受海水阻擋後形成的三角洲扇,xuece-geo-113-14
分科測驗,xuece-geo,113,地理 15,地理,地中海聯盟,A,R,S3,T6,G1,南北沿岸發展差距大，合作困難,近年來，歐盟有意推動地中海聯盟組織，以促進地中海南、北沿岸國家的經濟合作， 但此合作模式並未得到歐盟成員國的善意回應，主因之一是地中海周邊國家彼此多有 矛盾，政治摩擦不少，各國難以授權給地中海聯盟機制處理共同事務。下列何者屬於 上述的矛盾？ (A)摩洛哥與西班牙的漁業權爭執 (B)埃及與蘇丹的水資源分配衝突 (C)義大利與土耳其的領海劃分糾紛 (D)象牙海岸與法國的殖民歷史仇恨,xuece-geo-113-15
分科測驗,xuece-geo,113,地理 16,地理,自願性地理資訊,B,E,S5,T2,G6,民眾回報火點：自願性地理資訊,亞馬孫南部地區林地野火事件層出不窮，有可能是開墾林地或是自然野火所造成。巴西 政府於是發展出一套GIS 應用軟體，讓不同部落分享野火知識及回報野火發生地點， 並整合濕度與衛星影像資料，分析最可能發生火災的地區。此分析方法最可能是下列 何者？ (A)視域分析 (B)疊圖分析 (C)環域分析 (D)地形（勢）分析,xuece-geo-113-16
分科測驗,xuece-geo,113,地理 17,地理,北美都市,D,D,S3,T5,G1,兩河匯流的都市：匹茲堡,"圖6 為冬季時北美洲某個位於兩條河流匯集處（40.4°N, 80.0°W ）的都市景觀。 照片左側河流發源於（41.9°N, 77.9°W ）， 河面上有著浮冰分布，右側河流的源頭則位於 （38.5°N, 80.8°W）。該照片拍攝角度，最可能是 下列何者？ (A)從方位角0°往90°拍攝 (B)從方位角0°往180°拍攝 (C)從方位角90°往180°拍攝 (D)從方位角270°往90°拍攝 圖6",xuece-geo-113-17
分科測驗,xuece-geo,113,地理 18,地理,商業聚集,C,R,S5,T2,G8,同類商店聚集，方便比較選購,光華商場是販售3C 電子產品與零組件的著名商場，消費者可在商場內一次選購所需要 的電子產品或零組件，也可比較不同店家販售相同產品的價格。上述商場的經營型態， 最可能是採用下列哪項策略？ (A)產業群聚 (B)水平整合 (C)聚集經濟 (D)產品標準化,xuece-geo-113-18
分科測驗,xuece-geo,113,地理 19,地理,各國 12 月氣候,A,D,S2,T5,G3,12 月是南半球夏季,某旅行社在推銷不同國家的旅遊行程時，會根據出遊時各國的氣候狀況，建議旅客攜帶 必要物品，下列何者是12 月旅行不同國家時，最適合準備的物品？ 甲、英國倫敦－傘具 乙、中國北京－羽絨大衣 丙、義大利威尼斯－傘具 丁、澳大利亞雪梨－羽絨大衣 戊、新加坡牛車水－羽絨大衣 (A)甲乙丙 (B)甲乙丁 (C)乙丙戊 (D)丙丁戊,xuece-geo-113-19
分科測驗,xuece-geo,113,地理 20,地理,歐盟規定,A,R,S5,T2,G8,歐盟統一規格：區域整合的共同規範,2024 年12 月底以後在歐盟銷售的手機，依該組織規定需全面採用USB Type-C 充電 插槽。該組織制定上述規定，最可能是在下列哪項背景下形成？ (A)該組織議會通過與環境經濟相關法案，以降低電子垃圾產生 (B)該組織中央銀行放寬歐元貨幣政策，以促進商品價格的統一 (C)該組織法院針對申根區規範擴充法條，以避免設備不斷更換 (D)該組織各國家分別制定法案，再統一由組織執行委員會執行,xuece-geo-113-20
分科測驗,xuece-geo,113,地理 21,地理,新社花卉,A,R,S5,T5,G8,新社日夜溫差大，適合花卉,臺中市新社區生產文心蘭的地區，具有日夜溫差大的優勢，使得花卉品質優良，深受 日本市場喜愛；部分農友利用鴨子的雜食性，進行園區蝸牛等蟲害防治。若僅依據上文， 該地文心蘭產業最可能具有下列哪項經營特徵？ (A)透過傳統生態知識建立農作物最佳栽種環境 (B)結合周遭多樣觀光資源帶動農業多角化經營 (C)藉由生物防治、減少碳足跡以實踐綠色經濟 (D)利用生物科技改良出日本市場所需花卉品種,xuece-geo-113-21
分科測驗,xuece-geo,113,地理 22,地理,空間隱私,C,E,S5,T2,G8,Cookie 追蹤位置：空間隱私,用電腦開啟網站時，畫面會彈出視窗要求使用者同意接受 Cookie，讓網站經營者可以 追蹤和收集使用者的數據，包括使用者瀏覽行為、位置和 IP 位址、網購清單等，進而 提供符合使用者需求的網頁廣告，尤其是具有網路地圖服務的網站，更會要求提供使用 者位置。該現象可能顯現下列哪項空間資訊科技發展的問題？ (A)現代人際關係的疏離益加明顯 (B)公民科學發展進程仍相當有限 (C)空間隱私權受侵犯的潛在隱憂 (D)無法遏制具歧視性的偏見地圖,xuece-geo-113-22
分科測驗,xuece-geo,113,地理 23,地理,知識經濟,C,R,S5,T2,G8,以技術創新產生價值：知識經濟,有關再生水的電容去離子技術，其再生技術的形成，最適合以下列哪個概念解釋？ (A)微笑曲線 (B)工業革命 (C)知識經濟 (D)產業群聚,xuece-geo-113-23
分科測驗,xuece-geo,113,地理 24,地理,再生水產量,A,R,S5,T6,G8,技術與需求都高的國家：美國,下列哪個國家，其再生水的總產量可能最高？ (A)美國 (B)巴西 (C)越南 (D)肯亞,xuece-geo-113-24
分科測驗,xuece-geo,113,地理 25,地理,風花圖,B,D,S2,T5,G2,依盛行風判斷風花圖,下列何者最可能是Blyth 的風花圖（單位：時／年）？ (A) (B) 北 北 西北 1000 東北 西北 東北 750 1000 500 500 250 西 東 0 西 東 0 東南 東南 西南 西南 南 南 (C) (D) 北 北 西北 東北 東北 西北 1000 2000 750 500 1000 250 東 0 東 西 西 0 東南 東南 西南 西南 南 南,xuece-geo-113-25
分科測驗,xuece-geo,113,地理 26,地理,公眾參與,D,E,S5,T2,G8,興建過程納入居民意見：公眾參與,Blyth 離岸風電廠完工後，該國政府興建離岸風電廠的過程，最可能是下列哪個概念的 具體實踐？ (A)公民科學 (B)對抗性地圖 (C)自願性地理資訊系統 (D)公眾參與式地理資訊系統,xuece-geo-113-26
分科測驗,xuece-geo,113,地理 27,地理,文化混合,C,E,S5,T2,G8,毛利語與英語地名並存：文化混合,上述這兩個不同文化圈的混合文化現象，與下列哪個混合文化的案例最為接近？ (A)澳洲發行原住民族圖騰貨幣 (B)越南華人製作法式麵包祭祖 (C)臺灣阿美族以母語書寫聖經 (D)厄瓜多印地安人信仰天主教,xuece-geo-113-27
分科測驗,xuece-geo,113,地理 28,地理,河川與貝類,B,R,S5,T3,G3,河川帶來淡水或泥沙，影響貝類養殖,文中貝類養殖發生收成問題的原因，最可能與當地發生下列何種事件有關？ (A)沿岸的北大西洋暖流勢力減弱，導致海水水溫突然變低 (B)河川集水區內飼養的牲畜糞便，導致河水細菌大量滋生 (C)六至八月的夏季旅客入境者眾，導致廢水排放總量增加 (D)太陽直射與暖化使得乾季拉長，導致河水自淨能力減弱,xuece-geo-113-28
分科測驗,xuece-geo,113,地理 29,地理,天坑直徑測量,D,D,S3,T5,G6,依比例尺估算天坑直徑,圖7 中甲處的天坑，其「頂部」直徑的長度大約為多少公尺？ (A)50 (B)100 (C)150 (D)200,xuece-geo-113-29
分科測驗,xuece-geo,113,地理 30,地理,岩溶作用,B,R,S5,T7,G8,地下岩洞頂部坍塌：岩溶作用,題文中所述的天坑災害，最主要是受下列哪項地形作用所造成？ (A)冰河作用 (B)岩溶作用 (C)火山作用 (D)風成作用,xuece-geo-113-30
分科測驗,xuece-geo,113,地理 31,地理,全球化與空間重組,D,R,S5,T2,G8,在臺灣培育燉飯米：取代進口的空間重組,臺灣培育花蓮26 號品種的現象，最適合以下列哪個概念解釋？ (A)歐、亞兩大洲的區域互賴 (B)西方文化圈的形成與擴散 (C)全球經濟地理空間的重組 (D)全球化影響產業發展變遷,xuece-geo-113-31
分科測驗,xuece-geo,113,地理 32,地理,食物里程,C,R,S5,T2,G8,改用國產米，縮短食物里程,若僅依上文，當臺灣多數餐廳改以花蓮26 號作為燉飯的食材時，最可能帶來下列哪項 影響？ (A)縮短食物里程以確保無毒種植 (B)區域專業化形成規模經濟效益 (C)提升糧食自給率降低對外依賴 (D)透過基因改造來促進糧食出口,xuece-geo-113-32
分科測驗,xuece-geo,113,地理 33,地理,板塊交界,D,R,S3,T7,G1,小笠原群島：太平洋板塊與菲律賓海板塊,文中火山位於太平洋板塊與下列哪個板塊的交界帶上？ (A)歐亞板塊 (B)印澳板塊 (C)北美（洲）板塊 (D)菲律賓海板塊,xuece-geo-113-33
分科測驗,xuece-geo,113,地理 34,地理,非選：東部洋流與浮石,非選,R,S3,T0,G1,非選：黑潮帶來浮石,根據題文，在答題卷中寫出臺灣東部海岸浮石漂流的前後蹤跡，主要是受到哪股洋流的 影響（2 分）？並說明判斷理由（3 分，30 字內）。 洋流 判斷理由,xuece-geo-113-34
分科測驗,xuece-geo,113,地理 35,地理,中地等級,D,R,S5,T2,G8,服務分級、社區到鄉鎮：中地體系,文中的長照2.0 服務體系，最適合以下列哪個概念來描述？ (A)時空收斂 (B)擴散反吸 (C)垂直連鎖 (D)中地等級,xuece-geo-113-35
分科測驗,xuece-geo,113,地理 36,地理,非選：面量圖,非選,D,S2,T0,G2,非選：依數值繪製面量圖,在答題卷中，依據表2 內容，繪製圖9 甲、乙、丙三個里的面量圖（3 分）。 甲 N 乙 0 0.5 1 2 公里 圖例 老年人口數（人） 0-300 丙 301-600 601-1200 巷弄長照站 圖9,xuece-geo-113-36
分科測驗,xuece-geo,113,地理 37,地理,非選：長照站選址,非選,E,S2,T0,G2,非選：依老年人口與服務選擇長照站,根據題文，若要在甲、乙、丙三里中擇一里增設巷弄長照站，請在答題卷勾選出最適合 的里（2 分），並根據表2 說明選擇的理由（3 分，30 字內）。 里別 理 由 □甲 □乙 □丙,xuece-geo-113-37
分科測驗,xuece-geo,113,地理 38,地理,聚落地形（沙丘）,B,D,S3,T5,G1,溪墘聚落在河岸沙丘,透過步驟1 地圖判讀，頂溪墘、下溪墘聚落所在地區，最可能具有下列哪項地形特色？ (A)河階 (B)沙丘 (C)牛軛湖 (D)外洗扇,xuece-geo-113-38
分科測驗,xuece-geo,113,地理 39,地理,非選：河流流向,非選,D,S3,T0,G1,非選：依地勢標示河流流向,在答題卷中三張地圖的河道上，以箭頭的方式，標示出河流的流向。（3 分）,xuece-geo-113-39
分科測驗,xuece-geo,113,地理 40,地理,非選：頂下地名,非選,R,S3,T0,G1,非選：頂在上游、下在下游,在答題卷中簡述聚落的「頂」、「下」用字與河流流向、地勢的關係。（4 分，30 字內）,xuece-geo-113-40
分科測驗,xuece-geo,113,地理 41,地理,氣候分布,A,D,S2,T5,G3,由氣候資料判斷相同氣候的國家,甲地氣溫與降水的年中分布特色，較容易在下列哪組國家中見到？ (A)肯亞、巴西 (B)象牙海岸、智利 (C)奈及利亞、阿根廷 (D)衣索比亞、墨西哥,xuece-geo-113-41
分科測驗,xuece-geo,113,地理 42,地理,非選：氣候圖繪製,非選,D,S2,T0,G3,非選：依資料繪製氣候圖,在答題卷中，根據表3 資料，繪製甲地未完成的氣候圖內容（3 分）。 （°C） （mm） 30 600 25 500 20 400 15 300 10 200 5 100 0 0 1 2 3 4 5 6 7 8 9 101112 月份,xuece-geo-113-42
分科測驗,xuece-geo,113,地理 43,地理,非選：作物適地,非選,R,S2,T0,G3,非選：比較氣候條件判斷適合的作物,透過表3 與表4 的資料，在答題卷中勾選一種該國農業部門評估後，認為甲地較適合 種植哪種農作物（1 分）。並以月均溫變化與月雨量變化兩個角度，分別推論說明甲地 適合種植該項農作物可能具有的高度與降水條件特徵（4 分，各15 字內）。 作物 可能的高度條件 可能的降水條件 □乙農作物 □丙農作物,xuece-geo-113-43
分科測驗,xuece-geo,114,地理 1,地理,漢字文化圈,A,R,S5,T7,G8,與日韓同屬漢字文化圈的國家,世界棒球經典賽將於2026 年3 月舉行分組預賽，某參賽國球迷貼文表示：「希望我國與 日本、韓國分在同組，因為這些國家球員也有漢字的名字，比較容易記住，可以吸引平常 較沒參與棒球活動的朋友一同觀賽；若是與古巴、荷蘭等國同組，因球員名字只有音譯而 較難記住，很多人就沒興趣了。」上述球迷的觀點，最適合以下列哪個概念來解釋？ (A)文化圈 (B)資訊革新 (C)區位移轉 (D)世界體系,xuece-geo-114-1
分科測驗,xuece-geo,114,地理 2,地理,河口開發,D,D,S4,T5,G7,河口右岸大量興建：河口開發與土地利用,照片1 是2023 年臺灣某河口的空拍照片。照片中可看到河流右岸有許多正在興建的建築物， 周圍部分地區為山林河海的自然環境。此地區位於 大都市邊緣，土地開發潛力高，但對居民來說， 聯外交通是其最關心的議題。根據照片1 中的資訊， 下列何者是此地在該都市發展過程中最主要扮演 的角色？ (A)提供都市休閒的農林專區 (B)增加都市之肺的公園專區 照片1 (C)作為河港都市的倉儲用地 (D)疏解都市人口的新興市鎮,xuece-geo-114-2
分科測驗,xuece-geo,114,地理 3,地理,河狸水壩,C,R,S5,T3,G5,河狸水壩減緩流速、形成濕地,河狸是一種半水生的囓齒動物，會利用樹枝、泥土和石頭等材料，在河流中建造水壩， 為自己創造理想的棲息地，有「自然界水壩工程 師」之稱，這些水壩有些可能長達數百公尺。照片2 為河狸在某河流所興建的水壩。該水壩未被洪水 沖毀的期間，其對於該河流最可能產生下列哪些影響？ 甲、減少水壩上游入滲量 乙、降低水壩下游洪峰流量 丙、減少水壩上游地表逕流量 照片2 丁、減少水壩下游河流輸沙量 (A)甲乙 (B)甲丙 (C)乙丁 (D)丙丁,xuece-geo-114-3
分科測驗,xuece-geo,114,地理 4,地理,物價與資源（產油國）,B,R,S5,T6,G8,礦泉水比汽油貴：產油國,某生出國旅遊，發現當地物價跟臺灣大異 其趣，例如1 公升的礦泉水要價約合臺幣 15 元，而1 公升的汽油只要臺幣4 元。另外 丙 逛當地市集時，發現當地無論男女都穿戴 長袍頭巾，市集販賣的地毯、壁毯，或是 乙 甲 繪畫等藝術品都是色彩繽紛、圖案對稱的 幾何圖形。某生最可能是去到圖1 中的哪個 丁 國家？ (A)甲 (B)乙 圖1 (C)丙 (D)丁,xuece-geo-114-4
分科測驗,xuece-geo,114,地理 5,地理,阿美族飲食,D,D,S1,T5,G5,依居住環境區分阿美族的飲食特色,某研究指出：「阿美族主要分布在臺灣東部，因居住環境不同而發展出相異的飲食特色 （甲）。東海岸的阿美族有著高超的潛水射魚技術，因而有海鮮水產飲食文化；縱谷區的 阿美族多上山狩獵，出發前並有特定的儀式（乙），因而有食肉的飲食文化。上述兩種 主要都是男性的工作，而阿美族女性則是以採摘野菜為主（丙），發展出野菜的飲食文化， 她們會隨著季節時令及地域不同，有什麼便採集什麼，採摘剛好的量，避免整株拔起， 只取嫩葉食用（丁）。」題文中畫線代號部分，何者最能直接說明阿美族的傳統生態知識？ (,xuece-geo-114-5
分科測驗,xuece-geo,114,地理 6,地理,人口特質與投資,A,D,S2,T5,G2,由人口特質找有潛力的投資國,某生為學習理財規劃，欲由各國人口特質尋找較佳的投資標的。該生蒐集2020 年全球一些 國家的人口資料並繪製成圖2，其中橫軸是人口成長率，縱軸為14 歲以下人口比例減去 (%) 65 歲以上人口比例，圓圈大小代表國家的人口 甲 25 總數。該生選擇甲國作為投資標的，但指導 20 印度 老師根據圖2 資訊，認為現階段這不是一個好的 15 10 選擇。下列何者最可能是指導老師的見解？ 5 中 美 (A)幼年人口眾多，青壯年負擔大 俄 0 -0.5 -0.25 0.5 0.75 1 ,xuece-geo-114-6
分科測驗,xuece-geo,114,地理 7,地理,外傘頂洲,B,R,S5,T3,G3,河川輸沙減少，濱外沙洲縮小,1944 年的美軍地形圖中雲林縣外海有多處濱外沙洲，但近年來呈現縮小或消失的趨勢， 例如外傘頂洲逐年縮小，並持續往嘉義縣的海岸線靠近，故被稱為「移動的國土」。 若以方位角表示此移動方向，最可能為下列何者？ (A)45度 (B)135度 (C)270度 (D)315度,xuece-geo-114-7
分科測驗,xuece-geo,114,地理 8,地理,人口金字塔,A,D,S4,T5,G7,歐洲人口金字塔：頂寬底窄,全球各大洲發展程度不一，社會經濟狀況有別，因此呈現出不同型態的人口金字塔。 下列是2024 年歐洲、亞洲、非洲與北美洲的人口金字塔圖，哪張圖最可能是亞洲？ (A) (B) 100+ 0.0 0.0 100+ 0.0 0.0 男(%) 女(%) 男(%) 女(%) 95-99 0.0 0.0 95-99 0.0 0.0 90-94 0.1 0.1 90-94 0.0 0.0 85-89 0.2 0.3 85-89 0.0 0.1 80-84 0.4 0.6 80-84 0.1 ,xuece-geo-114-8
分科測驗,xuece-geo,114,地理 9,地理,等高線間距,A,D,S3,T5,G6,由計曲線判斷等高距,圖3 中相鄰兩條等高線間的高度差為何？ (A)10 m (B)20 m (C)50 m (D)100 m,xuece-geo-114-9
分科測驗,xuece-geo,114,地理 10,地理,元旦曙光,B,D,S3,T5,G1,東側、高處、視野開闊：最早見到曙光,該生在圖3 中的哪個地點可能最先見到元旦的第一道曙光？ (A)甲 (B)乙 (C)丙 (D)丁,xuece-geo-114-10
分科測驗,xuece-geo,114,地理 11,地理,火山灰與風向,B,D,S3,T5,G1,火山灰雲往東飄：吹西風,根據圖4 中大片火山灰雲的位置，火山噴發時最主要吹下列何種風向的風？ (A)東風 (B)西風 (C)南風 (D)北風,xuece-geo-114-11
分科測驗,xuece-geo,114,地理 12,地理,大圓航線,D,D,S3,T5,G1,大圓航線經過堪察加附近：北美往東亞,下列哪兩地之間的大圓航線，最可能受到這次航空紅色警報的影響？ (A)中國北京到新加坡 (B)臺灣桃園到英國倫敦 (C)澳洲雪梨到日本東京 (D)韓國首爾到美國阿拉斯加,xuece-geo-114-12
分科測驗,xuece-geo,114,地理 13,地理,暖化與紫斑蝶,C,R,S5,T3,G5,暖化使北返提前、南遷延後,在全球暖化情境下，紫斑蝶北返和南遷的日期，長期來看，最可能發生何種變化？ (A)兩者都提前 (B)兩者都延後 (C)北返提前，南遷延後 (D)北返延後，南遷提前,xuece-geo-114-13
分科測驗,xuece-geo,114,地理 14,地理,地形區判斷,C,D,S3,T5,G1,依地圖位置判斷：八卦台地,圖5 中的甲點最接近下列哪個地形區？ (A)林口台地 (B)竹東丘陵 (C)八卦台地 (D)埔里盆地,xuece-geo-114-14
分科測驗,xuece-geo,114,地理 15,地理,適地性服務,C,E,S5,T2,G8,依使用者位置提供資訊：適地性服務,根據題文，該手機應用程式的設計原理，最符合下列何種空間資訊科技的應用？ (A)對抗性地圖 (B)空間隱私權 (C)適地性服務 (D)公眾參與式地理資訊系統,xuece-geo-114-15
分科測驗,xuece-geo,114,地理 16,地理,紫菜資源永續,A,E,S5,T2,G5,限量採集、輪流：永續利用,根據題文，澎湖赤崁聚落的哪些做法，符合海洋資源永續發展的概念？ 甲、依聚落住戶人口發放限額採集證 乙、依慣例燃放鞭炮後民眾才能採集 丙、採集紫菜時僅能以徒手方式進行 丁、紫菜品質良好市場反應非常熱絡 (A)甲丙 (B)甲丁 (C)乙丙 (D)乙丁,xuece-geo-114-16
分科測驗,xuece-geo,114,地理 17,地理,風花圖,A,D,S2,T5,G3,冬季採集紫菜：東北季風為主的風花圖,根據題文，下列何者最可能是當地紫菜採集季節的風花圖？ (A) (B) (C) (D) 0° 0° 0° 0° 80% 30% 20% 60% 20% 20% 40% 10% 10% 10% 20% 270° 270° 270° 90° 270° 0% 90° 0% 90° 90° 0% 0% 180° 180° 180° 180°,xuece-geo-114-17
分科測驗,xuece-geo,114,地理 18,地理,洋流航線,B,R,S3,T5,G1,順著洋流與信風環繞北大西洋,根據題文，該帆船船隊從法國出發，在順風順水的前提下，最可能依序航經哪些洋流後 返回法國？ 甲、墨西哥灣流 乙、北赤道洋流 丙、北大西洋暖流 (A)甲乙丙 (B)乙甲丙 (C)丙甲乙 (D)丙乙甲,xuece-geo-114-18
分科測驗,xuece-geo,114,地理 19,地理,碳足跡,A,R,S5,T2,G8,無動力帆船：減少碳足跡,該企業的作法，最可能達成下列何種效益？ (A)減少產品的碳足跡 (B)減少產品的食物里程 (C)增加法國糧食自給率 (D)增加法國環境負載力,xuece-geo-114-19
分科測驗,xuece-geo,114,地理 20,地理,產業發展歷程,D,R,S5,T2,G8,AI 產業靠長期的產業分工與技術累積,AI 產業的蓬勃發展，依賴某些發展歷程所產生的結果，其最可能是下列何者？ (A)區域互賴與不平等交換的結果 (B)核心區與邊陲區連動發展的結果 (C)交通革新與全球高度都市化的結果 (D)資訊革命與知識經濟持續精進的結果,xuece-geo-114-20
分科測驗,xuece-geo,114,地理 21,地理,產業整合,C,D,S2,T4,G2,由表格判斷供應鏈的合作關係,若僅從表1 判斷，AI 產業供應鏈中各家公司的合作關係，最可能反映出下列哪項產業經營 特徵？ 甲、輝達公司已達到垂直整合的成果 乙、廣達和鴻海公司可產生水平分工的合作 丙、緯穎和OpenAI公司可產生垂直分工的合作 丁、台積電和亞馬遜公司可達到水平整合的成果 (A)甲乙 (B)甲丁 (C)乙丙 (D)丙丁,xuece-geo-114-21
分科測驗,xuece-geo,114,地理 22,地理,澳洲肉品,D,R,S3,T5,G1,高溫乾旱影響牛羊飼養：澳洲,某地是世界重要的肉品出口區，2019-2020 年間因極端高溫與乾旱，造成該地牛羊飼養 成本上升，對國際肉品市場產生重大影響。該地最可能是圖7 中的何處？ (A)甲 (B)乙 (C)丙 (D)丁,xuece-geo-114-22
分科測驗,xuece-geo,114,地理 23,地理,綠能條件,B,R,S3,T5,G1,位在西風帶的沿海：風力發電,圖7 中戊地相對於其他四地適合發展綠能發電，最可能是因為該地具有下列哪項地理環境 特色？ (A)太陽照射時數較長 (B)風向風力常年穩定 (C)地熱資源蘊藏豐沛 (D)地勢落差起伏較大,xuece-geo-114-23
分科測驗,xuece-geo,114,地理 24,地理,海平面上升,C,R,S5,T7,G8,珊瑚礁島國消失：海平面上升,造成文中該國國土消失的主要原因，最可能是下列何者？ (A)山洪爆發 (B)颱風侵襲 (C)海平面上升 (D)土壤鹽鹼化,xuece-geo-114-24
分科測驗,xuece-geo,114,地理 25,地理,社會空間,C,E,S5,T2,G8,虛擬國家：社會空間,吐瓦魯所欲建立的元宇宙虛擬空間，與下列哪種空間的特性最相似？ (A)幾何空間 (B)自然空間 (C)社會空間 (D)三維空間,xuece-geo-114-25
分科測驗,xuece-geo,114,地理 26,地理,南島語族遷移,B,R,S3,T5,G1,距離最近的南島語族國家,若部分吐瓦魯人想搬遷至距離最近，且仍是南島語族分布範圍內的國家，其最可能到下列 哪個國家？ (A)澳洲 (B)紐西蘭 (C)馬來西亞 (D)馬達加斯加,xuece-geo-114-26
分科測驗,xuece-geo,114,地理 27,地理,地名與數位地圖,C,E,S5,T2,G8,地名更改顯示數位地圖的政治性,題文中的新聞內容，最可能反映出下列哪個現象？ (A)民眾可在Google地圖留下評價是智慧城市的特徵 (B)Google 地圖是公眾參與地理資訊系統的討論平臺 (C)Google 地圖關閉評論功能可降低地理媒體的傳播力量 (D)民眾透過公民科學的方式迫使Google 地圖關閉評論功能,xuece-geo-114-27
分科測驗,xuece-geo,114,地理 28,地理,美墨界河,A,R,S3,T7,G1,布拉沃河在美國稱格蘭河,墨西哥的布拉沃河是指美國的哪條河流？ (A)格蘭河 (B)亞馬孫河 (C)科羅拉多河 (D)密西西比河,xuece-geo-114-28
分科測驗,xuece-geo,114,地理 29,地理,波斯灣命名,C,R,S3,T6,G1,波斯灣與阿拉伯灣：伊朗與阿拉伯國家,Google 地圖上波斯灣（阿拉伯灣）的標記方式，最可能是顧及下列哪兩個國家？ (A)伊朗、葉門 (B)伊拉克、阿曼 (C)伊朗、沙烏地阿拉伯 (D)伊拉克、阿拉伯聯合大公國,xuece-geo-114-29
分科測驗,xuece-geo,114,地理 30,地理,板塊與地形,A,R,S3,T7,G1,印澳板塊與歐亞板塊碰撞,南亞與東南亞的地形主要受到板塊擠壓的影響，其中下列哪些板塊的碰撞，同時影響 這兩個地區的地形演育？ 甲、歐亞板塊 乙、印澳板塊 丙、太平洋板塊 丁、菲律賓海板塊 (A)甲乙 (B)甲丁 (C)乙丙 (D)丙丁,xuece-geo-114-30
分科測驗,xuece-geo,114,地理 31,地理,非選：南亞東南亞宗教,非選,R,S3,T0,G1,非選：南亞印度教、東南亞佛教與伊斯蘭教,南亞與東南亞兩區域各有其主要宗教，請於答題卷上擇一區域勾選，並針對勾選區域寫出 該區的兩大主要宗教（4 分）。,xuece-geo-114-31
分科測驗,xuece-geo,114,地理 32,地理,人口集中指數,D,D,S2,T5,G2,由人口集中指數判斷國家,根據題文，表2 中甲、乙、丙三國依序為何？ (A)波蘭、澳洲、韓國 (B)韓國、波蘭、澳洲 (C)澳洲、波蘭、韓國 (D)韓國、澳洲、波蘭,xuece-geo-114-32
分科測驗,xuece-geo,114,地理 33,地理,非選：巴西人口集中,非選,R,S2,T0,G2,非選：巴西人口集中在沿海大都市,巴西曾為葡萄牙最大的海外殖民地，2015 年時巴西的人口密度約為葡萄牙的五分之一， 但表2 的資料顯示其空間人口集中指數卻是葡萄牙的兩倍多，此與其殖民地都市發展歷程 有關。哪個地理概念最適合用來解釋此現象？請以10 字內說明（2 分）。,xuece-geo-114-33
分科測驗,xuece-geo,114,地理 34,地理,非選：三角圖,非選,D,S2,T0,G2,非選：將年齡結構畫在三角圖上,請將表2 中「巴西」的人口年齡結構，以答題卷上之圓點作答示例（）繪製於作答區的 三角圖上（3 分）。,xuece-geo-114-34
分科測驗,xuece-geo,114,地理 35,地理,服務區分析,D,E,S3,T2,G1,服務區分析以路網計算步行可及範圍,某生欲利用服務區分析（或稱節點服務範圍）功能，找出都市內某地步行15 分鐘的可及 範圍，其在操作步驟中輸入下列哪個道路屬性，可直接產出分析結果？ (A)道路寬度 (B)道路長度 (C)平均高度 (D)通過時間,xuece-geo-114-35
分科測驗,xuece-geo,114,地理 36,地理,非選：15 分鐘生活圈,非選,E,S3,T0,G1,非選：生活機能設施分布最平均的都市,根據題文和圖8，哪個都市最符合「15 分鐘生活圈」的規劃與發展概念？請在答題卷作答區 中勾選最符合的都市，並以20 字內從服務設施空間分布特色的角度說明判斷依據（4 分）。,xuece-geo-114-36
分科測驗,xuece-geo,114,地理 37,地理,公眾參與 GIS,C,E,S5,T2,G6,PPGIS 需要居民參與決策,老師認為該生所引用的案例並未完全符合PPGIS 的理念，其理由最可能是因為該計畫進行 的過程，缺乏下列何種行動？ (A)研究人員使用GIS整合海岸土地利用資料 (B)宣導民眾透過GIS網站查詢海岸地區風險 (C)以GIS為平臺與權益關係人討論管理計畫 (D)政府以GIS網站公開海岸地區景觀分區圖,xuece-geo-114-37
分科測驗,xuece-geo,114,地理 38,地理,非選：沿岸流與海岸侵蝕,非選,R,S3,T0,G1,非選：沿岸流方向與港口堆積,在答題卷作答區中勾選此區沿岸流的主要方向，並根據圖9 中港口附近的地貌景觀， 以30 字內說明文中專家判斷此區沿岸流方向的依據與海岸侵蝕的機制（5 分）。,xuece-geo-114-38
分科測驗,xuece-geo,114,地理 39,地理,城鄉關係,D,R,S5,T2,G8,通勤人口與第三級產業：城鄉關係,根據題文，該生最可能從下列哪個地理概念進行研究發問？ (A)交通革新 (B)競租理論 (C)時空收斂 (D)城鄉關係,xuece-geo-114-39
分科測驗,xuece-geo,114,地理 40,地理,屬性資料分析,B,D,S2,T5,G2,淨通勤人數＝移入減移出,根據題文，該生以GIS 的屬性資料分析方法，從表3 計算各區每日淨通勤人數的估計值， 下列何者最可能是其使用的操作步驟？ (A)平日夜間停留人數的欄位數值加上平日日間活動人數的欄位數值 (B)平日日間活動人數的欄位數值減去平日夜間停留人數的欄位數值 (C)假日日間活動人數的欄位數值加上假日夜間停留人數的欄位數值 (D)假日日間活動人數的欄位數值減去平日日間活動人數的欄位數值,xuece-geo-114-40
分科測驗,xuece-geo,114,地理 41,地理,非選：桃園淨通勤,非選,D,S2,T0,G2,非選：補上桃園市的淨通勤推論,老師審視該生的研究結果，發現缺乏桃園市的分析與推論，要求他補齊。如果你是該生， 根據題文與圖10 的資訊，從桃園市淨通勤人數大於1 萬人區域內的產業類別，推論臺北 市的研究結果在桃園市是否成立？請在答題卷作答區中勾選，並以40 字內陳述判斷的 理由（4 分）。,xuece-geo-114-41
分科測驗,xuece-geo,114,地理 42,地理,美國太陽能,D,R,S3,T5,G1,日照充足的西南部州：太陽能,根據題文，圖中何處最可能是美國發展太陽能光電的州別？ 丙 乙 甲 丁 (A)甲 (B)乙 (C)丙 (D)丁,xuece-geo-114-42
分科測驗,xuece-geo,114,地理 43,地理,非選：貿易觀點佐證,非選,R,S1,T0,G4,非選：擷取專家對貿易減速的論點,資料二中氣候與產業專家就美國對中國提高關稅政策後，對全球貿易減速之影響提出的 兩個觀點，僅根據資料一作為其觀點的佐證，在答題卷作答區中，各以30 字內寫出 其可能所持的佐證說明（6 分）。,xuece-geo-114-43
分科測驗,xuece-geo,115,地理 1,地理,極地海水,D,R,S5,T5,G8,北大西洋暖流使高緯海域較暖,"2022 年臺灣在挪威的新奧勒松（78.9°N, 11.9°E）成立了永久極地研究站，與世界各國共同 進行極地暖化與環境變遷的研究。該地區的海水不易結冰，冬季氣溫比同緯度的俄羅斯與 加拿大地區高出許多，主要是受到哪股洋流的影響？ (A)黑潮 (B)加那利洋流 (C)拉布拉多洋流 (D)北大西洋洋流",xuece-geo-115-1
分科測驗,xuece-geo,115,地理 2,地理,電子圍籬,B,E,S5,T2,G8,禁航區資料存入無人機：電子圍籬,近年來常發生無人機誤闖機場，影響民航機飛行安全的事件。為此，政府強制將禁航區的 範圍資料儲存至無人機的資訊系統中，形成所謂的電子圍籬（Geo-Fencing）。當無人機 起飛後，透過機上的感知器不斷偵測位置，一旦觸碰到電子圍籬的邊界，系統便會自動 限制其繼續往前飛行。要達成上述目標，無人機資訊系統需使用何種空間資料與分析方法 來進行判斷？ (A)透過數值地形模型，以無人機的視角進行視域分析 (B)利用無人機位置坐標，與禁航區範圍進行疊圖分析 (C)利用即時民航機航線，與無人機,xuece-geo-115-2
分科測驗,xuece-geo,115,地理 3,地理,災害志工網站,A,E,S5,T2,G6,民眾自發登錄救災資訊：自願性地理資訊,臺灣每當災害發生時，除了政府積極救災外，也會有許多志工和民間團體自發性協助 救災，為了讓志工人力和資源能有效配置，有位 熱心網友建立網站提供災民填寫圖1 所示之人力 支援需求資訊，並且在網站的電子地圖上標示出 各個須救援的地點，這種方式能讓大家轉發網址 廣為宣傳，以有效招募志工。上述網站功能最符合 下列哪個地理概念？ (A)地理媒體 (B)對抗性地圖 (C)空間社會性 (D)公眾參與式地理資訊系統 圖1,xuece-geo-115-3
分科測驗,xuece-geo,115,地理 4,地理,糧食安全,A,R,S5,T2,G8,人人都能獲得充足食物：糧食安全,糧食暨農業組織（FAO）為追蹤全球是否朝「確保全球所有人全年都能獲得安全、營養 和充足食物」的目標邁進，對世界各大洲進行調查，圖2 是基於該調查結果顯示2019-2024 年 各大洲發生中度與嚴重糧食不安全 70 嚴重 中度 的人口比率。依據各大洲的人口 60 糧 食 總數、糧食取得問題與發展特性 50 不 40 判斷，亞洲、非洲、拉丁美洲與 安 全 30 北美— 歐洲依序分別是圖中的 人 20 口 何者？ 比 10 率 (A)乙甲丙丁 0 （%） (B)乙甲丁丙 2019 ,xuece-geo-115-4
分科測驗,xuece-geo,115,地理 5,地理,國際分工（AI 資料標記）,B,R,S5,T2,G8,資料標記外包到低薪國家：國際分工,人工智慧（AI）模型能夠辨識照片中的物體，是基於AI 公司發展核心模型時，需配合大量 標記資料進行模型訓練。由於標記資料的工作相當繁重且耗時，屬於高勞力密集產業。美國 AI 公司通常將此工作外包給委內瑞拉、馬達加斯加、印度、菲律賓等國家的公司，故有 學者認為這種產業模式是一種數位殖民。此種現象最適合使用下列哪個概念予以解釋？ (A)規模經濟 (B)世界體系 (C)全球在地化 (D)推力與拉力,xuece-geo-115-5
分科測驗,xuece-geo,115,地理 6,地理,中國戶籍與都市化,D,R,S5,T2,G8,限制戶籍遷移，仍有大量流動人口,中國過去幾年間都市化發展迅速，部分大都市仍嚴格限制鄉村農業人口的戶籍遷往都市， 但事實上仍有許多無都市戶籍的人口持續遷入，導致中國利用都市戶籍人口和都市常住人口 兩種統計數據，計算都市化程度時產生差異。選項中的折線圖，黑色實線為都市戶籍人口 比例，灰色虛線為都市常住人口比例，哪張圖最能表現上述兩種都市化程度？ (A) (B) (C) (D) 70 70 70 70 60 60 60 60 人 人 人 人 口 口 口 口 比 比 比 比 50 例 例 50 50 例 例 50 ,xuece-geo-115-6
分科測驗,xuece-geo,115,地理 7,地理,非洲殖民經濟,B,R,S5,T2,G8,延續殖民地式經濟：出口經濟作物,非洲某國已脫離其殖民母國獨立，但農業發展仍延續過去的殖民地式經濟型態，以生產 花卉、咖啡等作物為大宗。某生研究該國從殖民時期迄今的農業發展，發現其具有四項 演變的歷程：甲、土地退化；乙、列強入侵；丙、作物單一化；丁、災害風險增加。下列 哪個流程順序最能呈現該國農業發展歷程的因果關係？ (A)乙甲丁丙 (B)乙丙甲丁 (C)丙甲乙丁 (D)丙乙丁甲,xuece-geo-115-7
分科測驗,xuece-geo,115,地理 8,地理,人口政策,C,D,S4,T5,G7,由人口金字塔判斷最需要的人口政策,圖3 為某國2025 年的人口金字塔，若僅依據 100+ 男(%) 女(%) 95-99 90-94 85-89 其人口組成特徵，該國目前最需要實施下列何 80-84 75-79 70-74 種政策？ 65-69 60-64 (A)引入國際移工 55-59 50-54 45-49 40-44 (B)推行長照計畫 35-39 30-34 25-29 (C)鼓勵節育措施 20-24 15-19 10-14 (D)開放外籍配偶 5-9 0-4 8 7 6 5 4 3 2 1 0 1,xuece-geo-115-8
分科測驗,xuece-geo,115,地理 9,地理,海洋暖化,A,R,S5,T3,G5,海洋暖化影響漁業與生態,海洋為人類提供食物、資源與運輸通道，與人類社會關係密切，近年來的全球暖化現象， 導致海洋環境逐漸惡化。下列四則報導的標題，何者最可能是描述此種現象？ (A)溫帶魚種被迫北漂，日本壽司食材大洗牌 (B)多種魚類幼苗魩仔魚，漁業署季節性禁捕 (C)歐盟新規保特瓶蓋連瓶身，以免魚類誤食 (D)全球海洋浮油覆蓋面積是土耳其國土兩倍,xuece-geo-115-9
分科測驗,xuece-geo,115,地理 10,地理,物候與氣候變遷,B,D,S2,T3,G3,開花時間提前：氣候變遷,一篇研究文章的開頭寫著：「第一朵紫丁香開花的時間，被認為是春天來臨的預兆。一個 人觀察後院的紫丁香花開是一件令人覺得愉快的事，但如果千萬人長期在許多地點進行 花開的觀察記錄並上傳，提供給政府用於模擬各地春天到來的時間，並分析這些時空變化 的意義，能作為擬定觀光政策的參考。」上述引文最適合用下列哪個概念予以說明？ (A)知識經濟 (B)公民科學 (C)適地性服務 (D)空間隱私權,xuece-geo-115-10
分科測驗,xuece-geo,115,地理 11,地理,自願性地理資訊,D,E,S5,T2,G6,民眾通報協助移除：志願性地理資訊,根據題文，埃及聖䴉移除計畫的施行方式，最符合下列哪種概念？ (A)智慧城市 (B)綠色革命 (C)傳統生態知識 (D)自願性地理資訊,xuece-geo-115-11
分科測驗,xuece-geo,115,地理 12,地理,環境負載力,D,D,S2,T5,G2,移除後數量下降，環境負載力回復,根據題文，移除計畫開始實施後，埃及聖䴉數量與當地環境負載力的時序變化，最適合 以下列哪個圖示說明？ (A) (B) (C) (D) 高 高 高 高 埃及聖䴉 埃及聖䴉 環境負載力 埃及聖䴉 環境負載力 環境負載力 低 低 低 低 埃及聖䴉 環境負載力 時間 時間 時間 時間,xuece-geo-115-12
分科測驗,xuece-geo,115,地理 13,地理,商閾,B,R,S5,T2,G8,只做外送、不必選熱鬧地點：縮小商閾,相較於傳統餐飲業，雲端廚房的區位選址特徵，最主要是考量下列哪項原因？ (A)擴大商閾 (B)縮小商閾 (C)擴大商品圈 (D)縮小商品圈,xuece-geo-115-13
分科測驗,xuece-geo,115,地理 14,地理,資訊革命,B,R,S5,T2,G8,外送平台改變餐飲業分布：資訊革命,根據題文，雲端廚房的運作改變了餐飲業的空間分布樣態，此現象最可能用下列哪種概念 予以解釋？ (A)聚集經濟 (B)資訊革命 (C)區域專業化 (D)產品規格化,xuece-geo-115-14
分科測驗,xuece-geo,115,地理 15,地理,路網分析,C,E,S3,T2,G1,以道路計算配送範圍：路網分析,根據題文，欲掌握雲端廚房的配送範圍，最可能運用下列哪種地理資訊分析功能？ (A)環域分析 (B)地勢分析 (C)路網分析 (D)視域分析,xuece-geo-115-15
分科測驗,xuece-geo,115,地理 16,地理,可可產業分工,C,R,S5,T2,G8,種植、初製、精煉分散：國際分工,根據題文，現今可可樹種植、初製、精煉可分屬不同國家的最主要原因為何？ (A)氣候條件近似，利於產品製造儲存 (B)飲食文化類同，利於消費市場銜接 (C)交通運輸便利，利於產業垂直分工 (D)經濟發展相當，利於國際貿易進行,xuece-geo-115-16
分科測驗,xuece-geo,115,地理 17,地理,冰河地形,C,D,S4,T5,G7,尖峭山峰：角峰,瑞士某巧克力品牌原使用的商標圖像，最可能是源自哪種冰河地形？ (A)冰斗 (B)刃嶺 (C)角峰 (D)鼓丘,xuece-geo-115-17
分科測驗,xuece-geo,115,地理 18,地理,地理標示保護,A,E,S5,T2,G8,產品名稱與產地連結：地理標示保護,為了達成「地理標示保護」之目的，下列哪項最可能是歐洲企業或組織的因應作法？ (A)英國威士忌酒廠限採用當地的水及大麥，為維繫全球酒品的老招牌 (B)義大利米蘭的時裝公司委託捷克代工生產，為求生產產能穩定發展 (C)德國汽車零組件大廠與美國晶片公司合作，為創造高階電車新紀元 (D)法國巴黎聖母院動員全球二百家建築工程公司，為修復火損現新貌,xuece-geo-115-18
分科測驗,xuece-geo,115,地理 19,地理,委內瑞拉與臺灣景觀,D,R,S1,T5,G4,聯想到家鄉的水上高腳屋,根據題文，該探險家登陸時聯想到家鄉附近的景觀，在臺灣下列哪個行政區最常看到？ (A)新北市 (B)桃園市 (C)臺中市 (D)高雄市,xuece-geo-115-19
分科測驗,xuece-geo,115,地理 20,地理,委內瑞拉景觀,C,D,S1,T5,G4,委內瑞拉沿海的熱帶景觀,依據題文，該探險家在委內瑞拉登陸上岸處，探險隊員們最可能看到下列哪種自然景觀？ (A)乾荒的地表上偶爾點綴的，是針狀葉片與肉質莖的綠意 (B)乾黃的草地上散布著低矮灌木，有著厚樹皮及蠟質小葉 (C)稀疏矮喬木散布於高草原間，乾季時草色轉為金黃焦褐 (D)綠色的森林包含喬木、灌木和草類，樹不高無明顯層次,xuece-geo-115-20
分科測驗,xuece-geo,115,地理 21,地理,碳邊境調整機制,A,R,S5,T2,G8,碳邊境調整與巴黎協定的減碳目標一致,上述CBAM 的精神，和下列哪個國際協定的目 標一致？ (A)巴黎協定 (B)蒙特婁議定書 (C)聯合國海洋法公約 圖4 (D)跨太平洋夥伴全面進步協定,xuece-geo-115-21
分科測驗,xuece-geo,115,地理 22,地理,臺灣發電結構,B,D,S2,T5,G2,燃煤減少、再生能源增加,根據圖4，下列哪些發電類型比例的消長有利於臺灣產品製程符合CBAM 的碳排目標？ 甲、燃煤 乙、燃氣 丙、核能 丁、再生能源 (A)甲乙 (B)甲丁 (C)乙丙 (D)丙丁,xuece-geo-115-22
分科測驗,xuece-geo,115,地理 23,地理,行星風帶,A,R,S3,T5,G1,北海在西風帶，風力強勁,該區具有強勁的風能來源，主要是位於哪個行星風帶？ (A)西風帶 (B)東南信風帶 (C)東北信風帶 (D)極地東風帶,xuece-geo-115-23
分科測驗,xuece-geo,115,地理 24,地理,北海國家,A,R,S3,T7,G1,北海沿岸國家：法、德、荷等,下列哪些歐洲國家最可能參與北海峰會制定潔淨能源目標？ (A)法國、德國、荷蘭 (B)荷蘭、丹麥、波蘭 (C)德國、西班牙、芬蘭 (D)法國、奧地利、愛沙尼亞,xuece-geo-115-24
分科測驗,xuece-geo,115,地理 25,地理,岬灣海岸,D,D,S4,T5,G7,岬角與海灣相間：岬灣海岸,此照片拍攝之區域，最可能屬於下列何種海岸 地形？ (A)斷層海岸 (B)洲潟海岸 (C)峽灣海岸 (D)岬灣海岸,xuece-geo-115-25
分科測驗,xuece-geo,115,地理 26,地理,海岸地名,C,R,S4,T5,G7,岬灣海岸常見「澳」字地名,照片中海岸地形的所在地區，最可能常出現包含 下列哪個字的地名？ (A)汕 (B)埔 照片2 (D)窩 (C)澳,xuece-geo-115-26
分科測驗,xuece-geo,115,地理 27,地理,聖地牙哥氣候,B,D,S2,T5,G3,地中海型氣候吸引退休人士,作為吸引美國退休人士移入的都市，下列哪張氣候圖最可能是該市的氣候特徵？ (A) (B) 氣溫（°C） 雨量（mm） 氣溫（°C） 雨量（mm） 300 300 35 35 30 30 250 250 25 25 200 200 20 20 150 150 15 15 100 100 10 10 50 50 5 5 0 0 0 0 1 2 3 4 5 6 7 8 9 10 11 12 1 2 3 4 5 6 7 8 9 10 11 12 月 月 (C) (D) 氣溫（°C） 雨,xuece-geo-115-27
分科測驗,xuece-geo,115,地理 28,地理,非選：推拉理論,非選,R,S5,T0,G8,非選：美墨邊界管制是中間障礙,根據人口推拉理論，若不是存在著題文中的某項中間障礙因素，會有更多美國年輕人移居 提華納，請擷取一句話描述此中間障礙因素（3 分）。【一句話指連續兩個標點符號之間 的完整文字，中間不能有標點符號】,xuece-geo-115-28
分科測驗,xuece-geo,115,地理 29,地理,交通與市鎮發展,B,R,S5,T2,G5,探究高鐵站對市鎮發展的影響,根據題文，小玲的探究題目最可能是下列何者？ (A)雲林縣主要市鎮交通革新與區域專業化之關聯分析 (B)雲林縣不同市鎮的交通革新建設對其市鎮發展的影響 (C)高鐵通車後雲林縣內不同市鎮間的擴散與反吸現象探討 (D)運用高鐵通車後雲林的跨縣市交通時間驗證時空收斂理論,xuece-geo-115-29
分科測驗,xuece-geo,115,地理 30,地理,疊圖分析,A,E,S3,T2,G6,先環域、再疊圖,根據題文，圖5 的GIS 分析流程中，甲分析及乙分析分別是何種分析功能？ (A)環域分析、疊圖分析 (B)疊圖分析、路網分析 (C)路網分析、視域分析 (D)視域分析、環域分析,xuece-geo-115-30
分科測驗,xuece-geo,115,地理 31,地理,非選：分層比較,非選,D,S2,T0,G2,非選：分層比較不同距離的房價變化,小玲初步的分析結果顯示：「高鐵車站通車後，斗六整體平均房價仍高於虎尾」，但從 圖6 中的步驟4，分層比較兩地的平均房價高低後，部分推翻了她原先對於高鐵通車後的 整體平均房價分析結果。此更細緻的推論，可以從步驟4 成果圖中的哪項資訊得到佐證 （3 分）？並以20 字內說明此佐證資訊發生的原因（3 分）。,xuece-geo-115-31
分科測驗,xuece-geo,115,地理 32,地理,伊朗宗教景觀,D,D,S4,T5,G7,什葉派清真寺：伊朗的宗教景觀,根據題文，下列哪種建築最可能是該宗教神權的代表性景觀？ (A) (B) (C) (D),xuece-geo-115-32
分科測驗,xuece-geo,115,地理 33,地理,非選：荷莫茲海峽,非選,D,S3,T0,G1,非選：圈出荷莫茲海峽,請在答題卷作答區中，以與範例相同大小的圓圈，圈出題文中海峽的確切位置（3 分）。,xuece-geo-115-33
分科測驗,xuece-geo,115,地理 34,地理,聚落水資源探究,C,E,S5,T2,G8,探究降水變率與取水點,根據題文，此次探究與實作之目的最可能是下列何者？ (A)應用公民科學於水資源的調查 (B)探究聚落水源的時空變動特性 (C)提升聚落的水資源利用調適力 (D)應用公眾參與式地理資訊系統進行水資源經營,xuece-geo-115-34
分科測驗,xuece-geo,115,地理 35,地理,雨量折線圖,D,E,S2,T5,G3,用折線圖表示歷年雨量變化,根據題文，為瞭解此聚落的降水變化，學生取得雨量站的歷年觀測資料並繪製成折線圖， 下列何者最可能是學生的繪製成果？ (B) (A) 3000 3000 雨 雨 量 2000 量 2000 （mm） （mm） 1000 1000 0 0 2000 2010 2020 1990 1990 2000 2010 2020 年 年 (D) (C) 3000 3000 雨 雨 量 2000 量 2000 （mm） （mm） 1000 1000 0 0 2000 2010 2020 1990,xuece-geo-115-35
分科測驗,xuece-geo,115,地理 36,地理,非選：節能取水點,非選,E,S3,T0,G1,非選：選擇節能永續的取水點,根據題文與圖7，在答題卷作答區中勾選1 個最為節能永續的取水點（2 分），並從「取水 點位置跟聚落的相對高度」與「輸水耗能」關係，以20 字內說明選擇該取水點的理由 （3 分）。,xuece-geo-115-36
分科測驗,xuece-geo,115,地理 37,地理,南島語族,A,R,S3,T7,G1,早期移民奧克蘭的毛利人屬南島語族,根據題文，早期移民到奧克蘭的原住民族有何 特色？ (A)據學者研究，推論其與臺灣的原住民同源 37°S (B)毛利人亦移往澳洲，成為澳洲主要原住民 (C)舉行傳統的豐年祭時，由女性主跳哈卡舞 (D)進行團體狩獵時，會避開育兒中的母袋鼠 37°30'S,xuece-geo-115-37
分科測驗,xuece-geo,115,地理 38,地理,非選：奧克蘭的地點與位置,非選,R,S3,T0,G1,非選：奧克蘭的地點與位置特色,一地的聚落發展主要受到「地點」與「位置」 兩因素的影響，根據題文，請在答題卷作答區 中，分別以16個字內，寫出奧克蘭在交通層面上 圖8 的地點與位置之優勢條件（各3 分）。,xuece-geo-115-38
分科測驗,xuece-geo,115,地理 39,地理,馬太鞍阿美族,D,R,S1,T7,G4,馬太鞍：阿美族部落,題文中所描述的地區最可能以哪個原住民族為主？ (A)鄒族 (B)排灣族 (C)泰雅族 (D)阿美族,xuece-geo-115-39
分科測驗,xuece-geo,115,地理 40,地理,光復沖積扇,C,D,S3,T5,G1,花東縱谷光復市街在沖積扇上,根據題文，圖9 中的光復市街最主要分布於何種地形之上？ (A)河階 (B)海階 (C)沖積扇 (D)三角洲,xuece-geo-115-40
分科測驗,xuece-geo,115,地理 41,地理,非選：地形剖面與災害,非選,D,S3,T0,G6,非選：依等高線繪製剖面並判斷災害,請在答題卷作答區中，根據圖9 的等高線地形圖，完成甲點到丁點之間的地形剖面圖 （3 分），並從災害定義的觀點，以河床相對高度和洪水動線為推論依據，限40 字內說明 此次潰壩事件造成災情嚴重的可能原因（4 分）。,xuece-geo-115-41
分科測驗,xuece-civ,107,公民 1,公民,隔離牆與社會隔離,A,E,S5,T2,C1,以牆分隔貧富兩區：空間上的社會隔離,秘魯首都利馬以防止竊盜與犯罪為由，在山脊豎立綿延數里的牆，將富裕與貧困兩區分隔，被 當地人稱為「恥辱之牆」。這道牆最可能產生何種社會影響？ (A)鞏固文化位階 (B)增加文化認同 (C)減少政府濫權 (D)提高社會資本,xuece-civ-107-1
分科測驗,xuece-civ,107,公民 2,公民,社會福利與社會權,C,E,S5,T2,C1,社會福利代表人權擴展到社會權,甲乙討論某項現代國家的制度，甲認為此制度受重視，代表人權保障擴展至社會權；乙認為若 要發揮其功能，不能僅依賴國家，亦需公民支持資源共享與互助的理念。依據題文訊息，下列 何者最可能為此制度的相應措施？ (A)政府將公民編組以便參與防災救助 (B)政府補助社區成立巡守隊共維治安 (C)政府對低收入戶提供基本生活補助 (D)政府鼓勵非營利組織投入慈善救助,xuece-civ-107-2
分科測驗,xuece-civ,107,公民 3,公民,媒體自律與言論,D,E,S5,T2,C7,內容錯誤、傳遞偏見：媒體自律的專業批評,記者小光製作影片介紹某族群文化，遭記者專業自律團體批評影片內容多有錯誤，甚至傳遞對 該族群的偏見，而反對播出影片；但小光主張記者有權評論社會現象。從媒體近用權觀點來詮 釋此事件，下列何者最恰當？ (A)接近權保障人人有機會接近媒體，故小光可以記者身分實現言論自由 (B)使用權保障人民有權製作媒體訊息，但內容須符合媒體專業倫理規範 (C)媒體近用權乃為確保人民知的權利，故記者之言論不得任意加以限制 (D)記者的自製影片內容若有不妥，相關當事人仍可基於接近權要求更正,xuece-civ-107-3
分科測驗,xuece-civ,107,公民 4,公民,性別與收入差異,A,D,S2,T5,C5,子女數增加，女性收入下降、男性不降,"右圖的統計資料反映出「子女數目」在「男性與女性」間，存在著「平均個人月收入」有所差 異的社會現象。下列何者最能詮釋此三者的關係？ 50,000 平 (A)女性擔任親職與否和工作收入間呈負相關 45,000 均 (B)子女數目與男性工作收入間的關聯不明顯 個 40,000 人 35,000 (C)男性與女性皆會因為收入增加而生育更多子女 月 30,000 收 (D)男性與女性月收入差距隨著子女數增加而減少 入 25,000 （",xuece-civ-107-4
分科測驗,xuece-civ,107,公民 5,公民,非營利組織的公共性,C,E,S5,T2,C1,非營利組織提供服務、倡議政策，須維持公共性,"（ 5. 非政府或非營利組織提供公共服務並倡議公共政策，對民主政治 20,000 元 無 1 個 2 個 3 個以上 ） 日益重要。為實現其公共性，下列何者是此類組織不可為之事？ 子女數目 ■男性 □女性 (A)從事營利行為 (B)接受企業捐款 (C)分配盈餘給成員 (D)依法納稅給政府",xuece-civ-107-5
分科測驗,xuece-civ,107,公民 6,公民,福利國家與孤獨,B,E,S5,T2,C4,設部門處理孤獨：福利國家回應新的社會需求,某福利國家有7%的獨居人口長期受孤獨之苦，該國政府因而決定設立新部門，專責處理獨居者 因缺乏社會互動而產生的身心健康需求，也獲得不少民眾在網路留言支持。從國家存在的目的 而言，以下四項支持的意見，何者最能彰顯該國設立獨居者專責部門的理由？ (A)國家應解決獨居者身心失衡問題以維護社會秩序 (B)國家應保障人民基本權利並提升人民的生活品質 (C)國家應盡力滿足人民的需求才能提高統治合法性 (D)國家應盡力確保孤獨者不會遭受他人漠視與排擠,xuece-civ-107-6
分科測驗,xuece-civ,107,公民 7,公民,美國對臺政策,C,R,S5,T7,C2,對臺軍售的依據：臺灣關係法,美國政府如果要宣布新的對臺軍售案，下列何者是其最可能提出的政策正當性說明？ (A)「一個中國、各自表述」是美國制定臺海政策時的基本原則 (B)美臺簽訂之「共同防禦條約」明定美國有義務維護臺灣安全 (C)「臺灣關係法」雖非國際條約，但對於政府政策具有拘束力 (D)美國自冷戰初期即強力支持民主臺灣，此立場不會輕易改變,xuece-civ-107-7
分科測驗,xuece-civ,107,公民 8,公民,中國兩會,C,K,S5,T7,C2,全國人大是立法機關，政協是諮詢機關,小君為了完成課堂報告，需蒐集俗稱「兩會」的全國人民代表大會（簡稱「全國人大」）與中國 人民政治協商會議全國委員會（簡稱「全國政協」）的資料，因此到「兩會」的官方網站搜尋。 下列何者是小君可能搜尋到的資料？ (A)中國公民選舉「兩會」代表的投票率 (B)國務院總理主持「全國人大」的會議 (C)「全國人大」審查並核可年度預算案 (D)「全國政協」選舉國家主席和副主席,xuece-civ-107-8
分科測驗,xuece-civ,107,公民 9,公民,複數選區選舉,B,D,S2,T5,C5,一選區選多席：複數選區，得票率低也能當選,某國舉行國會大選，某選區共有38位參選人競爭8席，下表是該選區8位得票最高當選人的資料。 該國某政治學者據此結果 當選名次 1 2 3 4 5 6 7 8 撰文評論其選舉制度問題。 所屬政黨 甲 乙 乙 丙 甲 甲 甲 丁 下列何者最可能是該學者 得票率(%) 19.8 9.4 6.9 4.6 3.5 3.4 2.8 2.7 提出的問題？ (A)造成勝者全拿，未充分反映民意 (B)讓同選區當選者的民意基礎差距過大 (C)易獨厚大黨，小黨勝選機率過低 (D)讓落選者得票數總和高,xuece-civ-107-9
分科測驗,xuece-civ,107,公民 10,公民,刑事程序與無罪判決,B,E,S5,T2,C2,偵查不公開、罪證不足判無罪,某官員甲被人檢舉收賄而遭檢察官起訴，偵查時有媒體向檢察官探知案情但遭拒絕；其後地方 法院審理時，認為全案未有足夠明確的索賄證據，乃判決甲無罪。本案檢察官行使職權涉及的 法律問題，下列敘述何者正確？ (A)檢察官拒絕向媒體說明偵查情況，侵害新聞自由，檢察官違反法律 (B)檢察官因有人檢舉而偵查起訴，所以本案係屬於刑事上的公訴程序 (C)偵查時如果沒有辦法取得甲承認有罪之自白，檢察官就不應起訴甲 (D)為保障被告甲之權利，如果經地院判決無罪，檢察官即不能再上訴,xuece-civ-107-10
分科測驗,xuece-civ,107,公民 11,公民,刑罰目的,A,E,S5,T2,C2,追溯處罰與過重刑罰：違反刑罰目的與人權,為遏止頻繁的酒駕肇事，甲主張應立法增加鞭刑以處罰酒駕者，且應對曾經酒駕者追加鞭刑處 罰，以維護公平。乙則反對以鞭刑解決酒駕問題，主張雖可維持酒駕刑罰，但應以教育宣導來 提醒喝酒不開車，並鼓勵餐廳提供代駕措施，減低酒駕的發生。僅就甲乙兩人對酒駕刑罰的主 張，下列敘述何者正確？ (A)甲主張所依據的刑罰理論，與「死刑可遏止犯罪率上升」之主張相同 (B)甲主張對違法酒駕者一律追加處以鞭刑，可落實罪刑法定主義的要求 (C)乙反對鞭刑係因希望將酒駕行為除罪化，改以其他法律措施解決問題 ,xuece-civ-107-11
分科測驗,xuece-civ,107,公民 12,公民,著作權民事責任,A,E,S5,T2,C1,抄襲侵害著作權，須負民事責任,甲依規定上傳碩士學位論文到指定的網站後，被人檢舉部分章節大幅抄襲乙的碩士學位論文， 甲除可能被學校撤銷學位外，尚可能須負擔何種民事法律責任？ (A)侵害乙著作財產權的損害賠償 (B)侵害乙名譽與人格權的損害賠償 (C)侵害乙論文所有權的損害賠償 (D)侵害乙論文公開傳輸權的損害賠償,xuece-civ-107-12
分科測驗,xuece-civ,107,公民 13,公民,惡法亦法與法治,C,E,S5,T2,C2,惡法亦法：透過法定程序修廢法律,近年常發生民眾集會遊行衝撞體制事件，引發「惡法亦法」或「惡法非法」與法律修廢的爭議。 從法治理念思考上述爭議，何者最符合保障人權的精神？ (A)無論法律是否為惡法，修法之前政府和人民仍應遵守以免造成社會混亂 (B)法律代表國民主權下的主流民意，少數人應該服從而不應違法衝撞體制 (C)政府執法旨在維護憲政核心價值，不應因形式違法而剝奪意見表達自由 (D)法律是否為惡法應該由司法院認定，民眾無權指稱法律違憲而拒絕遵守,xuece-civ-107-13
分科測驗,xuece-civ,107,公民 14,公民,比例原則（連坐處罰）,D,E,S5,T2,C2,一人吸菸全寢連坐：違反比例原則,某校因宿舍內學生吸菸情況嚴重，決定嚴加查辦。校方公告如寢室內發現有人吸菸，則全寢室 所有人皆處以退學處分，引發侵害學生權益的批評。依據法治國原則，此種處罰的不當之處與 下列何者最類似？ (A)給予優惠利益之法規廢止時，未能顧及依舊法享有權益者的權利保障 (B)政黨推薦的候選人得減半繳納保證金，但未獲推薦者則必須全額繳納 (C)法律規定父母對於未成年子女權利之行使不一致時，應由父親來行使 (D)修法將易肇事路段之超速處罰，由依情節輕重罰款改為一律吊銷駕照,xuece-civ-107-14
分科測驗,xuece-civ,107,公民 15,公民,股票與公司債,D,R,S5,T2,C1,股東分紅、債權人領利息，公司倒閉債權優先,股票與公司債為企業於資本市場取得資金的主要工具，若甲僅持有某企業的股票，而乙僅持有 該企業的公司債。以下有關甲和乙的敘述何者正確？ (A)無論甲持有股票或乙持有債券，每年皆獲得利息 (B)甲的投資存在市場性風險，乙的投資則無該風險 (C)甲可在所持有的股票到期後取回所有投資的資金 (D)雖該企業稅後盈餘高於預期，但不影響乙的報酬,xuece-civ-107-15
分科測驗,xuece-civ,107,公民 16,公民,生產要素與企業,B,R,S5,T2,C4,海盜轉型為企業：企業家才能的運用,有甲乙兩國，其中甲國有許多海盜，這些海盜原本常攻擊掠奪國際商船，但後來有些海盜改為 收取保護費後保障繳費商船安全。另外，乙國某企業則是教導甲國海盜捕魚技術並借予漁船， 且保證收購其漁獲。經此，攻擊事件即鮮少再發生。以下有關甲國海盜行為的改變以及乙國企 業的作為，對於兩國經濟影響之推論，何者正確？ (A)甲國海盜改索取保護費，使甲國的生產力增加 (B)甲國海盜轉行捕魚，使甲國國內生產毛額增加 (C)乙國企業教導甲國海盜捕魚技術，乙國的生產力增加 (D)乙國進口甲國海盜之漁獲，使,xuece-civ-107-16
分科測驗,xuece-civ,107,公民 17,公民,社區營造團體,C,E,S5,T2,C7,社區營造團體：凝聚社區意識,對於小芸所參與團體能發揮的社會功能，下列敘述何者最為恰當？ (A)規劃與執行文化相關的政策 (B)提升該團體成員的文化資本 (C)提升水金九居民的文化認同 (D)推動水金九社區的流行文化,xuece-civ-107-17
分科測驗,xuece-civ,107,公民 18,公民,全球在地化,D,E,S5,T2,C7,保存在地文化並與外界連結：全球在地化,下列何者最能說明小芸所參與團體的工作目標？ (A)形成生活風格 (B)消弭文化位階 (C)倡議資源國有化 (D)落實全球在地化,xuece-civ-107-18
分科測驗,xuece-civ,107,公民 19,公民,社會階層化,A,D,S2,T4,C5,所得與健康、壽命的差異：社會階層化,甲學者主張表中數據顯示，經濟資源不平等帶 年平均 體重過重 年平均 年平均 來生活品質與生活型態之社會階層化現象。此 所得 者占各階 家戶所 家戶美 家戶保 學者所指稱的階層化現象，最可能為下列何 階層 得 層人口百 容支出 健支出 者？ 分比 （萬元） （萬元） （萬元） (A)個人健康狀態的好壞可能與其所屬所得階 高所得 32% 203 40 50 層有關 中所得 40% 127 10 15 (B)較高所得階層因較為健康故其保健支出相 46% 80 5 10 低所得 對較,xuece-civ-107-19
分科測驗,xuece-civ,107,公民 20,公民,鏡中自我,C,E,S2,T2,C5,消費模式呼應他人評價：鏡中自我,乙學者認為，高所得民眾之消費模式，乃呼應顧里與米德理論所主張自我概念是與他人交互作 用所形成。此學者的意見與下列哪項敘述最吻合？ (A)所得越高者，越有閒暇時間管理自我身體外貌 (B)身體狀況越佳者，越具自信心以追求經濟成就 (C)所得越高的人們，越重視他人對自我身體形象之評價 (D)所得越低的人們，則花費在美容相關的支出金額越低,xuece-civ-107-20
分科測驗,xuece-civ,107,公民 21,公民,反全球化與民族主義,D,R,S5,T2,C1,英國脫歐、美國優先：反全球化與民族主義,下列哪一個現象最適於解釋上述英國與美國國情發展的共同現象？ (A)經濟衝突導致國家主權概念出現 (B)跨國人權保障引發國家危機意識 (C)大國利益與南北經濟衝突的糾結 (D)國家利益與全球化趨勢間的對抗,xuece-civ-107-21
分科測驗,xuece-civ,107,公民 22,公民,勞動政策,B,R,S5,T2,C1,保護本國勞工就業,依據題文訊息，對兩國政治人物及其支持者而言，以下哪項政策最可能皆具有優先性？ (A)強化勞動就業市場的競爭性 (B)提高國內的市場勞動參與率 (C)建立跨國移民就業訓練機制 (D)增進跨國政治經濟合作關係,xuece-civ-107-22
分科測驗,xuece-civ,107,公民 23,公民,國際權力結構,D,R,S5,T6,C8,國際權力結構多極化,依據題文訊息及當前國際政治的權力結構變化，下列敘述何者最適當？ (A)中國成為新霸權並取代美國國際地位成為全球政治領導者 (B)美國被迫與中國共享國際政治領導權並共同維護世界秩序 (C)美、中兩國以及其他多個大國共同分享國際政治的領導權 (D)美國仍為主要的領導者但多個大國共同扮演重要影響角色,xuece-civ-107-23
分科測驗,xuece-civ,107,公民 24,公民,臺灣的國際參與,D,R,S5,T6,C3,中國影響力上升，不利臺灣參與國際組織,題文所述的國際權力結構變化，對臺灣拓展國際參與的哪項努力，會產生最不利的影響？ (A)持續對邦交國家提供經濟上的援助 (B)提供國際人道救援以提昇國際形象 (C)透過非政府組織參與國際社會事務 (D)爭取我國成為重要國際組織的會員,xuece-civ-107-24
分科測驗,xuece-civ,107,公民 25,公民,外部成本（金融）,B,R,S5,T2,C4,金融危機波及無關的第三者：外部成本,該國發生的情況，何者具有外部成本的現象？ (A)民眾財產減少使民間總合消費下降 (B)某些銀行擠兌風潮使得其他銀行倒閉 (C)民間需求明顯不足使物價指數下跌 (D)資產價格崩跌使股票持有人財富縮水,xuece-civ-107-25
分科測驗,xuece-civ,107,公民 26,公民,經濟衰退的現象,D,R,S5,T3,C4,衰退時失業增加、所得減少,該國此一時期最有可能出現下列何種現象？ (A)重貼現率提高 (B)個人所得增加 (C)平均生活成本提高 (D)政府支出增加,xuece-civ-107-26
分科測驗,xuece-civ,107,公民 27,公民,消費者物價指數,A,D,S2,T5,C5,設定基期計算物價指數,依據表中資料，可於設定基期年後計算各年度的消費者物價指數。以下敘述何者正確？ (A)以2016年為基期，2017年消費數量雖然 高麗菜 消費 高麗菜水餃 消費 較少，但該年的物價指數高於2016年 年度 單價 數量 單價 數量 (B)以2017年為基期，2015年消費數量只要 增加，該年物價指數可能高於2017年 2014 40 90 6 800 (C)2015至2017年兩種商品單價年增金額相 2015 20 100 3 1000 同，故此三年的物價指數成長率皆同 2016,xuece-civ-107-27
分科測驗,xuece-civ,107,公民 28,公民,供需（互補品）,C,R,S5,T3,C4,高麗菜價格上漲：互補品需求減少,若2015年以來，因病蟲害蔓延，使高麗菜年產量持續下降，導致高麗菜價格上揚。在其他條件 不變下，下列對高麗菜水餃市場供需的敘述，何者正確？ (A)高麗菜水餃供給增加 (B)高麗菜水餃需求減少 (C)高麗菜水餃供給減少 (D)高麗菜水餃需求增加,xuece-civ-107-28
分科測驗,xuece-civ,107,公民 29,公民,供需變動（房市）,D,D,S2,T3,C5,價量齊揚：需求增加,依據上述房地產市場的價量變化，若其他條件不變，下列敘述何者最為可能？ (A)需求量變動引起數量改變，導致供給變動 (B)需求量變動使價格改變，導致供給量變動 (C)需求變動引起數量改變，導致供給的變動 (D)需求變動使價格改變，導致供給量的變動,xuece-civ-107-29
分科測驗,xuece-civ,107,公民 30,公民,房市政策,B,E,S5,T2,C4,提高交易稅抑制炒房,下列哪項措施最可能可以達到該國政府的政策目標？ (A)降低房屋稅的稅率 (B)提高房屋交易稅率 (C)放寬外國資金流入 (D)降低房屋貸款利率,xuece-civ-107-30
分科測驗,xuece-civ,107,公民 31,公民,威權體制,A,R,S5,T4,C3,舊政府長期專政：威權體制,依據題文訊息推論該國舊政府時期的政治特性，下列何者最可能？ (A)長期專政體制 (B)經歷頻繁修憲 (C)未曾舉行選舉 (D)國家認同分歧,xuece-civ-107-31
分科測驗,xuece-civ,107,公民 32,公民,國家賠償,B,E,S5,T2,C1,公權力侵害人民：國家賠償,新政府對受害者應負賠償責任的類型，與下列哪項事件的政府責任最接近？ (A)政府為興建大型育樂中心，徵收農民私人所有的土地 (B)公務員執行勤務時，利用職務之便乘機竊取人民財物 (C)警匪槍戰中，路人閃避不及遭流彈射中導致終身殘廢 (D)政府勒令撲殺感染口蹄疫牛隻，導致畜產業血本無歸,xuece-civ-107-32
分科測驗,xuece-civ,107,公民 33,公民,財貨特性（河川）,D,R,S5,T2,C1,河川水資源可排他但有敵對性：共有資源,上述的河川水資源，具有下列何種特性？ (A)可共享亦可排他 (B)可共享但無法排他 (C)無法共享但可排他 (D)無法共享亦無法排他,xuece-civ-107-33
分科測驗,xuece-civ,107,公民 34,公民,股票報酬,B,D,S2,T5,C5,計算股價漲跌的報酬率,假設某甲半年前以每股100元買進該公司股票，若不考慮股票交易的相關租稅和手續費下，停工 當天某甲以收盤價賣出股票，其買賣該公司股票的報酬率為何？ (A)負10% (B)負8% (C)正10% (D)正2%,xuece-civ-107-34
分科測驗,xuece-civ,107,公民 35,公民,行政處分,C,E,S5,T2,C2,對特定人的罰鍰：行政處分,依題旨，環保局所為之行政行為類型與下列何者性質最為接近？ (A)社會局修正低收入戶生活補助規定 (B)教育局訂定學生獎學金的申請要點 (C)營建署核定某公司設置大型停車場 (D)地政處發布違規罰鍰繳納統計資料,xuece-civ-107-35
分科測驗,xuece-civ,107,公民 36,公民,媒體社會責任,B,E,S5,T2,C7,媒體報導不實引發恐慌：未盡社會責任,在此事件中，大眾傳播學者批評新聞媒體未能善盡社會責任，造成負面影響。依據題文資訊， 下列何者最可能是學者評論的內容？ (A)媒體傳播假新聞使民眾誤認即將漲價，顯示媒體時常錯誤影響民眾認知 (B)媒體對公共議題未能呈現多元訊息並查證，反映媒體公共性不足的問題 (C)媒體輕易接受廠商的置入性行銷，未能適切發揮媒體應有的第四權功能 (D)媒體未防止嬰兒奶粉漲價消息擴散傳播，造成民眾恐慌，違反專業倫理,xuece-civ-107-36
分科測驗,xuece-civ,107,公民 37,公民,效能政府,D,E,S5,T2,C3,效能政府：迅速有效回應問題,從「效能政府」的角度思考，下列網友留言批評該國政府作為的內容，何者最為恰當？ (A)政府運作越來越傾向以企業為顧客的服務管理，以致削弱政府效能 (B)政府長期受乳品利益團體的包圍和遊說，造成角色模糊及功能不彰 (C)政府對漲價搶購問題束手無策，是政府組織去任務與民營化的惡果 (D)政府對漲價搶購問題缺乏有效的評估，產生政策和行政的雙重缺失,xuece-civ-107-37
分科測驗,xuece-civ,107,公民 38,公民,公平交易法,A,E,S5,T2,C2,聯合漲價違反公平交易法,若依據我國的法律，政府對廠商及量販店可能採取的作為，下列敘述何者正確？ (A)奶粉廠商如果聯手調漲價格，政府可依法禁止該漲價行為 (B)政府若採取網友要求的作為，係依據消費者保護法之授權 (C)量販店的行為可能構成暴利行為，政府消保官可撤銷契約 (D)政府對廠商所採取的措施，因無強制力故不屬於行政行為,xuece-civ-107-38
分科測驗,xuece-civ,107,公民 39,公民,供需與政策,C,R,S5,T3,C4,搶購使需求增加，價格上漲,若其他條件不變，上述價量變動的現象及搶購風潮因應政策的效果，下列敘述何者正確？ (A)該現象的發生是需求增加，但供給不變 (B)該現象的發生是需求不變，但供給減少 (C)若實施限購六罐政策，亦無助紓解漲價壓力 (D)若保證一個月內不漲價，則可減緩搶購風潮,xuece-civ-107-39
分科測驗,xuece-civ,107,公民 40,公民,功能論與衝突論,BE,E,S2,T4,C5,多選：以功能論與衝突論解釋高收入職業,某國資料顯示，有三種職業長期為收入排行榜前幾名，且大學相關科系學生多來自高社經階層。 下列哪些是功能論與衝突論對此現象較可能的解釋？ (A)衝突論強調高薪的誘因，促使高階層家庭要求其子女就讀這些科系 (B)衝突論認為個人能否從事這些職業，往往取決於其既有的經濟資源 (C)功能論主張高階層家庭子女較有機會從事這些職業意味著階級再製 (D)衝突論批判這些專業的從業者坐領高薪，卻未對社會做出等值貢獻 (E)功能論主張這些專業職業的高薪，能有效吸引優秀人才選擇該職業,xuece-civ-107-40
分科測驗,xuece-civ,107,公民 41,公民,社會流動,BD,D,S2,T5,C5,多選：比較親子兩代職業判斷社會流動,下表是甲乙丙丁四個家庭在2000年和2015年兩次調查中（兩次調查對象均相同），親子兩代的職 業轉變狀況。根據下表，關於表中四個家庭的社會流動，下列敘述哪些較為恰當？ 甲 乙 丙 丁 親代 子代 親代 子代 親代 子代 親代 子代 2000 年 工廠工人 學生 法官 學生 木工 水泥工 教師 學生 2015 年 工廠老闆 工廠老闆 法官 檢察官 水泥工 公司老闆 教師 教師 (A)甲丙家子代均是代內的向上流動 (B)乙丁家兩代之間均是代間水平流動 (C)乙家兩代社會聲望與所得,xuece-civ-107-41
分科測驗,xuece-civ,107,公民 42,公民,正當法律程序,CD,K,S5,T2,C2,多選：正當法律程序的制度,我國目前多種法律制度皆強調程序正義的保障，關於我國基於正當法律程序而發展的法律制度 現狀，下列敘述哪些正確？ (A)為保障人民，若警察臨檢未遵正當法律程序，人民可向高等法院按鈴申告 (B)為使紛爭能進入訴訟體制接受正當法律程序檢驗，應禁止訴訟外紛爭調解 (C)為維護被告的權利，檢察官必須經過法官同意才可以進行羈押等強制處分 (D)憲法保障法官獨立審判之權，如依法裁判，即使判決違背輿論也不能撤銷 (E)為保障被害者之權利，律師應自律，不為犯罪情節重大的嫌疑犯進行辯護,xuece-civ-107-42
分科測驗,xuece-civ,107,公民 43,公民,學生權利救濟,AB,E,S5,T2,C2,多選：學生權利受侵害的救濟途徑,甲就讀某公立高中，因為學習成績不佳，經常被老師訓斥其將來沒有出息。某次期末考試時， 一位老師指控甲作弊，當天經由校長裁處給予甲記一次大過處分。就本事件所涉及的校園人權 問題，下列敘述哪些是正確的？ (A)學校老師訓斥甲沒有出息的言行，涉及侵害甲的人格權利 (B)甲若作弊被依校規處罰，校方亦應給甲申訴及答辯的機會 (C)老師不會故意汙衊學生，若罪證確鑿則無申訴與答辯必要 (D)甲遭受記過處分，依大法官釋憲結果可提起行政爭訟救濟 (E)該高中對甲記過處分屬於行政指導，故甲可以提行,xuece-civ-107-43
分科測驗,xuece-civ,107,公民 44,公民,勞動契約,BE,E,S5,T2,C2,多選：減薪須經勞資協商，勞動契約,某公司因景氣不佳，要求員工減薪。員工認為該公司並未虧損，不應減薪。該公司工會出面與 老闆協商，老闆出示員工受雇時簽訂的契約，契約記載員工不能授權給工會代替其談判薪資， 且不可以罷工，因此拒絕與工會協商，該工會乃發動罷工。此事件涉及的勞動權利，下列敘述 哪些正確？ (A)罷工常會造成勞資雙方損失，因此該公司的契約對於勞方並非不利 (B)勞資雙方因為經濟實力不平等，應該有工會協助勞工進行薪資協商 (C)基於私法自治原則，工會的罷工行為因為明確違反勞動契約而無效 (D)契約條款明訂,xuece-civ-107-44
分科測驗,xuece-civ,107,公民 45,公民,繼承,DE,D,S4,T5,C8,多選：依親屬圖判斷繼承人與順序,甲乙是夫妻，因車禍同時去世，其家庭成員關係如 丙（甲之父親） 右圖。本案涉及的遺產繼承，下列敘述哪些正確？ (A)若丁願意撫養甲乙遺留子女，即有優先繼承權 丁（甲之手足） 甲（夫） 乙（妻） (B)己是真正婚生子女應由其繼承，他人不能繼承 (C)丙可優先繼承遺產，讓甲死後仍能盡孝親責任 戊 己 庚 (D)戊非婚生子女，但因甲乙後來結婚，仍可繼承 （甲乙兩人 （甲乙婚姻 （甲乙婚姻 (E)庚雖非婚生子女，仍可以優先於丙丁繼承遺產 期間收養） 婚前所生） 期間所生）,xuece-civ-107-45
分科測驗,xuece-civ,107,公民 46,公民,憲法法庭,AE,K,S0,T7,C2,多選：政黨違憲解散與總統彈劾採憲法法庭,我國大法官的部分職權已採用憲法法庭形式審理， 下列哪些屬於此種形式？ (A)政黨違憲解散案件 (B)審查法律或命令違憲 (C)統一解釋法律及命令 (D)憲法疑義解釋案件 (E)總統副總統彈劾案件,xuece-civ-107-46
分科測驗,xuece-civ,107,公民 47,公民,借貸市場,ADE,R,S5,T3,C4,多選：借貸市場的供需變動,借貸市場裡存款者提供資金給銀行屬於資金供給，借款者向銀行借入資金屬於資金需求，其中 存款者和借款者除了一般民眾和企業外，政府也可扮演這兩種角色。下列政府政策何者直接造 成資金供給的變動？ (A)政府編列預算設立初創基金，存入商業銀行貸放給青年創業 (B)政府取消廠商投資的租稅抵免措施，造成國內投資意願下降 (C)政府簡化企業設廠前的環境評估，提高國內企業的投資誘因 (D)央行實施量化寬鬆買入政府公債，政府將收入存入商業銀行 (E)央行調降商業銀行的重貼現率，商業銀行跟著降低存,xuece-civ-107-47
分科測驗,xuece-civ,107,公民 48,公民,國際貿易與供需,BCD,R,S5,T3,C4,多選：國際貿易下的供需變動,若國際食用油市場有甲乙丙三國，甲乙兩國每年都從丙國進口食用油，但甲乙兩國間並無食用 油貿易。乙國發生假油事件，使其國產食用油銷售量慘跌，並使得由丙國進口數量大增，導致 丙國食用油的國內及出口價格攀升。根據以上條件，有關三國食用油市場消費者與生產者剩餘 和社會福祉的變動，下列敘述哪些正確？ (A)甲國消費者剩餘上升 (B)甲國生產者剩餘上升 (C)乙國生產者剩餘下降 (D)丙國消費者剩餘下降 (E)丙國的社會福祉下降,xuece-civ-107-48
分科測驗,xuece-civ,107,公民 49,公民,民意調查與公投,BC,E,S5,T2,C3,多選：民意調查與公民投票的差異,依現行法律規定與實務經驗，對兩種徵詢民意方式的評析，下列哪些最適當？ (A)小明主張的方式可由該機關逕行辦理，大華的方式需委託專業機構 (B)小明主張的方式較具有公信力，大華的方式則成本較低且節省公帑 (C)小明主張的方式屬於直接民主，大華的方式則未必與直接民主有關 (D)兩種方式皆可以提升政策決策品質，並避免政策受特定利益的操控 (E)兩種方式皆為民意政治的展現，其結果對政策的制訂具有法律效力,xuece-civ-107-49
分科測驗,xuece-civ,107,公民 50,公民,地方自治組織,CD,R,S5,T2,C3,多選：由題文判斷地方自治團體的組織,依據題文判斷，該地方自治團體之政府組織與權責，下列推論哪些最可能？ (A)其行政機關之首長係由行政院院長依法任命 (B)其組織依法僅設有行政機關而沒有立法機關 (C)須執行上級政府委辦事項但可制定地方法規 (D)依法可以引進第三部門參與政府的公共服務 (E)其預算執行與財政收支依法須受行政院監督,xuece-civ-107-50
分科測驗,xuece-civ,108,公民 1,公民,媒體識讀,D,E,S5,T2,C7,比較不同報導角度：媒體識讀,甲電子報標題：「極端恐怖組織伊斯蘭國ISIS搶擄婦女當性奴」，乙電子報標題：「美 國與以色列是恐怖組織，ISIS是否為恐怖組織目前還不確定」。從甲、乙兩家電子報 對於「事實」詮釋的差異，下列敘述何者最為正確？ (A)新聞報導可能會受到政治權力影響，但與各報立場無關 (B)反應新聞資訊幕後蒐集、生產與製作標準化流程的差異 (C)不同的報導風格與公民記者興起、媒體近用權落實有關 (D)報社是資訊生產者，對於事實有不同的評論與詮釋角度,xuece-civ-108-1
分科測驗,xuece-civ,108,公民 2,公民,文化資本,A,D,S2,T4,C5,學歷、休閒與職業：文化資本,表一為某國甲、乙、丙、丁四人的文化活動與生活概況，分別顯示他們的職業、薪 資、學歷、休閒運動、興趣與居住狀況，其生活與活動也因為文化與經濟資本的特 殊組合，而形成不同層級的文化位階。根據此表，下列敘述何者較為正確？ 表一 中小企業主 （高中學歷） 大型企業執行長 （碩士學歷） 甲 打籃球 聽流行歌曲 乙 打高爾夫球 觀賞歌劇 月薪30萬 住電梯大廈 月薪50萬 住景觀豪宅 工廠工人 （國中學歷） 法官 （博士學歷） 丙 打撞球 聽流行歌曲 丁 打網球 聽古典音樂 月薪5萬 租,xuece-civ-108-2
分科測驗,xuece-civ,108,公民 3,公民,全球在地化（布袋戲）,B,E,S5,T2,C1,布袋戲結合日本動漫：全球在地化,繼國語與英語配音後，霹靂布袋戲近年與日本動漫腳本大師合作，傳為佳話，讓更 多文化地區的人認識布袋戲。下列何種概念與敘述最能傳達這段佳話？ (A)在地傳統文化積極與他國公民合作，是一種「全球公民」實踐行動的展現 (B)在地傳統文化因全球化帶來跨國交流合作，是文化面向的「全球化」表現 (C)在地傳統文化將日本文化融入的跨國合作，是一種「另類全球化」的展現 (D)在地文化反對全球化浪潮壓迫並與新文化合作，故是「反全球化」的表現,xuece-civ-108-3
分科測驗,xuece-civ,108,公民 4,公民,家庭照顧公共化,D,E,S5,T2,C7,家庭照顧責任公共化：國家分擔,政府推動家庭照顧責任公共化，以減輕家庭負擔。對於國家與家庭在照顧子女、老 人、患病家屬與失能父母等事務上之角色，下列敘述何者正確？ (A)家庭照顧屬於家務勞動，國家不應政策干預與介入 (B)家庭照顧屬於公共事務，家庭的自願勞動應被排除 (C)家庭照顧兼具私人與公共事務性質，家庭成員不應無酬共同參與 (D)家庭照顧兼具私人與公共事務性質，國家應協助家庭發揮其功能,xuece-civ-108-4
分科測驗,xuece-civ,108,公民 5,公民,家庭暴力統計,D,D,S2,T5,C5,家暴被害人多為女性，但類型有別,"表二為某國家庭暴力被害人性別與案件類型統計。根據此表，下列有關該國家庭暴 力的描述何者正確？ （單位：受害人次） 表二 婚姻/離婚/同居關係暴力 受虐兒少保護 老人受虐 年 男 女 男 女 男 女 2010 5,287 49,163 10,679 10,234 1,215 1,868 2011 5,672 43,562 11,763 11,889 1,096 1,766 2012 6,512 43,492 13,877 13,605 1,169 1,871 2013 5,82",xuece-civ-108-5
分科測驗,xuece-civ,108,公民 6,公民,志工與社區參與,B,D,S2,T5,C5,志工的社區參與比例較高,表三是某國登記為志工者與未登記為志工者的社區組織活動參與狀況： （單位：%） 表三 參與社區組織活動 登記為志工者 未登記為志工者 全體 從未參加 43.6 56.9 56.3 很少參加 18.3 17.9 17.9 有時參加 21.9 17.3 17.5 經常參加 13.5 4.7 5.2 無意見 2.7 3.2 3.1 根據此表，下列有關該國人們參與社區組織活動的敘述何者正確？ (A)未登記為志工者在參與社區組織活動的程度上明顯普遍低於全體人們 (B)登記為志工者參與社區,xuece-civ-108-6
分科測驗,xuece-civ,108,公民 7,公民,立委保障名額,A,E,S5,T2,C1,每縣市至少一席：違反票票等值,根據我國憲法增修條文第四條的規定，每縣市至少應產生一位立法委員。就民主與 選舉而言，下列何者是此項規定最能發揮的功能？ (A)保障人口數少的小縣能有國會代表 (B)提高偏鄉離島的投票率並減少廢票 (C)提升區域立委當選人的民意正當性 (D)解決區域選舉「票票不等值」問題,xuece-civ-108-7
分科測驗,xuece-civ,108,公民 8,公民,政治意識型態,B,R,S5,T7,C8,比較不同政治意識型態,政治意識型態是特定的一套價值、信念與價值觀，各種意識型態間不僅存在著相互競 爭，也會隨時間相互學習與融合。以下關於意識型態的比較與敘述何者正確？ (A)宗教基本教義派專指伊斯蘭世界的基本教義主張 (B)社會主義與共產主義皆強調公民平等權的重要性 (C)第三條路乃是調和社會主義與無政府主義的思潮 (D)法西斯主義是二次戰後已不存在的特定時空產物,xuece-civ-108-8
分科測驗,xuece-civ,108,公民 9,公民,議題設定,C,E,S5,T2,C2,議題設定：告訴我們想什麼,「議題設定」是指媒體透過報導的角度與內容，強調關注某個議題；其作用不是告 訴我們怎麼想，而是要我們想什麼。下列何者最符合「議題設定」的內涵？ (A)媒體對行政院院長在立法院施政總質詢進行實況轉播 (B)報紙定期進行國內統獨立場民調並針對數據例行分析 (C)政論節目瞄準明星政治人物，邀請來賓持續討論解析 (D)民眾傾向看到與自己相似言論而加入某網紅的討論區,xuece-civ-108-9
分科測驗,xuece-civ,108,公民 10,公民,婦女保障名額,B,K,S5,T2,C1,婦女保障名額的設計,為了確保女性參與政治的權利，有些國家會在法律上設計「婦女保障制度」，以我 國為例，下列敘述何者是此一理念的具體實踐？ (A)政府的教育單位，將性別關係與平等尊重放入課綱，以保障女性的平等權益 (B)《地方制度法》規定各選區選出民代名額達四人者，應有婦女當選名額一人 (C)行政院院長宣布新內閣閣員名單，其成員按照性別比例以顯示性別平等 (D)婦女團體呼籲儘速修法，女性民代名額應達成40%性別比例目標為原則,xuece-civ-108-10
分科測驗,xuece-civ,108,公民 11,公民,國際衝突,B,R,S5,T6,C8,冷戰後的衝突多來自民族宗教,冷戰結束以來，美、蘇兩大集團的對立情勢不再，但國際社會的衝突卻未稍減，全 球有許多國家之間都存在多重矛盾，甚至有愈演愈烈的趨勢。下列何者是各國間產 生衝突的最主要原因之一？ (A)政府體制的堅持 (B)自然資源的需求 (C)多元文化的包容 (D)永續發展的異議,xuece-civ-108-11
分科測驗,xuece-civ,108,公民 12,公民,告訴乃論,A,K,S5,T2,C2,告訴乃論：被害人提告才追訴,在我國刑事法規中，若以告訴權人提起告訴為追訴條件的罪名（例如：公然侮辱罪）， 稱之為「告訴乃論」之罪；反之，不以告訴為追訴條件的罪名（例如：殺人罪）， 則為「非告訴乃論」之罪。媒體報導時，經常將非告訴乃論之罪誤稱為「公訴罪」。 下列關於這三種概念的說明，何者正確？ (A)公訴是指由檢察官代表國家，針對犯罪行為向法院提起訴訟 (B)凡在刑法規定中屬告訴乃論之罪者，檢察官即不可提起公訴 (C)被害人自己提起刑事訴訟，不符合公訴制度，法院不得審判 (D)凡屬非告訴乃論之罪者，法院可,xuece-civ-108-12
分科測驗,xuece-civ,108,公民 13,公民,罪刑法定與不溯及既往,B,E,S5,T2,C2,行為時沒有規定就不能處罰：罪刑法定,甲於我國刑法早期未設酒駕處罰規定時，曾因酒駕而不慎將乙撞死，並經法院判決 過失致死罪確定而入監服刑。嗣後立法院對於這種酒駕的行為，增訂「不能安全駕 駛」的刑罰規定。惟甲上述修法前的酒駕行為，仍不應受新增訂之刑罰制裁，其理 由是基於下列何種原則？ (A)最後手段 (B)罪刑法定 (C)無罪推定 (D)罪疑唯輕,xuece-civ-108-13
分科測驗,xuece-civ,108,公民 14,公民,智慧財產權,C,K,S5,T7,C1,著作權不需註冊，商標、專利才需要,下列關於我國法律對於智慧財產權的保障制度，哪一個說法不正確？ (A)必須依法申請註冊、取得商標權之後，才能受到商標權的保護 (B)兩人同時發明了相同技術時，先申請的人可獲得專利法的保護 (C)著作財產權在完成創作後即享有，直至著作人死亡時方告消滅 (D)擅自將他人創作的小說公開發表，將會侵害作者的著作人格權,xuece-civ-108-14
分科測驗,xuece-civ,108,公民 15,公民,法律的分類,D,E,S5,T2,C2,空汙防制涉及的法律分類,為了要避免空氣污染日益嚴重，中央與地方政府紛紛祭出各種改善與防制的措施。 以下相關國家作為，在法律概念的分類上，何者正確？ (A)立法院三讀通過的空氣污染防制法（簡稱空污法）是法規命令 (B)主管機關根據空污法對違反規定的個案開立罰單，是行政指導 (C)為達成空氣污染防制目標，主管機關輔導排污工廠裝置減污設施，是一種行政 處分 (D)主管機關招募空污防制人員，約定給予津貼並須服務一定年限，此約定是行政 契約,xuece-civ-108-15
分科測驗,xuece-civ,108,公民 16,公民,買賣契約,A,E,S5,T2,C2,未交付前，所有權仍屬出賣人,甲將自用筆記型電腦（筆電）出售與乙，價金乙已付清；在甲尚未將該筆電交付予 乙之前，有關甲乙間之權利義務關係，下述何者正確？ (A)甲將筆電交付予乙前，甲乙間只有因契約而生之債權債務關係 (B)甲既將該筆電售予乙，立即喪失所有權而不得如常使用該筆電 (C)乙可請求甲交付筆電，也可以本於所有權人的地位處分該筆電 (D)倘甲未依約將筆電交付予乙，乙可本於該契約逕自取走該筆電,xuece-civ-108-16
分科測驗,xuece-civ,108,公民 17,公民,社會秩序維護法,D,E,S5,T2,C2,跟追他人：社會秩序維護法,社會秩序維護法規定：「無正當理由，跟追他人，經勸阻不聽者，處新臺幣三千元 以下罰鍰或申誡。」關於上述規定，以下何者正確？ (A)記者享有憲法保障新聞採訪自由，上述規定對記者跟拍採訪完全不適用 (B)在公園定點拍攝景色時，途經之路人恰被拍攝入鏡，可依上述規定主張拍攝者 之行為違法 (C)警察機關依上述規定開罰時，須所有的構成要件皆符合，始得處罰；受處罰人倘 若不服警察機關裁罰，得立即向行政法院提起撤銷訴訟 (D)貪瀆事件屬大眾關切並具一定公益性及新聞價值，記者以跟追方式進行採訪,xuece-civ-108-17
分科測驗,xuece-civ,108,公民 18,公民,詐欺與現行犯,A,E,S5,T2,C1,吃霸王餐是詐欺，現行犯人人可逮捕,甲在夜市小吃店消費後，假裝接手機至店外通話，趁店主忙碌不注意時，未結帳快 閃離去；嗣經監視錄影帶顯現甲之形貌，於甲再次至同店用餐擬以同一手法白吃時， 店主已留意並將匆忙逃跑之甲抓回。依我國民事法律，下述何者正確？ (A)店主可依消費契約關係，要求甲清償所欠小吃店之全部餐費 (B)店主為懲罰甲之詐騙行為，可要求甲付餐費五十倍之違約金 (C)店主除可要求甲清償所欠小吃店之餐費外，尚可要求甲精神賠償 (D)店主為防止甲開溜，可將其綑綁鎖在廁所，並告知須還清餐費後始放人,xuece-civ-108-18
分科測驗,xuece-civ,108,公民 19,公民,GDP 與綠色 GDP,C,D,S2,T5,C5,由統計值計算 GDP 與綠色 GDP,表四是甲、乙兩國在2018年各項經濟變數的統計值，根據這些資訊，有關國內生產 毛額（GDP）與綠色國內生產毛額（Green GDP）的敘述，下列何者正確？ 表四 （單位：兆元） 項目 甲國 乙國 民間消費支出 200 240 政府消費支出 150 120 投資支出 200 180 淨出口 60 50 自然資源消耗 50 40 環境品質損失 60 30 (A)甲國國內生產毛額與綠色國內生產毛額皆大於乙國 (B)甲國國內生產毛額與綠色國內生產毛額皆小於乙國 (C)甲國國內生產毛額,xuece-civ-108-19
分科測驗,xuece-civ,108,公民 20,公民,網路與財貨,C,R,S5,T2,C1,免付費上網：具公共財性質,網際網路已成為現代人生活之一部分，上網方式包括付費上網以及政府提供之免付 費上網服務（如臺灣之「iTaiwan」）。有關網際網路之敘述，下列何者正確？ (A)免付費上網服務如iTaiwan因具備共享性及排他性，屬於公共財 (B)在使用者不多下，付費之網際網路其實也具有共享性及無排他性 (C)付費之網際網路服務具共享性，為準公共財，公私部門皆可提供 (D)網際網路服務因具排他性，偏向私有財，最好不要由政府來提供,xuece-civ-108-20
分科測驗,xuece-civ,108,公民 21,公民,標會與存款,A,R,S5,T6,C4,標會利率高但風險大,民眾若有多餘資金，可以參加民間標會，或存入銀行，以賺取利息。需要資金者也 可以參與標會或向銀行貸款以取得資金。以下有關標會與存款的敘述何者正確？ (A)在違約或倒帳風險不存在下，對有多餘資金者而言，參與標會之獲利通常會比 存款為高 (B)標會的收益與參加標會者人數有關，存款的收益則與向銀行借貸者之資金需求 金額有關 (C)參與標會者知道會員是誰，但銀行貸放資金不知道借款者為誰，故存款的風險 高於標會 (D)標會雖屬於民間的借貸活動，但與商業銀行存款一樣，其行為受政府金融監理 ,xuece-civ-108-21
分科測驗,xuece-civ,108,公民 22,公民,貨幣政策,C,D,S2,T5,C5,由貨幣政策工具判斷寬鬆或緊縮,以臺灣而言，透過改變貨幣數量之貨幣政策，為政府調節景氣循環的政策工具之一。 表五為各政府機關對此提出之措施內容。請問該表中何者屬於貨幣政策且與該政府 機關之職權相符？ 表五 提出機關 措施內容 政策措施一 財政部 減稅 政策措施二 行政院 公開市場操作 政策措施三 中央銀行 降低存款準備率 政策措施四 國家發展委員會 發放消費券予大眾 (A)政策措施一 (B)政策措施二 (C)政策措施三 (D)政策措施四,xuece-civ-108-22
分科測驗,xuece-civ,108,公民 23,公民,匯率與投資,A,R,S5,T2,C4,投資外國股市要考慮匯率風險,銀行理財專員為客戶分析投資臺灣與外國股市的差異，提出以下說明內容，請問何 者正確？ (A)未來新臺幣價位趨於弱勢，投資美國股市可以額外賺取美元升值的收益 (B)美國與中國的貿易戰爭，為企業帶來的不確定僅會影響美國與中國股市 (C)美國聯邦準備理事會可能降息，此對美國股市不利恐連帶拖累臺灣股市 (D)國際股市投資標的眾多，適合退休族投入，以高獲利保障退休生活穩定,xuece-civ-108-23
分科測驗,xuece-civ,108,公民 24,公民,行動支付與貨幣,D,R,S5,T2,C1,行動支付仍以貨幣為基礎,隨著金融發展與科技進步，大眾逐步從實體貨幣、信用卡等，改以如臺灣Pay之行 動支付來完成交易。這不但讓交易的方便性大為提高，也讓大眾持有實體貨幣的需 要下滑。以下有關上述各交易工具對總體經濟影響的敘述何者正確？ (A)行動支付列入貨幣發行數量計算範圍，故後者會因前者的廣泛使用而提高 (B)通貨膨脹會隨信用卡、行動支付等非實體貨幣交易媒介之使用盛行而上升 (C)利率為資金之機會成本，其水準會隨這些交易工具使用方便性提高而下降 (D)讓交易便利之工具愈普及，可促進消費、經濟發展，,xuece-civ-108-24
分科測驗,xuece-civ,108,公民 25,公民,機會成本,C,R,S5,T2,C4,比較不同工作的機會成本,農曆年後，在屏東居住與就業之某甲，離開年薪60萬元之現職另覓工作。今分別收 到二份新工作之邀約：屏東年薪70萬元，臺北年薪100萬元。考慮兩地物價與居住 成本後，甲決定留在屏東工作。根據經濟學對就業的定義及以上內容，下列敘述何 者正確？ (A)甲農曆年後另覓工作，仍屬勞動力人口，且處於結構性失業狀態 (B)甲決定繼續留在屏東工作，係基於名目所得而非實質所得之考慮 (C)依照甲的現況，甲的年紀應該滿15歲，並且不具有現役軍人身分 (D)失業率通常在農曆年後上升，此季節性變化與循,xuece-civ-108-25
分科測驗,xuece-civ,108,公民 26,公民,社會流動（代間所得）,C,D,S2,T5,C5,父親收入影響大：代間流動低,35 26. 如果該項統計資料是「兒子收入受父親收入影響的 30 百分比」，在不考慮其他因素的情形下，關於該國社 25 20 會流動的狀況，下列推論何者最恰當？ 15 (A)男性單親家庭的職業流動機會漸減少 10 5 (B)男性世代之間的職業流動機會漸增加 0 1960 1970 1980 1990 2000 2010 (C)家庭背景與社會流動機會的相關性越來越高 圖一 (D)性別因素與社會流動機會的相關性越來越高,xuece-civ-108-26
分科測驗,xuece-civ,108,公民 27,公民,青年政治參與,C,D,S2,T5,C5,由得票比例判斷青年支持變化,如果圖一代表「執政黨得票來自30歲以下合格青年選民的百分比」，假設該黨自1960 年以來長期執政，在不考慮其他因素的情形下，關於該國青年政治態度和選舉參與， 下列推論何者最恰當？ (A)合格青年選民的政黨支持呈現世代差異 (B)合格青年選民投票率不高對政治不熱衷 (C)合格青年選民對選舉結果的重要性漸增 (D)合格青年選民漸增指該國選民老化嚴重,xuece-civ-108-27
分科測驗,xuece-civ,108,公民 28,公民,家庭代工與勞動,A,R,S1,T2,C4,客廳即工廠：擴大市場性勞動,根據以上的敘述，下列何者最為正確？ (A)客廳即工廠（場）的現象，擴大了市場性勞動雇用 (B)產品製造外包給家庭代工，可解決結構性失業問題 (C)擴大了女性的勞動參與，加深了家務勞動的性別化 (D)生產機器設備進入家庭，可強化受雇者的勞權意識,xuece-civ-108-28
分科測驗,xuece-civ,108,公民 29,公民,家庭代工的經濟影響,D,R,S1,T2,C7,家庭代工帶動出口與經濟成長,有關家庭代工體系對臺灣經濟的影響，下列敘述何者正確？ (A)雖會提高女性勞動參與率，但會讓整體勞動參與率下降 (B)家庭代工生產屬於地下經濟活動，會造成GDP計算的失真 (C)因替代作用，男性失業率會隨女性投入家庭代工現象而上升 (D)家庭代工引起的外部性，會讓實際生產成本的計算失真,xuece-civ-108-29
分科測驗,xuece-civ,108,公民 30,公民,自由度調查,C,R,S5,T2,C1,由評述推論調查的自由度項目,從該報告對中、美兩國的評述加以推論，下列何者最可能是該組織調查的項目之一？ (A)執政黨輪替的頻率 (B)國家主權的獨立性 (C)表達意見的自主權 (D)國家元首的正當性,xuece-civ-108-30
分科測驗,xuece-civ,108,公民 31,公民,中國政治制度,D,R,S5,T6,C8,中國自由度下滑：集權強化,依據題文訊息推論，調查報告指出的中國總體自由度下滑，與其哪項政治制度的特 性或轉型最有關連？ (A)中央政府或地方政府層級迄今仍未實施民主選舉 (B)中國共產黨廢除黨內「公推直選」的民主化機制 (C)國家最高領導人的選任和任期缺乏法律明文規定 (D)中共為維持不受挑戰的統治地位而強化社會控制,xuece-civ-108-31
分科測驗,xuece-civ,108,公民 32,公民,國家的目的,A,E,S1,T2,C2,政府的目的是保障人民權利,下列政治名人的論點，何者與老師提及的第一項原則最有關連？ (A)英國湯馬士‧潘恩：「政府即便在它最好的狀態下，也只是必要之惡」 (B)我國孫中山：「講到國家的政治，根本上要人民有權；至於管理政府的人，便要 付之於有能的專家們」 (C)法國盧梭：「我們應該更重視一個良好的政府所產生的活力，而不只是看到一個 廣闊的領土所提供的富源」 (D)英國約翰‧洛克：「只要政府存在，立法權就是最高的權力，因為誰能夠對另一 個人訂定法律就必須是在他之上」,xuece-civ-108-32
分科測驗,xuece-civ,108,公民 33,公民,行政中立,C,K,S5,T2,C1,公務員行政中立的規範,下列關於文官體系「行政中立」的論述，何者是正確的？ (A)公務人員是一種國家給予的身分，因此不可以有特定政黨立場 (B)公務人員下班時間以機關的名義，爭取民眾捐款政黨是可以的 (C)公務人員上班時用政府的網站在網路上發表政治言論是不宜的 (D)公務人員面對政務首長的黨派指示，仍應依循文官的服從守則,xuece-civ-108-33
分科測驗,xuece-civ,108,公民 34,公民,行政與立法的互動,C,E,S5,T2,C2,行政院不同意法案可提覆議,若行政院內政部認為上述修法將產生大量的申報案件，其人力難以負荷，且有過度 限制人民財產權與宗教信仰自由之虞，下述相應處理方式，何者不正確？ (A)內政部得轉請行政院向立法院提出覆議 (B)行政院得向大法官聲請解釋上述規定牴觸憲法 (C)內政部得提起行政訴訟，由行政法院禁止其受理申報 (D)總統得就此爭執，召集行政院院長及立法院院長會商解決,xuece-civ-108-34
分科測驗,xuece-civ,108,公民 35,公民,行政救濟程序,A,E,S5,T2,C2,不服裁罰：訴願、行政訴訟,信徒乙某次向該教派領袖甲捐獻財物後，甲未於期限內申報，而受主管機關裁罰， 並遭沒入所收受之捐獻財物，下述救濟程序何者不正確？ (A)甲於提起訴願不獲救濟後，即可向大法官聲請解釋憲法 (B)乙對其捐獻之財物被主管機關沒入不服，不得直接提起行政訴訟救濟 (C)行政訴訟程序中，法官如認該修正規定有違憲疑義，可以停止審理，向大法官聲 請釋憲 (D)甲受主管機關裁罰後，雖認為裁罰依據之法律違憲，仍須循序提起訴願、行政訴 訟救濟其權利,xuece-civ-108-35
分科測驗,xuece-civ,108,公民 36,公民,防疫與市場,D,R,S5,T3,C4,撲殺禽類使供給減少、價格上升,關於此項防疫政策對禽蛋市場的影響，下列敘述何者正確？ (A)民眾可買到一樣安全的禽蛋，需求將增加 (B)廠商銷售禽蛋的成本會提高，供給將增加 (C)政府干預禽蛋的銷售方式隸屬於價格管制 (D)市場的交易價格將因此項防疫政策而上升,xuece-civ-108-36
分科測驗,xuece-civ,108,公民 37,公民,全球化與貿易,B,R,S5,T2,C4,國際疫情影響進口種禽,國際間禽流感疫情深深影響我國生鮮禽蛋業者之產量，其主要原因為何？ (A)禽蛋業之生產受到世界貿易組織（WTO）的規範 (B)世界各國彼此相互依存在一個整體的生活環境 (C)禽流感將提高禽蛋生產成本及業者的生產意願 (D)禽蛋生產需要全球分工，而我國為重要的一員,xuece-civ-108-37
分科測驗,xuece-civ,108,公民 38,公民,國家的功能（勞工處境）,D,E,S5,T2,C1,國家要保障勞工權益,檢視上述勞工面臨的困境，若從國家存在的目的和功能加以思考，下列敘述何者最 恰當？ (A)小玉的案例顯示，國家應該提升女性的勞動參與率才能保障女性權利 (B)小賈的案例顯示，國家應該發放生育津貼以協助解決帶薪產假的問題 (C)大魚提及的薪資問題顯示，國家應該訂定最低工資，以保障勞工福祉 (D)小餅案例顯示，國家應積極介入以落實勞動權益，改善勞工不利處境,xuece-civ-108-38
分科測驗,xuece-civ,108,公民 39,公民,勞資爭議,C,E,S5,T2,C1,勞資爭議的處理途徑,關於小玉、小賈與小餅三件案例涉及的勞資問題及其處理，下列敘述何者正確？ (A)小玉被解雇是屬於勞動契約的紛爭事件，該市的勞工局無法介入處理 (B)小玉被解雇是關於權利事項的勞資爭議事件，依法不能適用調解程序 (C)小賈可主張契約自由應受法律限制，雇傭契約違反勞基法的部分無效 (D)小餅就公司苛扣他的加班費，可依勞基法請求工會發起勞動爭議行為,xuece-civ-108-39
分科測驗,xuece-civ,108,公民 40,公民,勞動與 GDP,B,R,S5,T2,C4,失業與低薪損及 GDP,依據小賈、大魚及小餅提及的狀況，對臺灣的GDP可能造成負面影響。下列敘述何 者為損及GDP的原因？ (A)因女性生產不能請帶薪產假而只能請扣薪的病假，導致最低薪資下降 (B)因生育歧視的關係，女性可能退出勞動市場導致生產要素的投入減少 (C)小餅及同事沒領到加班費，員工薪資變成廠商利潤使得貧富差距擴大 (D)小餅及同事被迫加班使生產力提高，掩蓋了廠商雇用人數不足之事實,xuece-civ-108-40
分科測驗,xuece-civ,108,公民 41,公民,人權,BE,K,S5,T2,C1,多選：人權的內涵與保障,聯合國在1948年簽署《世界人權宣言》，人權成為普世價值，受到各國法律的保障。 下列關於人權的敘述何者正確？ (A)人權是人人享有的權利，其概念是固定的，並不會隨著時代發展不斷擴充 (B)人權的實踐在有些事件中會出現衝突的現象，造成群體之間的爭執與糾紛 (C)在聯合國及人權團體的監督下，各國家對於人權保障的落實程度大致相同 (D)政府保障基本人權是為普世價值，即使是共產黨統治的極權國家也不例外 (E)現行人權實踐的範圍，除了針對個人權利之外，並且包含集體權利的存在,xuece-civ-108-41
分科測驗,xuece-civ,108,公民 42,公民,租稅與所得分配,BC,R,S5,T2,C4,多選：以租稅改善所得分配,研究顯示資本主義社會的所得分配問題會越來越嚴重，貧富差距擴大影響社會公平。 假定下列各項租稅措施能有效實行，並且在其他條件均相同時，何者有助緩解上述 問題？ (A)提高商家營業稅的稅率 (B)提高土地買賣的增值稅率 (C)提升高所得者的綜合所得稅率 (D)降低遺產稅的稅率 (E)提高彩券中獎獎金的課稅門檻,xuece-civ-108-42
分科測驗,xuece-civ,108,公民 43,公民,地方選舉,BDE,K,S5,T7,C3,多選：地方公職人員哪些是直選,依目前臺灣地方制度與選舉的規範，下列哪些公職人員是由人民直接選舉產生？ (A)臺南市議會議長 (B)南投縣南投市市長 (C)新北市板橋區區長 (D)花蓮縣光復鄉鄉民代表 (E)屏東縣恆春鎮山海里里長,xuece-civ-108-43
分科測驗,xuece-civ,108,公民 44,公民,總統與行政院長,BC,K,S5,T2,C3,多選：總統與行政院長的權力關係,我國現行憲政體制，總統和行政院院長各擁有部分行政權力，下列有關二者權力關 係的敘述，何者正確？ (A)總統宣告解散立法院前，需先諮詢行政院院長的意見 (B)總統因故發布緊急命令前，需先經行政院院會之決議 (C)行政院院長將法律案移請立法院覆議前，需先經總統同意 (D)總統提名司法院大法官人選前，需先徵詢行政院院長意見 (E)總統任命司法院和考試院長時，需先經過行政院院長副署,xuece-civ-108-44
分科測驗,xuece-civ,108,公民 45,公民,正當法律程序,ADE,K,S5,T2,C2,多選：行政程序法的正當法律程序,近代法治國家認為：為保障人民權益、提高政府行政效能、增進人民對政府行政之 信賴，政府行政活動應該受到正當法律程序原則之規範。下述何者屬於正當法律程 序的要求？ (A)大學對於大學生作出退學處分前，應該給予該生陳述意見機會 (B)為鼓勵民眾購物索取統一發票，以有效掌握營業稅收，政府增加統一發票中獎 獎項及獎金額度 (C)颱風來襲，氣象局經衛星氣象資訊分析研判，發布颱風警報、預測颱風強度及路 徑，以提醒政府與民眾預作防颱準備 (D)政府行政機關將施政計畫、業務統計以及新近制定與修,xuece-civ-108-45
分科測驗,xuece-civ,108,公民 46,公民,著作權與選舉文宣,ABE,E,S5,T2,C3,多選：選舉文宣的著作權歸屬,甲競選連任某縣縣長時，乙為甲站台助選。若干年後即將卸任縣長之甲轉換跑道改 為競選立法委員，與乙成為競選對手，甲將當年乙為甲站台助選之新聞照片（係他 人拍攝）印製在競選海報上，且冒乙簽名。依我國相關法律，下述何者正確？ (A)甲未經照片拍攝者同意，將該照片刊在甲之競選海報，涉有侵害照片拍攝者著 作權之疑慮 (B)乙往昔為甲站台助選之照片既屬公開事實，甲公開使用該照片尚無侵害乙的隱 私權之疑慮 (C)甲未經乙之同意，其競選海報刊載當年乙站台為甲助選之照片，應屬明確侵害 乙的著作權,xuece-civ-108-46
分科測驗,xuece-civ,108,公民 47,公民,經濟全球化,ABE,R,S5,T2,C1,多選：經濟全球化的影響,經濟全球化促進產品、生產要素與技術在全球的自由移動，讓世界各國之生產活動 更加活絡，而且相互依賴程度亦大幅提高。下列哪些是經濟全球化帶來的結果？ (A)跨越國界之污染日漸嚴重 (B)智慧型手機遍銷世界各地 (C)價格由該產品之供需決定 (D)自利是經濟行為的驅動力 (E)臺商在全球各國投資生產,xuece-civ-108-47
分科測驗,xuece-civ,108,公民 48,公民,外部性的解決,BDE,R,S5,T2,C4,多選：協商或課稅解決外部性,老王販賣的臭豆腐奇臭無比、聲名遠播，吸引許多饕客前來。老王的鄰居小李對臭 味無法忍受，不堪其擾。以下哪些方法可以削減此一外部性問題？ (A)政府直接對生產者補貼，以降低老王生產臭豆腐的成本 (B)由政府直接控管老王每日最多可銷售的臭豆腐數量上限 (C)補貼前來享受美食的饕客，降低產品價格以刺激銷售量 (D)假定沒有交易成本，政府將空氣排放權設定予小李，並由雙方自行談判 (E)政府依照老王販售臭豆腐的數量予以課稅，販售的數量愈多稅率也愈高,xuece-civ-108-48
分科測驗,xuece-civ,108,公民 49,公民,好公民的觀念,AE,D,S2,T4,C5,多選：比較志工與全體對好公民的看法,根據題文及表六，下列敘述何者正確？ (A)「志工者」與「全體」兩群體間，看法雖多有相似，卻也存在著差異 (B)對「志工者」與「全體」而言，參與社團或組織不是好公民的重要條件 (C)不論「志工者」或「全體」，好公民幫助弱勢人群是不分年齡、性別和地域 (D)對「志工者」與「全體」而言，守法、納稅及參與投票是好公民最重要的三項 指標 (E)不論「志工者」或「全體」，好公民的最重要三項指標都未涉及挑戰政府不當 作為,xuece-civ-108-49
分科測驗,xuece-civ,108,公民 50,公民,積極公民社會,AB,E,S5,T2,C1,多選：積極公民社會的推動,積極公民社會是指公民採取促進公共利益行動，而形成之各項行動結社的集合體， 其推動者強調好公民不能僅以個人力量消極行使政治參與權利，更應該主動參與公 共事務，造成改變力量。下列對於表六顯示某國人民看法的敘述，何者符合上述積 極公民社會理念？ (A)志工者比全體更支持「考慮政治及環境因素來選購產品」 (B)志工者顯然更加重視「積極參與社會及政治團體或組織」 (C)志工者與全體均認為「始終遵守法律」是好公民的要件 (D)志工者與全體都相當重視好公民應該做到「不逃漏稅」 (E)志工者,xuece-civ-108-50
分科測驗,xuece-civ,109,公民 1,公民,公民不服從,B,E,S5,T2,C2,公民不服從：公開、非暴力、願意承擔法律後果,近年來，發生在世界各國的許多群眾運動都被稱之為公民不服從。事實上，在民主 法治的社會，「公民不服從」有一定的構成要件。據此，下列敘述何者正確？ (A)基於良知出發，目的是為實現公民自身的利益 (B)企圖改變政府違反公平正義的法律或公共政策 (C)為追求公益抵制不當政策的作為享有法律免責 (D)原則以和平方式表達訴求，必要可採暴力手段,xuece-civ-109-1
分科測驗,xuece-civ,109,公民 2,公民,育嬰假與性別,D,D,S2,T5,C5,比較兩國育嬰假申請的性別差異,總人口與人口結構相似的甲、乙兩國，分別訂有育嬰假申請規定，表一為兩國近年 來的申請人數統計。 表一 （單位：千人） 甲國 乙國 年度 合計 男性 女性 合計 男性 女性 2017 28 13 15 28 3 25 2018 35 17 18 36 5 31 2019 42 20 22 41 8 33 依據表一，關於甲、乙兩國之育幼與親職體制之比較，下列推論何者最為可能？ (A)甲國較為重視透過政府提供親職教育 (B)甲國較能夠落實育幼勞動公共化政策 (C)乙國提供給父母的育嬰,xuece-civ-109-2
分科測驗,xuece-civ,109,公民 3,公民,全民健保,B,E,S5,T2,C1,全民健保：強制納保、風險分擔,我國全民健康保險制度（全民健保）多年來有著高度的政策滿意度，也受到國際肯 定，下列關於這項制度的敘述何者正確？ (A)全民健保的主要目的在於保障國民的基本生活與健康 (B)全民健保制度具有社會互助以及風險共同承擔的意義 (C)全民健保以全民為對象，採被保險人平均付費，具有落實社會公平的作用 (D)全民健保的保費由被保險人、雇主及各級政府分擔，大致可取得收支平衡,xuece-civ-109-3
分科測驗,xuece-civ,109,公民 4,公民,家庭型態與貧窮,C,D,S2,T5,C5,單親家庭在低收入戶中的比例上升,表二呈現某國低收入戶中，部分家庭組織型態在1994年與2010年的占比，其中單親 家庭包含父（或母）加未婚子女；核心家庭則包含父母雙親加未婚子女。 表二 （單位：%） 年度 單身 夫婦兩人 單親家庭 核心家庭 祖孫兩代 混合家庭 1994 45.52 12.47 14.88 10.02 4.44 2.97 2010 37.92 2.79 29.22 14.68 2.76 1.66 根據表二資料，下列敘述何者正確？ (A)核心家庭是低收入戶家庭中的主要型態 (B)隔代教養家庭較,xuece-civ-109-4
分科測驗,xuece-civ,109,公民 5,公民,聯合國,D,R,S5,T6,C3,聯合國運作受大國否決權限制,聯合國是目前最重要、會員國最多的國際組織，也訂有據以運作的聯合國憲章，但 其運作及維護和平的功能卻屢遭質疑。例如：在敘利亞內戰中，美國、英國、法國 和俄羅斯等安理會成員國，曾分別支持政府軍和反政府軍；會員國北韓也在中國暗 助之下，多次置聯合國的禁令於不顧，進行核武試驗。關於聯合國上述運作及功能 的問題，下列詮釋何者最適當？ (A)運作問題根源在於會員國未必認同聯合國憲章 (B)運作的困境在於缺乏合法武力以解決內戰問題 (C)功能無法發揮係因會員國的國力差距過於懸殊 (D)功能,xuece-civ-109-5
分科測驗,xuece-civ,109,公民 6,公民,中國改革開放,A,R,S5,T2,C4,改革開放：引入市場機制,1978年鄧小平提出「對內改革、對外開放」的發展路線，開啟中國四十年來一系列 的經濟體制改革與開放。下列何者屬於此一系列的改革開放措施？ (A)讓農民擁有生產和分配的自主權 (B)將農地國有轉變為農民私人所有 (C)將大型國有企業開放由私人經營 (D)在各省廣設經濟特區以吸引外資,xuece-civ-109-6
分科測驗,xuece-civ,109,公民 7,公民,刑事偵查程序,C,E,S5,T2,C2,警察詢問要告知權利,甲涉嫌竊走乙的機車，某日乙看到甲騎行該機車，報警查獲，並被警察帶至派出所 作筆錄。下列警察作為，何者符合我國的法律規定？ (A)當警察查明甲沒有竊取機車事實，可向法官聲請釋放甲 (B)警察查明甲確有偷竊機車嫌疑後，可向法院聲請羈押甲 (C)警察報請檢察官許可後，得向該管法院聲請核發搜索票 (D)警察於法院審理該案件時，應負甲確有偷竊的舉證責任,xuece-civ-109-7
分科測驗,xuece-civ,109,公民 8,公民,刑事告訴,B,E,S5,T2,C2,竊盜非告訴乃論，檢察官可主動偵查,丙移動丁的摩托車時，被丁看到，大喊捉賊，後來丙被路人扭送警察局。據此，由 法律上的意義來看，下列何種情形對丙最有利？ (A)丁於警察受理該案件之後，自行向管轄法院提起自訴 (B)檢察官偵查終結後，因為罪證不足而作成不起訴處分 (C)檢察官偵查終結後，認為其罪證明確而聲請妥速審判 (D)檢察官偵查終結後，認為情有可原而作成緩起訴處分,xuece-civ-109-8
分科測驗,xuece-civ,109,公民 9,公民,行政罰,D,E,S5,T2,C2,連續違規可分別處罰：行政罰,某廠商連續在三天內每日的下午時段，於電視上播放其生產的化妝品廣告，被檢舉 影射該化妝品有醫療效果，主管機關經調查後認定廣告內容傷害消費者權益，因此 按電視廣告的次數，分別裁處罰鍰，致使該廠商應負擔的罰鍰金額達數千萬元。關 於主管機關的裁罰行為，依據國家行政應遵守的法律原則來看，下列評論何者最為 正確？ (A)主管機關的裁罰目的為維護公益，即使無法律明確依據，亦屬合法處分 (B)主管機關裁處高額罰鍰，如果能遏止廠商違法，即屬符合比例原則要求 (C)主管機關如未裁處該廠商與其他違,xuece-civ-109-9
分科測驗,xuece-civ,109,公民 10,公民,違憲審查,B,K,S5,T2,C2,違憲審查由大法官（憲法法庭）負責,憲法是國家基本大法，我國為了維護憲法，設置違憲審查制度，以防止國家行為破 壞憲法。關於我國違憲審查制度，下列敘述何者正確？ (A)為了維護憲法，除大法官外，普通法院之法官也有宣告法律違憲之權限 (B)為防止法律違憲，我國採用抽象法規審查制度，大法官可宣告法律違憲 (C)為防止司法干預地方自治，大法官無法接受直轄市政府聲請之釋憲案件 (D)為維護人權，人民可針對上訴案件同時提起釋憲，大法官不可拒絕審理,xuece-civ-109-10
分科測驗,xuece-civ,109,公民 11,公民,行為能力與責任能力,B,K,S0,T2,C2,民法行為能力與刑法責任能力的年齡不同,多數國家的立法會以年齡大小作為區分民法中的行為能力、刑法中的責任能力之標 準，並藉此來區分不同年齡者之行為的法律效果；也有和年齡無關的，像是民法上 的權利能力。依照我國法律上的相關規定，表三中的描述何者完全正確？ 表三 選項 年齡與身分 民法中的行為能力與權利能力 刑法中的責任能力 故意打傷了同學，必須負傷 10 歲的 獲得了父母的允許，可以將自己 害罪的刑事責任，但得減輕 (A) 小學生 的壓歲錢捐贈給慈善機關 其刑 13 歲的 以父母所給的零用錢付費搭乘 故意偷了同學的手,xuece-civ-109-11
分科測驗,xuece-civ,109,公民 12,公民,刑罰與人權,D,E,S5,T2,C2,以眼還眼的刑罰違反人性尊嚴,2008年間某國法院依據「以眼還眼」的宗教律法，對一名潑酸使人毀容並失明的被 告，科處滴酸使之失明的刑罰。不過，在執行之前，因為國際壓力強大而停止。下 列關於「以眼還眼」這種刑罰制度的敘述何者正確？ (A)「以眼還眼」講求罪犯罪責與刑罰的相當，因而符合司法正義的應報觀 (B)「以眼還眼」在犯罪率高的時期符合社會需求，因此不會過度侵犯人權 (C)「以眼還眼」的刑罰在現代法治國家中僅能透過立法的方式承認 (D)「以眼還眼」違反《公民與政治權利國際公約》禁止酷刑的規定,xuece-civ-109-12
分科測驗,xuece-civ,109,公民 13,公民,消費行為（百元商店）,A,R,S5,T2,C4,低價商品吸引消費者,臺灣的十元商店、日本的百元商店和美國的一元商店，在近年得到不少消費者喜愛。 下列何者最不可能是造成此現象的原因？ (A)消費大眾預期此類商品仍有降價空間，因此提高該產品之需求量 (B)廠商重新定位產品市場，發現消費者對這些商品存有不小的需求 (C)新興國家的勞動力充沛，而且工資低廉，可以提供全球市場低價產品 (D)廠商盲目擴充產能，但是消費者需求不振，供過於求的情況相當嚴重,xuece-civ-109-13
分科測驗,xuece-civ,109,公民 14,公民,GDP,C,R,S5,T2,C4,能提高 GDP 的是購買財貨勞務的支出,在政府的各項支出中，有些支出有助於提高國內生產毛額（GDP），有些則不會。 下列各項政策，何者有助於提高一國的國內生產毛額？ (A)刪減失業救濟金額度 (B)削減政府公債發行量 (C)建造政府的辦公大樓 (D)購買外國生產的武器,xuece-civ-109-14
分科測驗,xuece-civ,109,公民 15,公民,外部效果,D,R,S5,T2,C4,違章工廠有外部成本、教育有外部效益,近年來有許多涉及外部效果的社會議題，例如在農地上的違規工廠、教育資源的投 入是否適當等。以下相關敘述，何者正確？ (A)違規工廠危害農地具有外部成本，因此會導致這些工廠的產量少於社會的最適 數量 (B)教育資源的投入會產生外部效益，因此會導致這項投入量高於社會的最適投入 數量 (C)違規工廠所生產產品的價格，將比社會福利最大時候的價格高 (D)教育資源的投入量如果不足，社會福利水準無法達到最佳狀態,xuece-civ-109-15
分科測驗,xuece-civ,109,公民 16,公民,股價指數,A,R,S5,T2,C4,股價指數反映整體市場價值變化,臺灣證券交易所編制的股價指數，是臺灣股票市場整體價值變化的參考指標。編制 股價指數除需選定基期外，各上市公司股票市價以及股票發行量等，為計算時納入 之因素。若當各上市公司之股票市價漲跌幅度一致時，下列上市公司之特性，何者 對股價指數的變化影響最明顯？ (A)股票發行量愈多者 (B)股票成交量愈高者 (C)股東人數愈多者 (D)發展前景愈佳者,xuece-civ-109-16
分科測驗,xuece-civ,109,公民 17,公民,生活成本指數,C,D,S2,T5,C5,由生活成本指數比較城市物價,"表四為摘錄某全球物價參考網站有關臺灣甲、乙、丙三個城市的整體物價水準（生 活成本指數），單身個人在這些城市的每月生活成本（單位為新臺幣），以及不動產 價格相對於所得之比例（不動產價格相對所得比）。若儲蓄為薪資扣除生活成本後 之剩餘部分，根據表四資料，對每月薪資為新臺幣三萬元之單身個人上班族而言， 下列敘述何者正確？ 表四 生活成本指數 單身個人每月生活成本 不動產價格相對所得比 甲市 23,360 元 62.81 36.89 乙市 20,162 元 55.14 19.81 丙",xuece-civ-109-17
分科測驗,xuece-civ,109,公民 18,公民,選舉與族群投票,C,D,S2,T4,C5,由族群投票判斷政黨政治,依據表中資料判斷該國的政黨政治情況，下列推論何者最可能？ (A)得票數較低政黨之族群支持較平均 (B)甲族群投綠黨的人稍多於投社會黨 (C)較小的兩個族群最支持之政黨相同 (D)社會黨最主要支持者屬於少數族群,xuece-civ-109-18
分科測驗,xuece-civ,109,公民 19,公民,聯合內閣,A,D,S2,T4,C5,沒有政黨過半：聯合內閣,若僅考慮各黨得票率和族群支持分布，下列何者最可能是該國選後的國會政治生 態？ (A)社會黨與自由黨合作組織聯合內閣 (B)社會黨與保守黨合作組織聯合內閣 (C)國內各政黨因族群立場而難以合作 (D)綠黨將會成為國會生態中關鍵少數,xuece-civ-109-19
分科測驗,xuece-civ,109,公民 20,公民,種族隔離,C,E,S1,T2,C7,隔離與強迫勞役：種族歧視,下列敘述何者最能說明德國納粹政權對猶太人實施隔離及勞役措施？ (A)建構社會安全的體系 (B)維持族群的生活風格 (C)實施種族優生與淨化 (D)塑造文化資本的積累,xuece-civ-109-20
分科測驗,xuece-civ,109,公民 21,公民,社會運動,B,E,S1,T2,C6,猶太青年有組織的反抗：社會運動,下列哪個概念最能說明上述猶太青年的反抗活動？ (A)社會倡議 (B)社會運動 (C)無政府主義 (D)公民不服從,xuece-civ-109-21
分科測驗,xuece-civ,109,公民 22,公民,內閣制國會運作,C,R,S5,T2,C3,聯合政府：政策需協商,依據上文資料，在公共政策的制定過程，該國國會運作生態何者最為可能？ (A)因應全球貿易戰，丙戊兩黨合作訂定進口民生物資的價格上限 (B)為免國際移工壓縮工作機會，甲乙丁三黨合作以限制移工人數 (C)面對國內低迷的就業環境，丙黨和丁黨攜手合作以降低失業率 (D)意識形態呈現M型雙峰分配，甲己兩黨主導社會福利立法走向,xuece-civ-109-22
分科測驗,xuece-civ,109,公民 23,公民,政黨意識型態,A,R,S5,T7,C3,取消最低工資：右派政黨,依據題文資訊判斷，下列哪種政黨合作最可能主張取消最低工資限制和降低雇主負 擔勞工保險比例？ (A)丁戊己 (B)乙丁戊 (C)乙丙丁 (D)甲乙丙,xuece-civ-109-23
分科測驗,xuece-civ,109,公民 24,公民,修憲與政府體制,A,R,S5,T2,C3,修憲擴大總統權力,上述修憲工程對我國現行政府體制運作的影響，下列推論何者最適當？ (A)總統擁有更堅強的民意基礎支持，行政院長的副署權則產生弱化的效果 (B)立委候選人必須同時爭取兩張選票的支持才能當選，選舉競爭更為激烈 (C)行政院長在立法院否決重大政策時可逕行解散國會，藉此有效制衡國會 (D)司法院擁有總統的彈劾權，對總統產生制衡監督力量可避免其權力過大,xuece-civ-109-24
分科測驗,xuece-civ,109,公民 25,公民,憲政體制爭議,B,R,S5,T2,C3,行政院長由誰任命、對誰負責是體制爭議所在,上述這些制度改革中，何者與我國目前究竟是屬於總統制、內閣制或雙首長制的爭 議論點最為相關？ (A)甲丙戊 (B)甲乙丁 (C)甲乙戊 (D)乙丙丁,xuece-civ-109-25
分科測驗,xuece-civ,109,公民 26,公民,勞基法與媒體勞工,D,E,S5,T2,C2,記者也受勞基法保障,關於上述案例所涉及的媒體勞工權益問題，下列敘述何者正確？ (A)記者薪水較一般人高，加班為其高薪之義務，不在勞基法保障範圍 (B)記者得組工會與老闆協商，但為保障民眾權益，罷工須經政府許可 (C)媒體可主張契約自由，要求政府不應介入其與員工之勞動契約關係 (D)媒體不得拒絕政府進行勞檢，因政府基於保護勞工可限制私法自治,xuece-civ-109-26
分科測驗,xuece-civ,109,公民 27,公民,依法行政,D,E,S5,T2,C2,勞動檢查與裁罰依法行政,上述案例中政府的勞動檢查與裁罰行為，與下列何種法律原則關係最密切？ (A)不告不理原則 (B)罪刑法定原則 (C)契約自由原則 (D)依法行政原則,xuece-civ-109-27
分科測驗,xuece-civ,109,公民 28,公民,量化寬鬆,D,R,S5,T2,C4,央行降息、增加貨幣供給：寬鬆貨幣政策,下列臺灣歷年曾採行之措施，何者與上述國家所採行之量化寬鬆政策的性質相同？ (A)因應1970年代第一次石油危機之衝擊，推動十大建設 (B)因應2008年全球金融風暴，於2009年對國民發放消費券 (C)因應2020年疫情影響，以國家安定基金進場股票市場護盤 (D)因應農曆新年市場對資金的需求，於公開市場買進政府公債,xuece-civ-109-28
分科測驗,xuece-civ,109,公民 29,公民,量化寬鬆的效果,B,R,S5,T3,C4,量化寬鬆增加貨幣供給，可能造成資產泡沫,根據文中對量化寬鬆政策的描述，以下有關此政策的敘述何者正確？ (A)量化寬鬆措施將資金挹注進入金融體系，能夠激勵各國股價指數持續上揚 (B)在量化寬鬆政策影響投資、消費以提振經濟的過程，銀行扮演著重要角色 (C)只要貨幣政策當局持之以恆，就能透過量化寬鬆政策達到提振經濟的目標 (D)考量美、日與歐洲等為臺灣重要貿易夥伴，因此行政院也跟進採行此政策,xuece-civ-109-29
分科測驗,xuece-civ,109,公民 30,公民,機會成本,A,D,S2,T5,C5,買股票放棄的是存款利息,根據以上資料，請問該投資人購買股票的機會成本為多少？ (A)兩萬元的利息收入 (B)賣出股票之三萬元的預期報酬 (C)賣出股票之兩萬五千元的實際報酬 (D)兩萬元的利息收入加上賣出股票之三萬元的預期報酬,xuece-civ-109-30
分科測驗,xuece-civ,109,公民 31,公民,投資風險,A,D,S2,T5,C5,股票有價格波動風險,根據以上資料，有關該投資人的理財行為，下列敘述何者正確？ (A)賣出股票實際獲利與原先的預期不符，顯示投資股票存在一定的風險 (B)賣出股票實際獲利高於存款利息收入，顯示投資股票的風險低於存款 (C)操作股票預期獲利高於存款利息收入，顯示投資股票的獲利總是較高 (D)若賣出股票實際獲利等於存款利息收入，顯示投資股票之決策是錯的,xuece-civ-109-31
分科測驗,xuece-civ,109,公民 32,公民,GDP 與家務勞動,D,R,S5,T2,C4,GDP 不計算家務勞動,該組織第一項數據顯示女性對GDP之貢獻程度並未妥當呈現出來，其理由是GDP在 計算時並未包含下列何者？ (A)地下經濟 (B)外部成本與效益 (C)生活品質之變動 (D)非市場交易之產出,xuece-civ-109-32
分科測驗,xuece-civ,109,公民 33,公民,性別主流化,B,E,S2,T2,C5,性別主流化：政策考量性別影響,若採納性別主流化觀點，檢視該國勞動參與率和家務勞動相關數據，那麼該組織最 可能倡議的政策為何？ (A)保障勞動市場中的男女同工同酬 (B)推動就業父母均享育嬰假之政策 (C)制訂法令實現就業多元性別平等 (D)擴大育幼以及照護勞動產業規模,xuece-civ-109-33
分科測驗,xuece-civ,109,公民 34,公民,托育公共化,C,E,S5,T2,C3,托育公共化：政府提供平價托育,依據題文資訊，若該國政府施政欲回應其民間倡議組織對「托育公共化」的主張， 從解決民眾問題與社會重分配的角度切入，下列哪項政策最符合「促進人民福祉與 維護公平正義」的統治正當性？ (A)收購私立托育機構將其轉型為公立 (B)降低托育從業門檻並獎助投入產業 (C)發放育兒家庭托育補助或育兒津貼 (D)補貼民間托育業者擴大托育的規模,xuece-civ-109-34
分科測驗,xuece-civ,109,公民 35,公民,性別與強暴迷思,C,E,S5,T4,C7,破除強暴迷思，不怪罪受害者,該學者根據其研究發現，最可能進一步提出哪項性別平等的主張？ (A)僅譴責受害者言行屬不公平的雙重標準，應一併檢討加害者的言行 (B)男性具資源優勢，且為女性受侵害之加害者，因此社會應予以譴責 (C)性侵害現象之根源為權力不平等，故應積極改善各項性別權力結構 (D)女性受害比例較高，說明其體力屬弱勢，因此國家須積極立法保護,xuece-civ-109-35
分科測驗,xuece-civ,109,公民 36,公民,性侵害法制,B,K,S5,T2,C2,性侵害改為非告訴乃論,法律的規定彰顯出社會價值觀，因此我國針對性侵害行為的處罰，歷經重要立法修 正。下述修正項目，何者最符合該學者的主張？ (A)明訂加害人必須接受強制治療與輔導教育，以預防再犯 (B)修正罪章名，強調性侵害乃損害性自主權而非社會風俗 (C)大幅提高相關刑責，以昭告社會並形成嚇阻作用 (D)增列受害人檔案之保密規定，保護其免再次受辱,xuece-civ-109-36
分科測驗,xuece-civ,109,公民 37,公民,憲法人權（酒類管制）,B,E,S5,T2,C2,管制酒類要符合比例原則,如以我國憲法人權保障之觀點來評論這些措施，下列哪項敘述正確？ (A)因酒類危害人體健康，故依法要求酒類包裝記載警語，並未限制人民自由 (B)透過酒類規費來增加飲酒者消費負擔，係以限制人民財產來追求社會公益 (C)因酒類會嚴重傷害人民健康，故飲酒者並無飲酒自由，公共場所禁酒合憲 (D)因修法全面禁止飲酒有助維護人民健康權，因而此一作法並不會侵害人權,xuece-civ-109-37
分科測驗,xuece-civ,109,公民 38,公民,規費與供需,A,D,S2,T3,C5,課規費使供給減少、價格上升,若以P代表酒類價格，Q代表酒類交易量，S1、D1為課徵酒類規費前，酒類市場的 供給線與需求線，S2、D2為課徵酒類規費後，酒類市場的供給線與需求線。根據 題文內容，在偏好不變下，有關課徵酒類規費，對酒類市場供給或需求的影響，下 列何者正確？ (A) (B) (C) (D) P P P P S1 S1＝S2 S1 S2 S2 S2 S1 D2 D1 D1＝D2 D1＝D2 D2 D1 Q Q Q Q,xuece-civ-109-38
分科測驗,xuece-civ,109,公民 39,公民,媒體近用權,ABC,E,S5,T2,C7,多選：媒體近用權的內涵,媒體「近用權」的主張，在於平衡媒體與被報導人之間的不平等關係，或平衡主流 社會與常被忽略的社會弱勢或多元群體間的資訊不平等問題。下列哪些情境符合 「媒體近用權」的概念？ (A)某藥房因媒體對其囤積口罩圖謀暴利的報導有誤，請媒體提供公開答辯機會 (B)偏鄉農地長年受不明來源汙染，農民拍攝影片並利用媒體平臺「爆料」自救 (C)原住民族部落舉辦傳統祭儀活動，長老請電視臺播放族人所拍攝之活動影片 (D)某大電子公司辦理年終尾牙，邀請知名演藝人員登臺助興，並請電視臺報導 (E)電視綜藝,xuece-civ-109-39
分科測驗,xuece-civ,109,公民 40,公民,民意代表比較,CD,K,S5,T7,C1,多選：立委與縣市議員的比較,立法委員和縣市議員分屬我國中央與地方政府的民意代表。有關這兩者的比較，下 列敘述哪些正確？ (A)選舉制度和任期與總統相同 (B)應選名額均依人口比例計算 (C)選上之後兩者都是公職人員 (D)都具有審議政府預算之職權 (E)都可對首長提出不信任投票,xuece-civ-109-40
分科測驗,xuece-civ,109,公民 41,公民,刑事被告權利,ABC,K,S5,T2,C2,多選：刑事被告的權利,甲販賣毒品中被警察發現而以現行犯逮捕。甲向警員提出下列主張，何者屬於甲受 現行法律規定保障之權利？ (A)甲可以保持緘默，不必違背自己意思而為陳述 (B)甲可於被逮捕後，得要求選任辯護人到場協助 (C)甲可要求未著制服警員出示證件表明警察身分 (D)甲可要求警員公開調查犯罪的相關過程與結果 (E)甲可要求警員出示拘票，否則不得拘束其自由,xuece-civ-109-41
分科測驗,xuece-civ,109,公民 42,公民,婚姻的效力,CD,K,S5,T2,C1,多選：婚姻的效力,甲男與乙女於婚後依民法規定發生一定的權利義務關係，下列關於二人間權利義務 內容之敘述何者正確？ (A) 甲與乙依法須共同居住，除有正當理由，乙必須搬去甲的住所 (B)為表明已婚的身分，乙須前往戶政事務所改名冠上配偶之姓氏 (C)雙方未約定財產制，那麼兩人婚後的財產，將由夫妻各自所有 (D)甲與乙婚後生下小孩，必須由雙方共同約定來決定小孩的姓氏 (E)若兩人管教子女產生歧見時，為避免無法定奪，應由母親決定,xuece-civ-109-42
分科測驗,xuece-civ,109,公民 43,公民,國家賠償,BDE,K,S5,T2,C1,多選：國家賠償的要件,依據我國國家賠償法，在一定條件下，人民得請求國家賠償。下列何者屬於國家應 負賠償責任之案例？ (A)國家基於興建道路之必要，徵收私人土地，依法給該地地主土地價金 (B)消防局未依法定期檢查工廠防火設施，導致失火時人員財物損失慘重 (C)國家公務員基於私人用途向商店購買文具用品，卻遲未給付文具貨款 (D)海關扣押貨物未予以妥善保管，致使貨物發霉損壞，造成所有人損失 (E)因鄉公所未能妥善維護路燈，造成路燈漏電，使附近居民觸電而受傷,xuece-civ-109-43
分科測驗,xuece-civ,109,公民 44,公民,公共財與準公共財,BCE,R,S5,T2,C1,多選：公共財與準公共財的區分,具有非敵對性（或稱共享性）之財貨，根據其具備排他性與否，可分為公共財與準 公共財。下列是有關這兩種財貨之相關敘述，何者正確？ (A)公立大學在校學生住同一宿舍、使用公共衛浴，故學校宿舍是一種公共財 (B)付費有線電視節目具備非敵對性，但具排他性，故是屬於準公共財的財貨 (C)廠商不具提供公共財誘因，故政府應扮演生產者角色促進社會利益最大化 (D)公海漁業資源產權無法確定，故當達到濫捕情況時，此項資源即屬公共財 (E)我國高速公路屬準公共財，而且在行車流量變多時，便會出現擁擠的,xuece-civ-109-44
分科測驗,xuece-civ,109,公民 45,公民,失業率,AE,D,S2,T5,C5,多選：比較不同族群的失業率,表六為臺灣於2007年至2016年間，以教育程度與年齡層等類別，所區分之失業率變 化，其中2008年曾發生全球金融風暴，對失業率產生影響。根據表六所作之敘述， 以下何者正確？ 表六 （單位：%） 教育程度 年齡層 年 國中及以下 高中、高職 大專及以上 15-24 歲 25-44 歲 45-64 歲 2007 3.22 4.31 4.00 10.65 3.86 2.24 2008 3.76 4.34 4.21 11.81 4.02 2.54 2009 5.84 6.19 5.,xuece-civ-109-45
分科測驗,xuece-civ,109,公民 46,公民,印度種姓與階層,ACD,E,S5,T2,C1,多選：印度種姓與社會階層,根據題文判斷，下列對於印度社會的分析，哪些推論較為適切？ (A)如果要完全打破傳統世襲職業、階級與社會隔離，只靠提升底層階級的教育程 度仍然不足 (B)印度的階級問題，主要因為傳統經濟分工以及財富分配不公，所導致的貧富差 距過大問題 (C)傳統文化對於「不潔」的價值聯想，生活空間的隔離安排，使得公民平等的理 想難以落實 (D)雖然憲法廢除賤民階級，但為增進底層民眾社會發展權益，必須明訂底層人民 的身分識別 (E)達利特婦女的社會處境相較於其他階級之婦女，其條件較能夠提升達利特,xuece-civ-109-46
分科測驗,xuece-civ,109,公民 47,公民,社會企業與性別,CDE,E,S5,T2,C7,多選：社會企業改善性別不平等,根據題文推論，下列哪些是Sakha希望達成的目的？ (A)以商業模式來打破兩性之間的社會隔離及歧視 (B)改變底層婦女為中高階婦女與家庭工作的傳統 (C)改變社會大眾對於女性勞動行業的刻板化印象 (D)提升印度婦女投入勞動市場就業的機會與意願 (E)提供弱勢家庭脫離貧困及改善社會地位的機會,xuece-civ-109-47
分科測驗,xuece-civ,109,公民 48,公民,社會階層化政見,CD,E,S5,T2,C1,多選：針對社會階層化的政見,上述整理中，哪些候選人的政見是針對社會階層化的議題？ (A)候選人甲 (B)候選人乙 (C)候選人丙 (D)候選人丁 (E)候選人戊,xuece-civ-109-48
分科測驗,xuece-civ,109,公民 49,公民,地方政府政策,CDE,E,S5,T2,C3,多選：屬於地方政府執行層面的政見,上述整理中，哪些候選人的政見比較屬於地方政府政策執行層面的問題？ (A)候選人甲 (B)候選人乙 (C)候選人丙 (D)候選人丁 (E)候選人戊,xuece-civ-109-49
分科測驗,xuece-civ,109,公民 50,公民,政策過程,AD,E,S5,T2,C1,多選：政策形成的議程設定階段,就政策過程階段而言，上述候選人甲倡議《高齡友善環境法》時所屬的階段，與下 列何者屬於相同的階段？ (A)禁菸團體陳情要求修法以全面禁菸 (B)立法委員提案表決所得稅法修正案 (C)行政院會議討論農田水利法的草案 (D)機車團體遊行爭取機車行駛蘇花改 (E)教育部為修訂課綱而進行先導研究,xuece-civ-109-50
分科測驗,xuece-civ,110,公民 1,公民,比例原則（口罩）,B,E,S5,T2,C1,強制戴口罩要符合比例原則,為了防疫，多國政府皆要求人民外出戴上口罩，但部分人士主張，國家強制戴口罩， 乃干涉個人自由，損害個人權益。若從「調和私益與公益之適當比例有助於推動社 會發展」的觀點來看，下列敘述何者最符合此一觀點？ (A)如若一國的政治傳統強調集體利益大於私益，就不須計較個體私益 (B)公民參與檢視國家口罩政策適切性，有助公益與個人利益達成均衡 (C)戴不戴口罩反映公益與其他利益衝突，國家應擁有強制力制定規範 (D)以追求公共利益最大化為名主張強制戴口罩，能得到最多人民支持,xuece-civ-110-1
分科測驗,xuece-civ,110,公民 2,公民,文化相對與人權,A,E,S5,T2,C7,割禮侵害人權，不能以文化相對為由,某國傳統部落有對少女進行割禮的成年儀式，造成眾多未成年女孩在生殖器切割過 程中失血過多或感染致死。有國際公益組織對該國施壓要求禁止此習俗，但也有不 同的主張認為這是當地人重要的文化傳統，外人應尊重且不干預。從下列有關人權 及多元文化的不同說法中，判斷何者為最有力的「廢除割禮」主張？ (A)為維護兒童發展權益，應保障其免受任何制度對身體的侵害 (B)廢除割禮有助於提升醫療衛生，促進落後傳統習俗的發展權 (C)伴隨社會變遷，人權發展應重視平衡天賦人權與傳統文化 (D)在多元文化原,xuece-civ-110-2
分科測驗,xuece-civ,110,公民 3,公民,媒體監督團體,C,E,S5,T2,C7,監督媒體的公民團體,媒體影響力日益擴大，許多閱聽民眾組成非營利、非政黨的公民團體，擔負監督媒 體角色並以行動增進社會公益。下列行動何者最接近上述概念的落實？ (A)某人於網路貼出虐待動物照片，網友合力發動肉搜，揭露虐待者身分 (B)某青年創業家接受採訪其創業歷程，因發現報導有誤，要求媒體更正 (C)某媒體出現歧視身障者標題，公民團體發動抗議，要求媒體承諾改善 (D)環保團體結合媒體力量揭露某公司排放有毒廢水，要求政府介入調查,xuece-civ-110-3
分科測驗,xuece-civ,110,公民 4,公民,兩性勞動參與,D,D,S2,T5,C5,由年齡層比較兩性勞動參與,某國研究者對於兩性的不平等現象是否會因為年齡層而改變的議題，進行研究，依 據年齡層差異，呈現兩性勞動參與率的變化，結果如下圖。根據該圖，該研究者最 可能做出以下何項推論？ (A)不論年齡層，女性的失業率均較男性為高 (B)不論年齡層，女性平均工資所得較男性低 (C)高齡層的女性，平均就業機會較男性更多 (D)高齡層的女性，相較男性更容易落入貧窮,xuece-civ-110-4
分科測驗,xuece-civ,110,公民 5,公民,多元文化政策,B,E,S5,T2,C2,多元文化政策不只欣賞，還要保障權利,某教師提醒同學「多元文化政策」的用意並不是只有行為上表示欣賞或尊重群體差 異，而是藉由公共政策的資源分配力量，促進不利群體的文化發展與平等參與社會 的權利。下列同學所蒐集到的資訊，何者最能突顯上述教師所述的相關政策？ (A)政府透過BOT方式，獎勵企業興建具原民風格的渡假村振興觀光產業 (B)政府立法要求公共電視於主要的時段，提供手語新聞或手語翻譯服務 (C)政府補助社區大學授課，鼓勵文史工作者研究社區或部落發展的歷史 (D)政府於工業區內興建國際移工宿舍，提供移工舒適且安全,xuece-civ-110-5
分科測驗,xuece-civ,110,公民 6,公民,經濟發展趨勢,A,D,S2,T5,C5,由發展趨勢判斷經濟結構,已知某國在過去40年來的經濟與社會發展，有以下趨勢：（1）國民平均教育程度與 國民平均所得提高，（2）GDP成長依賴出口帶動及外人投資，（3）房地產價格上漲 幅度遠超過薪資所得上漲幅度。假設該國有研究者又發現，在此同期，25歲以上的 人口當中，不論年齡或世代，子女代的職業與教育程度，和父母代的職業與教育程 度的關連性，有微幅下降的趨勢，但高教育程度父母對子女日後職業地位與所得的 影響則有上升情形。該研究者擬提出下列四個結論，請指出其中最不可能正確的一 個為何？ (A)年輕世代,xuece-civ-110-6
分科測驗,xuece-civ,110,公民 7,公民,性騷擾防治,B,E,S5,T2,C1,性騷擾防治從職場擴及校園與公共場所,關於性騷擾防治的立法行動，很多先從工作場所的檢討防治開始，接著才進一步將 範圍擴大到其他非工作場所。學者指出這與立法推動者首先意識到發生性騷擾的根 本問題不在性別，而是不平等的問題。下列敘述何者最能支持此學者的觀點？ (A)職場中的男性常占有人數優勢，女性易成為被騷擾的受害者 (B)職場中普遍存在權力從屬關係，容易發生上對下的騷擾事件 (C)職場要求團隊合作，壓力迫使人們容易忽視困擾的騷擾言行 (D)職場平等屬人民就業保障基本權利，國家推動立法比較容易,xuece-civ-110-7
分科測驗,xuece-civ,110,公民 8,公民,自治條例,C,E,S5,T2,C1,自治條例的權限範圍,假設我國某直轄市政府為落實節能減碳，希望透過自治條例規範該市營業及辦公場 所室內冷氣平均溫度須保持在攝氏26度以上，否則將依規定處罰。依據題文資訊， 有關前述法規涉及的各層級政府權責及地方治理，下列敘述何者正確？ (A)屬於中央政府委託地方政府辦理的事項 (B)市政府採取公私協力方式執行節能減碳 (C)該項法規須經該直轄市市議會議決通過 (D)其他縣市可透過跨縣市合作施行該條例,xuece-civ-110-8
分科測驗,xuece-civ,110,公民 9,公民,主權,B,R,S5,T2,C1,國家展現主權的作為,主權代表一個國家在國際上具有獨立自主的地位，各國均會利用各種作為來展現國 家的主權。下列政府作為，何者最能彰顯我國的主權地位？ (A)經濟部回應德國請求，協調廠商增產晶片 (B)海巡署派遣船艦在專屬經濟海域實施護漁 (C)衛福部長受邀列席世界衛生大會（WHA） (D)外交部捐贈口罩給全球疫情嚴重的國家,xuece-civ-110-9
分科測驗,xuece-civ,110,公民 10,公民,中央政府體制,D,R,S5,T2,C3,總統直選、有任期：總統制特徵,有學者主張：我國現行的中央政府體制設計，具有總統制的特徵。下列哪項制度設 計最能支持此項主張？ (A)總統候選人可採取公民直接連署產生，無須政黨推薦 (B)行政院長須向立法院負責，提出施政報告和接受質詢 (C)立法院通過行政院長不信任案後，總統得解散立法院 (D)立法院有監督行政院之權，且立法委員不得兼任官吏,xuece-civ-110-10
分科測驗,xuece-civ,110,公民 11,公民,預算與覆議,C,E,S5,T2,C2,行政院不能刪減法定支出,若行政院將下年度預算案送立法院審議時，以撙節開支之名義，將公務員減薪百分 之三。消息披露後輿論譁然且立委意見分歧無法達成共識；為避免嚴重延誤預算案 審查，下列何者為符合我國現行法制之變更途徑？ (A)由立法院委員會重編預算交由院會三讀通過 (B)由考試院銓敘部依公務員考績辦法重編預算 (C)由行政院撤回預算案重編後再重送立法院審議 (D)由政黨發起公民投票決定是否同意減薪預算案,xuece-civ-110-11
分科測驗,xuece-civ,110,公民 12,公民,大法官解釋,A,K,S5,T2,C2,大法官解釋補充憲法的不足,因時空環境演變，憲法條文的原則性或抽象性規定，可能會出現保障人民權利不足 之情形。以我國為例，為彌補憲法保障之不足，在未修憲的前提下，除經由大法官 解釋以外，尚可經由下列哪個途徑來彌補屬最完備？ (A)立法院制定法律 (B)行政院頒布命令 (C)監察委員提糾正案 (D)總統召集國是會議,xuece-civ-110-12
分科測驗,xuece-civ,110,公民 13,公民,兩岸關係,C,R,S5,T6,C8,兩岸關係的不確定性,臺海兩岸關係長久以來充滿不確定性，而且中國大陸會提出我方難以接受的主張； 不但與臺灣多數民意相距甚遠，甚至導致兩岸關係緊張。下列何者屬於中國大陸提 出的此類主張？ (A)和平發展 (B)一中各表 (C)一國兩制 (D)戒急用忍,xuece-civ-110-13
分科測驗,xuece-civ,110,公民 14,公民,中國政治,D,R,S5,T6,C8,取消連任限制：權力集中,中國全國人民代表大會於2018年通過憲法修正案，取消國家主席連任次數限制，使 其與中國共產黨總書記、中央軍事委員會主席皆無連任限制。有關此一修憲所造成 的影響，下列敘述何者正確？ (A)國家主席接任人選制度化以確保國家領導職務長期穩定 (B)國家主席取代中國共產黨總書記成為最有權力的領導人 (C)使國家元首無須再經全國人民代表大會的選舉即可續任 (D)使中國大陸自建國後長期「以黨領政」的體制更為鞏固,xuece-civ-110-14
分科測驗,xuece-civ,110,公民 15,公民,地方財政與自治,D,E,S5,T2,C1,地方財政困難，政見要考量財源,某縣少子女化問題嚴重且財政困窘。某新當選縣長為兌現選前政見，減輕家庭養育 子女負擔，決定免費提供全縣國中小學生營養午餐，並向縣內餐飲業課徵自創的「縣 長午餐稅」。依據題文資訊，該縣長的課稅措施最可能違反下列行政法的哪一項原 則？ (A)平等原則 (B)比例原則 (C)正當程序原則 (D)法律保留原則,xuece-civ-110-15
分科測驗,xuece-civ,110,公民 16,公民,土地徵收,A,E,S5,T2,C2,地下穿越影響土地利用，須依法補償,甲行政機關欲興建高速公路，某路段將穿越乙所有的山坡地下方，影響乙對此土地 的利用。關於本件可能涉及的土地徵收問題，下列敘述何者正確？ (A)若逾越一般社會義務忍受範圍，形成個人特別犧牲，乙得請求甲徵收土地 (B)為促進土地有效利用，徵收達成的公益大於私益，故乙不能請求損失補償 (C)興建公路符合公益，但所有權受憲法保障，甲應取得乙同意才能徵收土地 (D)基於所有權的社會義務，甲行政機關可要求乙履行其義務，無須給予補償,xuece-civ-110-16
分科測驗,xuece-civ,110,公民 17,公民,刑罰謙抑,B,E,S5,T2,C2,刑罰是最後手段：謙抑原則,某國常出現虐待貓狗的新聞，因手段殘忍引發輿論撻伐，並出現應立法以刑罰加以 處罰之主張。有學者表示要解決此類問題，仍應以輔導行為人心理為主，刑罰不一 定能嚇阻犯罪。下列何者最能說明該學者的立場？ (A)刑罰應報理論 (B)刑法之謙抑性 (C)一般預防理論 (D)刑法從輕原則,xuece-civ-110-17
分科測驗,xuece-civ,110,公民 18,公民,著作權,B,E,S5,T2,C1,著作人格權不能轉讓,甲以筆名在網路上發表小說，廣受歡迎，吸引出版社以重金買斷該小說的著作財產 權，出版紙本書。其後，甲發現另一位網路作家乙，將小說全文抄襲，用乙的名義 另行發表在網路上。下列關於此著作權事件的法律評論，何者正確？ (A)因著作財產權不可轉讓，甲可主張乙的行為造成其損失 (B)因甲擁有著作人格權，可主張乙抄襲的行為侵害其權利 (C)因甲是著作權人，出版社不能向乙主張著作權相關權利 (D)因乙並沒有將抄襲內容拿去販賣獲利，故未侵害甲權利,xuece-civ-110-18
分科測驗,xuece-civ,110,公民 19,公民,法律位階（自治條例）,C,E,S5,T2,C2,自治條例不能牴觸中央法律,我國甲市政府為滿足市民與企業對移工的勞力彈性需求，制定《管理外籍移工轉換 雇主自治條例》，某移工乙雖依該條例轉職，然移民署則認為乙已違反中央法令逾 期居留，故予以收容，限制乙之人身自由。乙委請律師提起訴訟。依上述題文，關 於本案之爭議，下列哪一種情況發生時，可以聲請釋憲？ (A)律師若認為甲市政府有違法濫權行為時 (B)經立法委員現有總額四分之一以上決議 (C)乙若認為確定終局判決適用的法令違憲 (D)移民署若確信一審判決有牴觸憲法疑義,xuece-civ-110-19
分科測驗,xuece-civ,110,公民 20,公民,實質報酬,C,D,S2,T5,C5,實質報酬＝名目報酬減通膨,某甲將100萬元投資於購買股票，一年後賣出獲得110萬元。在這一年裡，消費者物 價指數由100上升至104，而存款利率皆維持在3%的水準。依據題文資訊，判斷下列 敘述何者正確？ (A)實質利率高於通貨膨脹率 (B)實質利率高於投資股票的實質報酬率 (C)投資股票的實質報酬率高於存款利率 (D)通貨膨脹率高於投資股票的名目報酬率,xuece-civ-110-20
分科測驗,xuece-civ,110,公民 21,公民,泡沫經濟,C,R,S5,T2,C6,資產價值超越實體經濟：泡沫經濟,當資產價值因投機活動或市場預期而不斷提升，超越實體經濟的支撐以致於無法持 續發展並快速下跌，即呈現一個泡沫經濟的過程。如以股票市場為例，下圖為某國 國內生產毛額（GDP）和股市總市值的年資料，下列哪一段期間最可能呈現股市泡 沫的過程？ (A) 1991年至1993年 (B) 1992年至1994年 (C) 1993年至1995年 (D) 1994年至1996年 （年）,xuece-civ-110-21
分科測驗,xuece-civ,110,公民 22,公民,失業類型,A,R,S5,T2,C1,技術取代人力：結構性失業,由於機器人及人工智慧技術的突飛猛進，引發人們對於未來可能發生大規模失業的 擔憂。以下有關失業的敘述何者正確？ (A)裝配人員因生產線改採用機器人而失業，屬於結構性失業 (B)詢問台服務員因使用導覽機器人而失業，屬於摩擦性失業 (C)企業採用人工智慧而減少招聘新員工，將提高循環性失業 (D)因應自動化生產主動離職就學以提高技能，為摩擦性失業,xuece-civ-110-22
分科測驗,xuece-civ,110,公民 23,公民,貨幣政策,A,D,S2,T5,C5,通膨升高時央行採緊縮,下圖為某國2003年第一季至2012年第四季的通貨膨脹率走勢變化，下列哪一段期間， 該國央行最可能以調降存款準備率政策因應當時的物價問題？ (A) 2004年 (B) 2008年 (C) 2009年 (D) 2011年,xuece-civ-110-23
分科測驗,xuece-civ,110,公民 24,公民,框架效果,D,E,S5,T2,C7,媒體強調特定面向：框架效果,依據題文，媒體對民意的導引作用最接近下列何者？ (A)沉默螺旋 (B)民意匯集 (C)議題設定 (D)框架效果,xuece-civ-110-24
分科測驗,xuece-civ,110,公民 25,公民,公共政策階段,A,R,S5,T2,C1,公共決策的政策規劃階段,依據題文，該縣免費停車格全面收費的政策，屬於公共決策過程的哪個階段？ (A)政策規劃 (B)政策合法化 (C)政策執行 (D)政策評估,xuece-civ-110-25
分科測驗,xuece-civ,110,公民 26,公民,少年事件,B,E,S5,T2,C2,少年犯罪依少年事件處理法,關於甲打傷乙行為，從刑事與少年事件法律問題的角度，下列敘述何者正確？ (A)甲雖未成年，但因乙傷重住院仍應受刑事處罰 (B)甲打傷乙可能遭法院作成交付保護處分之裁定 (C)甲欺負同學之情節嚴重，應加重刑罰以避免再犯 (D)甲未滿十四歲，因欠缺責任能力不須受法院審理,xuece-civ-110-26
分科測驗,xuece-civ,110,公民 27,公民,限制行為能力,B,E,S5,T2,C2,限制行為能力人的承諾須法定代理人同意,甲同意支付乙醫藥費，關於此一承諾的法律效力，下列敘述何者正確？ (A)因為甲承諾後，契約即有效成立，甲應該依契約支付醫藥費用 (B)甲的承諾如果經過他的父母同意，甲即必須依約定支付醫藥費 (C)甲仍須父母撫養，父母才是損害賠償責任義務人，故其承諾無效 (D)因為甲只是國中學生，甲支付乙的醫藥費用之承諾自始無效,xuece-civ-110-27
分科測驗,xuece-civ,110,公民 28,公民,教育的外部效益,C,D,S2,T5,C5,私人最適：邊際效益等於邊際成本,根據前述資料，從私人經濟福祉最大的角度，接受教育年數應為幾年？ (A) 2年 (B) 3年 (C) 4年 (D) 5年,xuece-civ-110-28
分科測驗,xuece-civ,110,公民 29,公民,補貼政策,A,D,S2,T5,C5,有外部效益，政府應補貼差額,根據前述資料，若想要達到社會福祉最大，政府對私人應該採取何種政策？ (A)補貼7萬元 (B)課稅7萬元 (C)補貼3萬元 (D)課稅3萬元,xuece-civ-110-29
分科測驗,xuece-civ,110,公民 30,公民,隱私與婚姻,C,E,S5,T2,C2,侵害配偶權的法律責任,依據我國法律，關於乙應負之法律責任，下列敘述何者正確？ (A)乙的行為在法律上是正當的，因為要維護婚姻裡面的相互承諾 (B)乙不須對甲負損害賠償責任，除非乙對甲的手機造成實質損害 (C)乙應有侵犯甲隱私之刑事與民事責任，即使二人是配偶的關係 (D)乙不需要負侵害隱私之責，除非乙將甲的手機的內容資料公開,xuece-civ-110-30
分科測驗,xuece-civ,110,公民 31,公民,情愛關係,D,E,S5,T2,C1,情愛關係需要溝通與尊重,依據題文中的衝突情境，下列觀點何者對於甲乙二人修復關係最具有建設性？ (A)情愛關係的穩固發展，有賴彼此給對方安全感 (B)情愛關係的相互忠誠，最終仍然依賴法律保障 (C)情愛關係強調互相依存，無所隱瞞且不分彼此 (D)情愛關係強調互相承諾，但應有個人自主空間,xuece-civ-110-31
分科測驗,xuece-civ,110,公民 32,公民,社會權與自由權,C,E,S5,T2,C1,社會權需要國家積極作為,依據題文所述觀點，國家如果以立法或其他政策手段來保障社會權得以落實，而可 能因此限制個人自由時，其合憲性的判斷，下列何者正確？ (A)為保障社會權，國家依據違反法律之行政命令來限制自由，亦可能合憲 (B)法律雖然限制個人自由，但只要是為了保障重大社會權公益，即屬合憲 (C)如以法律來限制自由，須無其他達成目的之更小侵害手段，才可能合憲 (D)國家須注意法律能否達成保障社會權之目的，如可達成目的，即屬合憲,xuece-civ-110-32
分科測驗,xuece-civ,110,公民 33,公民,社會權立法,A,E,S5,T2,C2,保障工作、生存的立法才是社會權,下列諸項立法政策，何者為國家實現「社會權」最適切之例子？ (A)為維護水土資源、生物多樣性以及消費者權益等，制定《有機農業促進法》 (B)為提升國家整體經濟發展，鼓勵產業創新、帶動升級，制定《產業創新條例》 (C)為保障個人隱私不受侵害，促進個人資料合理利用，制定《個人資料保護法》 (D)為落實憲政並處理威權時期國家不法作為與後果，制定《促進轉型正義條例》,xuece-civ-110-33
分科測驗,xuece-civ,110,公民 34,公民,公共利益與能源,C,E,S5,T2,C6,能源議題各方都主張公益,核能及能源議題引發各界爭辯不休，關於公益各有攻防立場。根據上述文本，從公 共利益理念與實踐的觀點，判斷下列說法何者最不可能正確？ (A)近海漁民為生計問題抗議，主要因為離岸風電開發所帶來的外部成本及公益難 以維護的問題 (B)若有環保團體持續反對經濟部的替代能源開發方案，代表二者對如何達成永續 發展的公益立場迥異 (C)任何的公投倡議，不論是擁核或反核的立場，連署成案後都須達到贊成門檻才 能產生實踐公益的效果 (D)新選任的執政黨，循政黨主張及法治程序中斷前任政府核能政策，合,xuece-civ-110-34
分科測驗,xuece-civ,110,公民 35,公民,公民投票,D,E,S5,T2,C3,公投結果的意義與限制,依據題文，下列有關公投法以及公投意義的解讀，何者最為適當？ (A)上述三個公投案通過之後，反核政黨必須放棄其「非核家園」的政治主張 (B)公投法雖然保障了人民直接參政的權利，但不利於朝野各政黨的政策競爭 (C)由上述三個公投案的通過可知，公投門檻調降不影響公投案正反雙方動員 (D)「以核養綠」為藉法律複決的方式，去改變「非核家園」政策的公投提案,xuece-civ-110-35
分科測驗,xuece-civ,110,公民 36,公民,行政訴訟,B,E,S5,T2,C2,不服許可處分：行政訴訟,題文中受到影響的漁民團體，如果認為政府許可電廠設立之處分違法，且認為電廠 的設施造成其權利損失，要求電廠賠償。漁民團體如果提起法律訴訟，下列哪項途 徑符合現行法律規定？ (A)向地方法院提起行政訴訟，要主管機關以替代方案落實政策 (B)向行政法院提起行政訴訟，要求主管機關撤銷電廠設立許可 (C)向行政法院提起國家賠償訴訟，要求政府補償人民所受損失 (D)向地方法院提起國家賠償訴訟，要求電廠賠償人民所受損失,xuece-civ-110-36
分科測驗,xuece-civ,110,公民 37,公民,機會成本（能源）,A,R,S5,T2,C4,不同能源政策的機會成本,採行不同能源政策會有不同的代價；根據題文，當選擇不同能源政策時會產生的機 會成本，下列敘述何者正確？ (A)「非核家園」政策之機會成本，包括發展替代能源增加的外部成本 (B)「以核養綠」政策之機會成本，包括未來採用綠色能源的生產成本 (C)「增氣」政策之機會成本，包括被替代的原有發電方式的汙染成本 (D)「減煤」政策之機會成本，包括燃煤火力發電已經發生的建造成本,xuece-civ-110-37
分科測驗,xuece-civ,110,公民 38,公民,職業性別隔離,ACD,D,S2,T5,C5,多選：職業的性別隔離,下表為某國勞動部於2019年的統計資料。資料顯示不同職業別中，女性就業人數占 該職業別總就業人數的百分比。假定2019年該國男性勞動參與率比女性勞動參與率 高約15%，根據表列資料，判斷下列敘述哪些正確？ P 欄 Q 欄 R 欄 S 欄 T 欄 U 欄 V 欄 專業人員 民意代表、 技術員及 事務支援 服務及銷 農林漁牧 技術、操 人員 主管及經 助理專業 售工作人 業生產人 作與勞力 理人選 人員 員 員 工 2019 19 52 52 78 58 24 21 （單位：%）,xuece-civ-110-38
分科測驗,xuece-civ,110,公民 39,公民,權力分立,CD,K,S5,T2,C3,多選：權力分立與我國中央政府,以下有關權力分立以及我國中央政府制度的敘述，哪些正確？ (A)三權分立國家的立法權特別重要，故大多採內閣制 (B)三權分立國家更強調行政權與司法權間的信任關係 (C)我國司法院因其職權性質，也掌理公務員懲戒案件 (D)我國考試院掌理國家考試、公務人員的銓敘與保障 (E)我國中央政府設有監察院，具總統、副總統彈劾權,xuece-civ-110-39
分科測驗,xuece-civ,110,公民 40,公民,法律常識判斷,CDE,E,S5,T2,C2,多選：法律常識的判斷,甲平時愛跟同學吹牛，經常唬得同學難辨真假。有次甲又向同學吹捧自己家人，內 容如下列選項。判斷其中有哪些內容與現行法律規定不合？ (A)媽媽是地方的政治領袖，已經連任五屆的縣議員，不曾落選 (B)爸爸是本縣衛生局科長，每次選舉期間都會請假幫媽媽站台 (C)大哥的大學畢業成績優異，經行政院檢定後成為正式公務員 (D)大姐對政治很有興趣，大學時代就發起修改憲法之公民投票 (E)阿公曾任立委，立法促成國際移工能享有我國國民平等待遇,xuece-civ-110-40
分科測驗,xuece-civ,110,公民 41,公民,公法與私法,BCE,K,S5,T2,C2,多選：公法與私法的區分,由於我國法律體系著重公法與私法的二元區分，基本上公法行為有行政程序法的適 用，人民也得透過行政爭訟制度對行政行為尋求救濟。下列選項哪些屬於公法行為？ (A)地方政府為舉辦演唱會，與經紀公司簽訂契約邀請歌手的行為 (B)為避免新冠肺炎擴散，衛福部公告搭捷運民眾須戴口罩的行為 (C)企業配合政府宣導主辦反毒路跑時，警察協助指揮交通的行為 (D)民眾為預防流感到公立醫院就診，自費由醫生施打疫苗的行為 (E)主管機關前往肉品進口商的廠房，抽查商品標示原產地的行為,xuece-civ-110-41
分科測驗,xuece-civ,110,公民 42,公民,比例原則（都更）,BE,E,S5,T2,C1,多選：限制財產權須符合比例原則,某政府為維護公安，制定《推進都更危老重建條例》，其中某條規定：「凡建物屋齡 超過六十年，經主管機關與土木與建築技師認定有危害公共安全之危險，則須進行 強制都更重建。」甲世居祖傳百年老宅，強烈反對此一立法。從我國行政法的一般 原理原則來判斷，以下敘述哪些正確？ (A)保障公眾安全屬重大公益，且都更後甲仍有更新之住屋可居住，不會影響甲的 權利 (B)強制都更影響人民財產權，都更之前若未先聽取甲意見，將違反正當行政程序 原則 (C)甲的住宅具有百年歷史，維護其存在符合信賴保護，不應,xuece-civ-110-42
分科測驗,xuece-civ,110,公民 43,公民,一黨專政與司法,ACD,E,S5,T2,C2,多選：一黨專政下司法不獨立,某一黨專政國家，明文規定法官在審理刑事案件時，須依照黨的思想，或者依照黨 的思想補充法律未明文規定之處進行判決。是以該國法官在刑事案判決時，並不受 近代法治國家的某項重要法律原則約束。若立基於此項法律原則，下列哪些是符合 該原則的判決？ (A)法官基於並沒有任何法律條文處罰被告的行為，因此判決無罪 (B)法官基於經驗法則，認為被告不可能涉及犯罪行為，判決無罪 (C)法官基於被告的行為僅違反社會的習慣法，因此判決被告無罪 (D)法官基於被告的行為在犯罪時尚無法律處罰，故判決被告,xuece-civ-110-43
分科測驗,xuece-civ,110,公民 44,公民,政策效果（毒品供需）,BD,R,S5,T3,C4,多選：打擊供給或減少需求對毒品市場的影響,某地區警政當局鑑於青少年涉毒情形日漸嚴重，提出下列兩個方案試圖解決毒品氾 濫的問題。甲案：嚴格查緝毒品來源；乙案：強化宣導吸食毒品的嚴重後果。若以 市場供需架構分析前述兩個方案對毒品市場的影響，下列哪些正確？ (A)甲案無法改變毒品的交易數量 (B)乙案可以減少毒品的交易數量 (C)甲與乙案都會使毒品價格上漲 (D)供給線會因甲案而向左方移動 (E)需求線會因乙案而向右方移動,xuece-civ-110-44
分科測驗,xuece-civ,110,公民 45,公民,自動駕駛的外部性,ADE,R,S5,T2,C4,多選：自動駕駛減少外部成本,根據我國警政署2017年統計，死亡車禍有94%起因於「駕駛人過失」。若生產成本較 高之「無人操作完全自動駕駛汽車」技術已經成熟，且極為安全可減少車禍事件的 發生，此款汽車量產上市後，將比傳統汽車更受消費者喜愛。從上述內容推論，無 人操作自動駕駛汽車將對市場造成哪些影響？ (A)自動駕駛汽車的售價，將高於傳統汽車的價格 (B)自動駕駛汽車的交易量，將低於傳統汽車的水準 (C)整體社會福祉，會隨自動駕駛汽車的問世而降低 (D)自動駕駛汽車的需求線，將位在傳統汽車需求線的右方 (E,xuece-civ-110-45
分科測驗,xuece-civ,110,公民 46,公民,公共財,CE,R,S5,T2,C1,多選：非敵對、非排他才是公共財,上述各種政府措施或民間活動的相關事物，哪些具備公共財之性質？ (A)防災沙包 (B)募款款項 (C)重建的堤防 (D)進口的蔬果 (E)颱風動態預報,xuece-civ-110-46
分科測驗,xuece-civ,110,公民 47,公民,GDP 計算,BDE,R,S5,T2,C4,多選：哪些計入 GDP,上述各項政府措施、民間活動或風災影響情形，是否計入當年度國內生產毛額（GDP） 的計算或對GDP影響的敘述，哪些正確？ (A)政府宣布停班停課不會影響GDP (B)政府對災區的重建支出會增加GDP (C)政府對受災戶的補助列入GDP計算 (D)風災對蔬果供應量的影響會使GDP減少 (E)民間對受災戶的經費救濟不列入GDP計算,xuece-civ-110-47
分科測驗,xuece-civ,110,公民 48,公民,社會主義立場,AD,E,S1,T7,C6,多選：主張平等分配的是社會主義,依據題文，哪些來賓的觀點屬於常見的社會主義立場？ (A)甲 (B)乙 (C)丙 (D)丁 (E)戊,xuece-civ-110-48
分科測驗,xuece-civ,110,公民 49,公民,WTO 的目標,BE,E,S1,T2,C4,多選：支持自由貿易的觀點,依據題文，哪些來賓的觀點支持世界貿易組織（WTO）的目標？ (A)甲 (B)乙 (C)丙 (D)丁 (E)戊,xuece-civ-110-49
分科測驗,xuece-civ,110,公民 50,公民,另類全球化,AC,E,S1,T2,C6,多選：另類全球化：重視公平與永續,依據題文，哪些來賓的觀點呼應了「另類全球化」的主張？ (A)甲 (B)乙 (C)丙 (D)丁 (E)戊,xuece-civ-110-50
分科測驗,xuece-civ,111,公民 1,公民,社會運動與媒體,A,E,S5,T2,C7,倡議需要媒體報導才能引起輿論關注,某移工權益協會倡議合理工時之立法，但一直未獲輿論支持。學者指出，行動成效 不彰原因，除記者常引述不實資訊且不理會移工團體澄清之要求外，移工製作的議 題短片，也幾乎無媒體頻道可播出。依據前述，倡議行動成效有限的原因最可能為 下列何者？ (A)媒體近用權保障未能落實而影響公共意見 (B)記者偏頗報導使得移工團體飽受輿論指責 (C)移工缺乏媒體資訊故未能分析政策之影響 (D)移工群體不具公民身分故無從發揮行動力,xuece-civ-111-1
分科測驗,xuece-civ,111,公民 2,公民,教育與階級流動,C,D,S2,T4,C5,教育擴張後，學歷對流動的效果下降,小嘉讀到教育有助階級流動的理論，之後查閱資料時發現，某個經濟起飛國家晚近 高等教育人口比例明顯增加，於是主張「該國已突破階級複製成為開放社會」；但 小文提出另一份該國資料，質疑小嘉主張難以成立。下列何者最可能是小文的資料？ (A)家庭處境不利的子女甄選入學比例較低，多由筆試取得入學資格 (B)家庭處境不利的子女就讀大學比例上升，但學費仍多數仰賴補助 (C)公立大學學生多來自中產階級，且畢業生月收入較私校畢業者高 (D)公立大學學生多來自中產階級，且其大學國際排名更勝私立大學,xuece-civ-111-2
分科測驗,xuece-civ,111,公民 3,公民,正當程序（線上審查）,B,E,S5,T2,C1,線上審查仍要保障陳述意見的機會,我國政府機關曾因新冠肺炎疫情將土地徵收審議小組等實體審查會議改為線上舉 行。有學者批評若無相關配套，恐嚴重侵害民眾權利，尤其偏鄉民眾、長者及經濟 處境不利群體的需求較難被重視。以下哪項情況和該學者的批評最相關？ (A)從實體轉為線上討論，讓科技業者從中不當獲利 (B)民眾間存在數位落差，易造成參與線上討論門檻 (C)辦理線上審查會議時，容易造成個人資訊的外洩 (D)社會議題有其複雜度，處境不利者缺乏討論動機,xuece-civ-111-3
分科測驗,xuece-civ,111,公民 4,公民,勞工運動,A,R,S1,T3,C8,早年低薪長工時，勞工運動爭取權益,某社會運動者回顧近20年該國勞工運動發展時說：「…早年很多公司薪水超低、工 時超長，所以大家當時努力推立法保障基本勞動條件。後來覺得，每個工作環境要 爭取的保障其實不全然一樣，重點應該是讓勞工表達需求，所以我們就推勞工自行 組織、討論，向資方爭取權益」。若僅依據此口述史推論，下列何者最可能是該國 晚近勞運訴求？ (A)推動勞權教育鼓勵勞工加入工會 (B)透過修法提高勞工基本工資保障 (C)爭取媒體報導支持讓工人文化發聲 (D)倡議立法增加國會的勞工代表比例,xuece-civ-111-4
分科測驗,xuece-civ,111,公民 5,公民,汙名化與社會運動,D,E,S5,T2,C1,翻轉汙名、重建認同的社會運動,在一場社會不平等的研討會中，某非裔學者指出：為抵抗白人的汙名化，許多非裔 社會運動者喜歡強調非裔與白人一樣強健、具職場生產力，甚至比白人優秀；但這 種強調非裔強健意象的說法，卻讓人們忽略非裔群體中身心障礙者的困境。此學者 對不平等的主張最可能是下列何者？ (A)非裔群體的身心障礙者因白人我族中心主義遭受汙名化 (B)身心障礙者在職場不被接受會導致任何族群皆受到傷害 (C)媒體常將非裔群體塑造為體育運動細胞發達之刻板印象 (D)即使同屬非裔群體也可能因為處境不同而形成內在壓迫,xuece-civ-111-5
分科測驗,xuece-civ,111,公民 6,公民,公民不服從,A,E,S5,T2,C1,公民不服從：公開、非暴力、承擔後果,小華為完成「公民與社會」報告，閱讀美國民權運動和我國太陽花學運等社會運動 事例，以探究公民不服從的正當性。下列何者最適合當作這份報告的立論基礎？ (A)政府權力來自人民，若政府未保障人民權利與實現公平正義則人民可抵抗政府 (B)侵犯人民權利的惡法是國家暴力，人民以暴制暴對抗政府可彰顯惡法非法精神 (C)為免代議民主失靈，公民不服從與集會遊行都是人民平常維護憲政秩序的手段 (D)為保障政治平等，每個人基於自由意志都可以拒絕服從自己認為不正義的法律,xuece-civ-111-6
分科測驗,xuece-civ,111,公民 7,公民,選舉制度,D,R,S5,T2,C3,各地自訂選舉規則，比較選制效果,某民主國家的國會議員選舉，可由各地最高層級的地方政府決定當地國會議員選舉 規則。有的地方政府採取得票最多者當選；有的要求得票數必須過半，若無人過半 就由得票較多的兩人進入第二輪投票對決。依據前述資訊判斷該國的中央與地方政 府權限劃分，下列推論何者最可能？ (A)地方政府屬性是執行中央政府命令的行政機關 (B)地方有行政和立法自治權但司法權隸屬於中央 (C)憲法授權中央必要時得變更地方行政區域劃分 (D)憲法未明文列舉屬於中央政府的職權則歸地方,xuece-civ-111-7
分科測驗,xuece-civ,111,公民 8,公民,中共歷史決議,A,D,S1,T4,C8,三份歷史決議的摘要比較,小艾蒐集中國共產黨建黨百年僅有的三份「歷史決議」，並整理出以下摘要表。此 摘要表最能夠佐證中國政治的何種特性？ 文件 第一份 第二份 第三份 項目 年代 1945 年 1981 年 2021 年 內容摘述 毛澤東代表中國無產 擁護以鄧小平為代表 全黨全軍全國人民要 的黨的正確領導 階級和中國人民，代表 更緊密團結在以習近 黨的正確路線 平為核心的黨中央周 圍 (A)長期以黨領政 (B)行政權力獨大 (C)無產階級路線 (D)禁止政黨競爭,xuece-civ-111-8
分科測驗,xuece-civ,111,公民 9,公民,言論自由與私人,D,E,S5,T2,C1,私人刪除留言不涉及國家侵害言論自由,甲使用公開的網路論壇發表時事評論，某日乙在甲貼文下留言表達強烈不贊同，甲 憤而將乙留言刪除，乙向甲抗議：「你侵害我的言論自由，我要去法院打官司」。不 過，歷經所有訴訟審級，乙於2022年3月敗訴確定。從言論自由與權利救濟的觀點， 下列敘述何者合乎我國法律規範？ (A)言論自由是法律賦予的，乙的留言只在法律容許範圍內受保障 (B)乙敗訴是因甲非公權力，不可能侵害乙受憲法保障的言論自由 (C)乙得主張傳播媒體主管機關未能保障其言論自由，提起行政訴訟救濟 (D)乙為維護其言論自由，,xuece-civ-111-9
分科測驗,xuece-civ,111,公民 10,公民,童工與勞動法規,C,E,S5,T2,C2,未滿 16 歲不得夜間工作,年滿15歲的小安在夜市飲料攤打工，跟老闆約定報酬和工作時間，也得到父母同意， 工作愉快。某晚勞工局執行勞動檢查時，發現小安逾時夜間工作，將老闆移送法辦。 有關此事件涉及的勞動法規，下列敘述何者正確？ (A)勞基法所訂工資、工時等勞動條件標準，經締約雙方同意得另外約定排除 (B)勞動契約受到私法自治保障，雙方合意簽訂的契約內容不應受到法律限制 (C)勞動契約須受勞動基準法規定限制，小安與老闆不能享有完全的締約自由 (D)小安打工獲父母同意，勞工局依法不得干涉經法定代理人同意之僱,xuece-civ-111-10
分科測驗,xuece-civ,111,公民 11,公民,消費者保護（網購）,C,E,S5,T2,C4,網購有七天鑑賞期,甲在網路向乙公司購買衣服，收到後發現顏色與電腦螢幕顯示不同，故聯絡乙欲退 貨退款。乙表示「網站有明顯標示『貨物售出，恕不退貨，僅能依同等價額換貨』」， 但甲堅持退貨退錢。關於甲乙間交易的權利義務，下列敘述何者最適切？ (A)衣服顏色與螢幕顯示不同屬貨品瑕疵，甲有權主張的是減少價金 (B)乙在網站的標示是網路交易的特別約定，故甲不能主張退錢退貨 (C)甲符合網路交易的退貨規定，可不附理由且無須證明貨品有瑕疵 (D)該標示因設置於網站故定型化契約不成立，因此甲可以主張退貨,xuece-civ-111-11
分科測驗,xuece-civ,111,公民 12,公民,學生的表現自由,B,E,S5,T2,C1,私校限制政治活動也要保障表現自由,某私立高中校規明定：「學生不得在校內舉辦政治活動，違反者記小過；情節重大 者，記大過或予以退學。」該校學生甲與同學深感氣候變化問題影響未來世代生活 甚鉅，某日合作舉辦「抗議全球暖化」快閃活動，由甲演說三分鐘，抗議全球暖化 問題造成之危害。事後，校方認定該活動具政治性，將甲與舉辦活動之其他同學各 記小過乙次。關於甲就此能否提出法律救濟，下列敘述何者最適當？ (A)遭學校記過並非受國家公權力侵害，故甲僅能在校內進行申訴 (B)甲被私校記過，因權利受到侵害故得依行政爭訟管道提起救濟,xuece-civ-111-12
分科測驗,xuece-civ,111,公民 13,公民,少年事件,D,E,S5,T2,C2,未滿 14 歲依少年事件處理法,甲是13歲國中生，加入幫派後不再去學校。某日因該幫派與其他幫派發生糾紛，甲 毆打其他幫派成員，造成對方受重傷而被警方逮捕。依據我國司法制度，以下關於 本案的評論何者正確？ (A)警察應將甲交給父母或學校，循教育輔導協助改正，不應進入司法程序 (B)甲雖無刑事責任能力，但仍受少年事件處理法規範，檢察官可將其起訴 (C)甲的犯行是重罪，屬於少年刑事案件，應交由法院依刑事審判程序處罰 (D)甲有觸犯刑法的行為，會由法院決定將其交付輔導，或是給予保護處分,xuece-civ-111-13
分科測驗,xuece-civ,111,公民 14,公民,誹謗與名譽,D,E,S5,T2,C1,公開錄影貼文可能構成誹謗,甲到乙經營的小吃店用餐，和乙激烈爭吵，甲以手機將吵架過程錄影；之後乙顧及 其他顧客仍在用餐，就不收甲的餐費讓他離開。幾天後，甲未經查證便在網路指控 乙使用過期食材，並將乙照片上傳網路，加以辱罵。甲的行為造成乙小吃店營業損 失慘重，乙氣憤不已，幾天後過世。其配偶丙決定採取法律行動。依據現行法律規 定，以下各項丙可能採取的法律行動何者正確？ (A)乙雖已過世，丙仍可向甲請求支付當天餐費 (B)乙個人名譽受甲的侵害，丙可向甲請求賠償 (C)因乙已經過世，丙不可請求甲賠償營業損失 (,xuece-civ-111-14
分科測驗,xuece-civ,111,公民 15,公民,國家目的（封城）,B,E,S5,T2,C1,封城限制自由，是為了保障生命健康,因新冠肺炎疫情影響，各國陸續採取封城措施，但此項措施引發民眾反彈。有人以 堅定口吻說：「政府絕對不能封城，這樣我就會沒工作，很快就沒飯吃，雖然病死 和餓死的結果都一樣，但我寧願是上班染疫病死，也不願沒工作餓死。」若以機會 成本的觀念來評估，下列哪項政策最可能改變這位民眾的選擇？ (A)調漲基本工資 (B)增加失業給付 (C)提高職業災害補助 (D)擴大醫療保險給付,xuece-civ-111-15
分科測驗,xuece-civ,111,公民 16,公民,利率與貨幣,D,R,S5,T3,C4,升息吸引存款、穩定幣值,俄烏戰爭發生後，俄羅斯面對西方國家經濟制裁，盧布一度大幅貶值。俄國央行在 今年2月底調升利率，由原本的9.5%一口氣調升至20%。下列何者最能解釋俄國央 行所採取之政策原理及目的？ (A)實施寬鬆的貨幣政策，以滿足民眾的現金需求 (B)設定利率的價格下限，解決市場現金短缺問題 (C)利率上升增加可貸資金，以刺激廠商投資意願 (D)利率上升減少貨幣供給，以求維持穩定的物價,xuece-civ-111-16
分科測驗,xuece-civ,111,公民 17,公民,購買力與生活成本,C,D,S4,T2,C4,月薪高但國外物價也高：購買力,閱讀以下四格漫畫： 收入換成新臺幣 是叔叔在國外工作 月薪20 萬耶！ 哇！ 來看，似乎不錯， 收入 支出 的記帳本耶！ 叔叔好厲害喔！ 但在當地生活應 真的！ 薪資 便當 該還是有些辛苦。 1500 200000 就所得與物價的關聯而言，下列哪項指標衡量的意涵最可用來解釋最右格的論點？ (A)經濟成長率 (B)通貨膨脹率 (C)購買力平價指數 (D)消費者物價指數,xuece-civ-111-17
分科測驗,xuece-civ,111,公民 18,公民,蛛網供需（香蕉）,A,R,S5,T3,C4,價格高時大家搶種，隔年價格暴跌,某國的香蕉價格一向波動甚大。某年儘管該國農業部前一年已經提出警告：「如果 沒有颱風，價格會很低。」但農民仍然大量搶種，最後香蕉的價格果然崩盤。下列 何者最能夠適當詮釋上述香蕉價格崩盤的結果？ (A)農民自利選擇導致的市場機能 (B)農民低估香蕉生產的機會成本 (C)因市場失靈進而產生無謂損失 (D)因資源的稀少性導致過度競爭,xuece-civ-111-18
分科測驗,xuece-civ,111,公民 19,公民,同婚與肯認,C,E,S5,T2,C2,同婚立法：肯認不同性傾向,依據題文，該法最能落實以下哪項與人權有關的理念？ (A)保障社會處境不利群體的積極平權 (B)凝聚社會處境不利群體的國家認同 (C)肯認社會不同群體的多元身分認同 (D)促進社會不同群體的意見表達自由,xuece-civ-111-19
分科測驗,xuece-civ,111,公民 20,公民,審議民主,D,E,S5,T2,C3,審議民主：資訊公開、理性討論,未來若要透過修法解決同性伴侶跨國婚姻的爭議，下列哪項作法最符合審議民主的 精神？ (A)由政府部門邀集學者召開公聽會，彙整學者專業意見與共識作為修法的重要依據 (B)由公民團體發起公投並舉行辯論會，讓正反立場代表辯論且實況轉播後交付公投 (C)由大法官以憲法法庭進行言詞辯論後做出憲法裁判，再由立法院依裁判意見修法 (D)由不同立場的民眾開會並諮詢專家，形成共識結論後交由政府作為修法重要參考,xuece-civ-111-20
分科測驗,xuece-civ,111,公民 21,公民,核武與國際政治,D,D,S2,T4,C5,由核武數量推論國際權力結構,某學習小組針對【學與思1】提出臺海關係的推論，依據圖1資料最足以支持哪項推 論？ (A)禁核武條約的正式生效，有助於提升臺海關係穩定 (B)我國將禁核武條約國內法化，臺海關係即受其約束 (C)為堅持「一個中國」政策，中國擁核武以阻止我國重返聯合國 (D)中國擁核武自重，增添臺海關係發展變數且影響國際對臺政策,xuece-civ-111-21
分科測驗,xuece-civ,111,公民 22,公民,就學率與階層化,C,D,S2,T4,C5,貧窮國家就學率低：階層化的再製,圖2所點出的學齡兒童就學率現象，最能做為下列哪個社會階層化論點的例證？ (A)學齡兒童的就學率差異，極可能造成貧富階級間的仇視與對立 (B)學齡兒童的就學率下降，說明經濟停滯導致兒童普遍失學問題 (C)學齡兒童的就學率問題，顯示國際衝突加深社會資源分配的結構性不平等 (D)學齡兒童的就學率問題，反映全球體系內大國壓迫小國的國際階層化現象,xuece-civ-111-22
分科測驗,xuece-civ,111,公民 23,公民,國際權力不對等,B,D,S2,T4,C5,核武與就學率並列：國際權力的不對等,依據圖1和圖2資料，下列何者最適合當作該線上學習教材的主題？ (A)國際去核武進程的經濟制裁實例 (B)國際去核武進程中的權力不對等 (C)核武軍備競賽與區域和平的展望 (D)核武軍備大國的國際角色及責任,xuece-civ-111-23
分科測驗,xuece-civ,111,公民 24,公民,性別刻板印象,B,E,S5,T2,C7,稱讚也可能強化性別刻板印象,依據題文，評論者認為節目的稱讚強化性別不平等，最可能基於下列哪項理由？ (A)將女性作為防疫表率，強化性別差異且忽略男性的防疫責任 (B)將女性承擔家務視為理所當然，忽略討論家庭勞務合理分工 (C)僅稱讚女性為防疫表率，未探討男性在疫情中的付出與貢獻 (D)實驗顯示女性不易被傳染，節目卻未討論所涉及的性別差異,xuece-civ-111-24
分科測驗,xuece-civ,111,公民 25,公民,家務勞動與 GDP,C,R,S5,T2,C4,無酬家務不計入 GDP,依據上文，下列何者能正確描述奶奶的勞動參與以及對GDP統計的影響？ (A)雖然屬於非勞動力，但其家務活動價值仍可計入GDP (B)雖非就業人口，但其活動屬於重要勞務，可計入GDP (C)因其在統計上為非勞動人口，故其活動並不計入GDP (D)因其屬於失業人口，故其每日家務生產並不計入GDP,xuece-civ-111-25
分科測驗,xuece-civ,111,公民 26,公民,聯合行為,C,E,S5,T2,C1,業者約定共同漲價：聯合行為,以下何種情形可能構成公平交易法上的聯合行為？ (A)蛋商如願獲得補貼後卻違背對政府的承諾，仍持續漲價 (B)運輸業者與蛋商共同發表聲明，要求政府適度補貼油價 (C)蛋商公會會員大會決議反對全面漲價，並要求其會員按地區採不同售價 (D)消保團體發起「一星期不吃蛋」運動，民眾串聯響應迫使雞蛋價格下跌,xuece-civ-111-26
分科測驗,xuece-civ,111,公民 27,公民,蛋價政策,C,R,S5,T3,C4,補貼消費者會增加需求，無助於解決短缺,題文哪項措施最無助於解決市場雞蛋供不應求的現象？ (A)甲 (B)乙 (C)丙 (D)丁,xuece-civ-111-27
分科測驗,xuece-civ,111,公民 28,公民,替代品需求,B,R,S5,T3,C4,蛋價上漲，替代品需求增加,其他條件不變下，今年年初的雞蛋價格變動，最可能導致下列何種市場效果？ (A)雞蛋的需求減少 (B)鴨蛋的需求增加 (C)飼料的供給減少 (D)雞肉的供給增加,xuece-civ-111-28
分科測驗,xuece-civ,111,公民 29,公民,文化資本（音樂廳）,ACE,E,S5,T2,C7,多選：文化資本與階級品味,某高中老師安排全班同學到音樂廳聆聽交響樂演出。從未去過音樂廳的甲生很緊 張，除事前煩惱當天應如何穿著才「得體」外，欣賞過程中也擔心自己表現不適 當，連何時該拍手都怕抓錯時機。相對地，乙生因常跟家人購票去音樂廳觀賞演 出，故活動過程中從容不迫，事後老師也讚揚乙生舉止優雅、具備良好音樂欣賞 素養。若從社會階層化角度分析上述事件中「資本與社會平等」的關係，下列哪 些為適當之論點？ (A)即使老師事前提供解說，也難以完全消除同學文化資本的落差 (B)學生們具備的文化資本高低，決定於教,xuece-civ-111-29
分科測驗,xuece-civ,111,公民 30,公民,修憲走向內閣制,ABE,R,S5,T2,C3,多選：內閣制的特徵,某憲法學者分析我國目前憲政運作的缺失後，主張透過修憲，使中央政府體制更具 有內閣制精神。下列哪些是該學者可能會提出的改革方案？ (A)總統發布所有命令皆須經行政院院長之副署 (B)行政院院長必須由立法院多數陣營領袖擔任 (C)行政院移請立法院覆議的議決通過門檻提高 (D)立法院可對總統提出不信任投票以促其下台 (E)立法委員可以同時兼任行政院各部會的首長,xuece-civ-111-30
分科測驗,xuece-civ,111,公民 31,公民,原住民身分與姓氏,AE,E,S5,T2,C1,多選：原住民身分認定與姓氏,《原住民身分法》要求原住民與非原住民結婚所生之子女，須跟著具有原住民身分 的父親或母親的姓氏，或取原住民傳統名字，才能取得原住民身分。這導致部分有 原住民血統的民眾，因為隨著非原住民的漢人父親取了漢姓，而無法取得原住民身 分。憲法法庭認定，此種情形違反憲法所保障有關原住民身分認同之人格權，亦牴 觸種族平等及性別平等。下列有關性別平等原則的判斷，哪些符合本件憲法判決的 精神？ (A)原母漢父的子女登記為原住民的比例遠低於原父漢母，呈現性別實質不平等 (B)該法規定原住民之身分須,xuece-civ-111-31
分科測驗,xuece-civ,111,公民 32,公民,國際供需（馬鈴薯）,CD,R,S5,T3,C4,多選：國際供給減少的影響,前陣子加拿大極端大雨以致馬鈴薯供給大減。由於馬鈴薯在北美是主食，在亞洲不 過是點心，故出口商暫緩供應冷凍薯條到亞洲市場。日本國內也生產馬鈴薯，但成 本太高，速食店因此祭出薯條限購。臺灣也出現薯條缺貨，店家則推出地瓜薯條因 應。前述薯條缺貨的現象可作為以下哪些推論的佐證？ (A)在地農產品一旦成為全球化商品，就很難找到類似的替代品 (B)愈是全球化的商品，愈有可能透過專業分工來進行產品創新 (C)全球供應鏈因故而不穩定，會使在地農產品更具有比較利益 (D)極端氣候頻頻出現，可能,xuece-civ-111-32
分科測驗,xuece-civ,111,公民 33,公民,權力分立（限期起訴）,B,E,S5,T2,C2,立委要求限期起訴，侵犯司法獨立,從憲法基本原則來看，關於立委要求限期起訴，下列敘述何者正確？ (A)揭弊屬立委職權，檢察機關應配合立院調查程序，但得自訂偵查期限 (B)立委有權監督行政機關，但基於權力分立不應要求檢察機關限期起訴 (C)基於民意政治原則，檢察機關首長如未配合立院調查程序應下台負責 (D)立法院為保障人權監督公權力，得經院會決議要求檢察機關限期起訴,xuece-civ-111-33
分科測驗,xuece-civ,111,公民 34,公民,非選：偵查不公開,非選,E,S5,T0,C8,非選：偵查不公開原則,依據題文，學者文章標題所指原則最可能為何？此原則對保障犯罪嫌疑人權利為何 重要？請在答題卷表格左欄勾選原則，並於右欄摘述題文說明此原則為何重要的一 項理由。（5分） 勾選原則 此原則為何重要的一項理由（30 字內） □刑法謙抑原則 □自由心證原則 □偵查不公開原則 □不自證己罪原則,xuece-civ-111-34
分科測驗,xuece-civ,111,公民 35,公民,缺工與勞動市場,B,D,S2,T5,C5,缺工：勞動需求大於供給,下列何者最能正確描繪題文所述近來臺灣勞動市場狀況？ (A)臺灣受惠於全球半導體短缺，因而使結構性失業人口大幅減少 (B)缺工引發換工潮，會出現一些摩擦性失業，但循環性失業減少 (C)受疫情影響，臺灣的勞動參與率逐漸增加，因而帶動薪資上漲 (D)提高基本工資有助於生產設備自動化，進而提高整體平均薪資,xuece-civ-111-35
分科測驗,xuece-civ,111,公民 36,公民,非選：基本工資供需圖,非選,D,S2,T0,C5,非選：缺工時調高基本工資不會造成失業,根據題文所述，臺灣今年勞動市場並未因調升基本工資而產生理論預測的結果，最 可用下列哪一圖形解釋？請在答題卷先勾選正確的圖形，再依據圖形解釋，該基本 工資之調整未符理論預期的原因。（5分） □ A 圖 □ B 圖 工資 工資 S2 S2 S1 S1 基本工資 基本工資 D2 D2 D1 D1 就業量 就業量 □ C 圖 圖例說明： 工資 S2 勞動供給左移（S 1→S 2） S1 勞動需求右移（D1→D2） 基本工資 D2 D1 就業量 根據所選圖形，說明該基本工資之調整未符理,xuece-civ-111-36
分科測驗,xuece-civ,111,公民 37,公民,原住民族運動,C,E,S5,T2,C1,原住民族運動：爭取傳統領域,依據題文，原住民族在總統府前進行長期抗爭所欲爭取的目標，和以下哪項社會運 動最接近？ (A)學生運動發起靜坐，提出解散國民大會、廢除臨時條款等訴求 (B)居住正義社運發起露宿重要幹道抗爭，主張房屋資源重新分配 (C)環保團體持續發起大型社會運動，以向外界宣揚理念與永續價值 (D)廠房員工發起運動，要求資方停止排放廢料以降低工作環境風險,xuece-civ-111-37
分科測驗,xuece-civ,111,公民 38,公民,行政程序違法,D,E,S5,T2,C2,未依法舉行聽證或環評，許可違法,依照行政程序法與其他相關法規，下列何種情況會造成開發案的許可違法？ (A)在渡假村開發案的核准文件中，未明訂須聘用當地原住民為員工 (B)縣府並未事先取得各個公民團體之同意，就核准該渡假村開發案 (C)承辦開發案的公務員與建商有同學關係，卻未依法主動自行迴避 (D)開發案未經部落會議取得當地部落的同意，政府即核准該開發案,xuece-civ-111-38
分科測驗,xuece-civ,111,公民 39,公民,外部成本,D,R,S5,T2,C4,外部成本由社會承擔,下列關於本開發案外部成本的說明，何者最為正確？ (A)由於本案開發成本較低，故外部成本也較低 (B)本開發案的外部成本是建商開發的重要誘因 (C)由於政府的積極開發，使得本案的外部成本降低 (D)原住民族傳統消失與環境破壞都是本案外部成本,xuece-civ-111-39
分科測驗,xuece-civ,111,公民 40,公民,非選：民主治理課責,非選,E,S5,T0,C3,非選：民主治理要求資訊公開與課責,以下民眾對本開發案的意見，哪項最切合民主治理對行政過程的課責要求？請在答 題卷表格先勾選一項意見，再說明該意見符合民主治理對行政過程課責的理由（5 分；左欄未勾選或勾錯，則本題不計分；右欄抄錄題文或左欄文字，視同作答錯誤）。 勾選一項意見 符合民主治理對行政過程課責的理由（40 字內） □地方政府依法有協助民間開 發案的行政責任 □政府行政職責包括促進就業 以保障縣民福祉 □政府應舉辦該案環評公聽會 以避免黑箱作業 □議會應事先審查該案預算以 避免程序不正當,xuece-civ-111-40
分科測驗,xuece-civ,111,公民 41,公民,平等原則,D,E,S5,T2,C1,合理差別待遇不違反平等原則,有人認為乙的批評是對法律上平等原則的誤解，下列何項論述最能反駁乙學者？ (A)立法機關依民主程序議決法律適用於所有人民，即已落實法律上平等原則 (B)在婦女擁有包括出任公職等選擇職業的自由時，即已落實法律上平等原則 (C)保障名額制度未直接造成其他性別參選者的不利，不違反法律上平等原則 (D)制度設計按照性別社會處境的不同給予差別待遇，可實現法律上平等原則,xuece-civ-111-41
分科測驗,xuece-civ,111,公民 42,公民,女性保障名額,D,E,S5,T2,C3,找女性參與明顯不足的選舉,考量丙學者的提醒，下列我國公職選舉中，哪項適合採取女性保障名額且論據最為 合理？ (A)縣市議員：地方自治最基層民意代表，可落實性別平等並深化基層民主 (B)區域立委：歷年大多由男性候選人當選，可矯正制度所構成的性別歧視 (C)直轄市長：最高層級地方政府首長，可彰顯女性參政意義及其政治地位 (D)不分區立委：應選出的總席次為複數，可以兼顧反映民意以及性別平等,xuece-civ-111-42
分科測驗,xuece-civ,111,公民 43,公民,失業類型,A,R,S5,T2,C1,景氣衰退造成的失業：循環性失業,下列導致失業率變動的原因，何者最符合丁學者分析就業問題時所使用到的概念？ (A)大學入學機會增加，許多人選擇升學，24歲以下年輕人失業率下降 (B)因薪資上漲，廠商引進更多機器設備取代勞動力，引發失業率上升 (C)產業轉型使生產力提升，高科技業勞動需求因而上升，失業率下降 (D)移工引進人數上升，本地部分勞工的就業機會受排擠，失業率上升,xuece-civ-111-43
分科測驗,xuece-civ,111,公民 44,公民,非選：統計資料佐證,非選,D,S2,T0,C5,非選：選擇能支持論點的統計圖,若甲學者想以統計數據支持自己的論點，下列哪兩張統計圖最適合做為佐證？請在 答題卷先勾選圖，並摘述與此二圖呼應之題文。（5分） 哪兩張圖最適合做為佐證？ 與左邊二圖呼應之題文（25 字內） □ 圖一 □ 圖二 □ 圖三 □ 圖四 圖一：高中生政治知識的 圖二：高中生透過報紙獲 圖三：高中生預期未來參 圖四：高中生預期政府未 平均級分 得政治議題資訊的 與政治事務意願的 來執政效能的平均 比例 平均級分 級分 60% 10 10 10 50% 8 8 8 40% 6 6 6 30,xuece-civ-111-44
分科測驗,xuece-civ,112,公民 1,公民,家務分工,D,D,S2,T4,C5,男性願意做家務，但雙薪家庭仍多由女性承擔,某研究指出，與過去相較，男性願意承擔家務勞動的比例明顯上升；然而，雙薪家庭裡， 女性仍是家務勞動的主要貢獻者。多數女性期待均等分工，但僅有薪資高的女性得以如 願。根據上述發現，從關切性別平權的角度，下列推論何者最適切？ (A)人的精力有限，故市場勞動貢獻越多者越無法對家務勞動有貢獻 (B)職場的性別平等雖已充分落實，但家庭領域的性別平等仍待加強 (C)男性的性別平權意識已有顯著提升，但女性卻仍然受限於傳統觀念之束縛 (D)性平觀念雖普及，但雙薪家庭的市場勞動貢獻仍多立基於女性,xuece-civ-112-1
分科測驗,xuece-civ,112,公民 2,公民,研究設計（社經地位）,D,E,S5,T2,C1,驗證相關性要有適當的樣本與變項,許多人相信學生成績和家長社經地位具正相關。小辛想驗證此說法，因此蒐集周遭同學 成績及相關資料，同時加入「補習」及「家長參與子女教育活動」二項因素一併分析， 結果如表1。小辛從表1 可得到的最合理推論為何？ 表1 學生成績依表現分組 補習科目數 家長參與子女教育 家長社經地位 優異 少 積極 高 中上 適中 積極 中 普通 偏多 普通 高 不佳 多 很少 低 (A)不論家長社經地位為何，補習越多越能提升學生的成績表現 (B)家長對子女教育活動的參與，對子女學業成績影響相當有限 ,xuece-civ-112-2
分科測驗,xuece-civ,112,公民 3,公民,代間流動,A,D,S2,T5,C5,由兩代職業聲望比較代間流動,某國針對30 歲以上受調查者的受教育年數、職業聲望，及其家長的職業聲望進行調查， 結果如圖1 和圖2（縱軸數值愈高，表示職業聲望愈高）。依據二圖，對該國社會成員 的地位取得，下列哪項推論最適切？ 100 100 受 受 調 80 80 調 查 查 60 60 者 者 家 的 40 40 長 職 的 20 20 業 職 聲 0 業 0 望 聲 5年 10年 15年 20年 5年 10年 15年 20年 望 受調查者的受教育年數 受調查者的受教育年數 圖1 圖2 (A)家庭傳承給,xuece-civ-112-3
分科測驗,xuece-civ,112,公民 4,公民,同婚與基本權,C,E,S5,T2,C1,同婚：婚姻自由與平等權,古巴在2022 年實施新版「家庭法」，不論同性伴侶與異性伴侶皆可締結婚姻，成為第 一個同性婚姻合法化的共產國家。從我國憲法基本權利角度，該法落實的人權，與下列 哪項社會運動訴求的人權屬性最接近？ (A)多國女性串連訴求女性公開自身的受性騷擾經驗 (B)臺灣社會運動團體訴求的居住正義以及房市改革 (C)美國抗議警察針對黑人暴力執法所爭取的權利保障 (D)臺灣原住民族運動所爭取的土地正義與諮商同意權,xuece-civ-112-4
分科測驗,xuece-civ,112,公民 5,公民,偵查不公開與個資,C,E,S5,T2,C1,記者會公開嫌犯資訊：偵查不公開與個資,某日發生殺人案，警方經調查後召開破案記者會，指出有充分證據顯示甲應為兇手，並 在回答媒體問題時，說明甲的姓名、家庭狀況等個資。記者根據警方提供的個人資料， 報導甲家人的新聞，之後甲被起訴，並經法院判決有罪確定。對於本案中警方與記者的 行為，下列評論哪項最適切？ (A)因法院判決有罪，警方洩漏個資行為並未違反偵查不公開原則 (B)破案記者會的時間在起訴前，故警方並未違反偵查不公開原則 (C)警方提供記者與公益無關之嫌疑人個資，違反偵查不公開原則 (D)記者報導甲家人的相關新聞，,xuece-civ-112-5
分科測驗,xuece-civ,112,公民 6,公民,債權與物權,A,E,S4,T2,C1,租約是債權，房屋所有權是物權,圖3 是房東甲（房屋所有權人）和房客乙的 < 房客乙 對話。依據對話內容，從民法債權和物權的 特性分析，下列敘述何者正確？ 已讀 我們當初簽的一年租約快要到期了 房 (A)租約到期後，甲得請求乙返還房屋 1:27 PM 東 已讀 你還欠我好幾個月的租金 (B)甲將房屋出租，即喪失房屋所有權 1:28 PM (C)乙積欠租金，侵害甲的租金所有權 已讀 租約到期後請立刻搬走 1:28 PM (D)丙為新承租人，可要求乙搬離甲屋 已讀 我已經把房子租給丙了 1:29 PM 你要租給,xuece-civ-112-6
分科測驗,xuece-civ,112,公民 7,公民,貿易與比較利益（齊國）,B,R,S1,T2,C4,齊國禁止自製、向魯梁進口：利用貿易削弱對手,根據記載，春秋時期的齊國曾提倡穿綈服（一種絲、棉混織品），並禁止民眾生產，反 而用高於市價的價格自魯、梁兩國進口，魯、梁民眾因而放棄糧食生產，轉而投入生產 綈服。一年後，齊國突然禁止與魯、梁的貿易，造成兩國糧食價格高漲，導致兩國先後 投降齊國。從社會福祉的角度分析，下列哪種人民的損失是促使兩國投降的主因？ (A)生產糧食的生產者剩餘 (B)購買糧食的消費者剩餘 (C)生產綈服的生產者剩餘 (D)購買綈服的消費者剩餘,xuece-civ-112-7
分科測驗,xuece-civ,112,公民 8,公民,寡占與聯合行為,D,R,S5,T2,C4,廠商減少：寡占，容易聯合,某地區網路服務市場原本共有六家廠商，今年經併購後減少為四家。在不考慮其他條件 下，前述變動對該地區廠商聯合漲價難易度的影響，下列哪項分析最合理？ (A)因彼此競爭激烈，消費者容易找到替代品，提升聯合漲價的難度 (B)因網路使用便利性提高，吸引更多人使用，提升聯合漲價的難度 (C)用戶共享網路服務，使廠商營運成本降低，更容易形成聯合漲價 (D)競爭家數減少，廠商為了獲取更高的利潤，更容易形成聯合漲價,xuece-civ-112-8
分科測驗,xuece-civ,112,公民 9,公民,文化位階（阿米希人）,A,E,S5,T2,C4,不用電與名牌：拒絕以消費展現地位,依據這位學者的判斷，阿米希人不使用電力及彰顯身分的商品，主要是為了避免造成下 列何種概念所描述的現象？ (A)文化位階 (B)環境衝擊 (C)刻板印象 (D)階級複製,xuece-civ-112-9
分科測驗,xuece-civ,112,公民 10,公民,多元文化主義,B,E,S5,T2,C7,尊重阿米希人的生活方式：多元文化主義,若欲對阿米希人表示尊重，並平等對待其信仰與特殊的社區生活，下列敘述何者最符合 多元文化主義的主張？ (A)禁止觀光客參訪該社區，避免其與不同文化交流互動 (B)保障社群信念，以法律免除其接受學校體制國民教育 (C)推廣其符合自然生態的農業知識，達到永續發展理想 (D)鼓勵學術界踴躍研究阿米希社群，以保障其文化傳承,xuece-civ-112-10
分科測驗,xuece-civ,112,公民 11,公民,少年隱私權,B,E,S5,T2,C1,公開少年資訊侵害隱私,從人權保障的觀點，評論本案與甲有關的情節，下列敘述何者最適切？ (A)警察局為維護甲的隱私要求刪文，無須法律依據 (B)甲如遭判刑確定，該項犯罪紀錄未來應加以塗銷 (C)為揭弊而揭露甲的個資，並未侵犯甲之隱私權利 (D)隱私應受保障，但因甲自身違法，無法要求賠償,xuece-civ-112-11
分科測驗,xuece-civ,112,公民 12,公民,名譽權訴訟,A,E,S5,T2,C2,名譽受損可請求損害賠償、回復名譽,題文中丙提起之訴訟，依據我國現行法律，下列主張或請求何者正確？ (A)丙可訴請法院，請法院判決除去其名譽所受侵害 (B)因名譽權屬人格權之損害，丙不可主張損害賠償 (C)丙因花瓶受損，可向乙請求相關財產損害之補償 (D)因花瓶毀損致精神上損害，丙可向乙請求慰撫金,xuece-civ-112-12
分科測驗,xuece-civ,112,公民 13,公民,內閣制特徵,A,R,S5,T2,C2,立法部門可倒閣：內閣制,依據題文訊息推論，該國政府體制最可能具有下列哪項特徵？ (A)立法部門對於行政部門得提出不信任投票 (B)立法部門得對各部會首長行使人事同意權 (C)國家元首對於立法部門通過的法案擁有否決權 (D)國家元首得對立法部門提出中央政府總預算案,xuece-civ-112-13
分科測驗,xuece-civ,112,公民 14,公民,原住民族權利,B,E,S5,T2,C2,原住民族權利的平等保障,從平等原則及人權的觀點檢視該部落成員的投書意見，以下評論何者最適切？ (A)國家應無差別對待全體國民，故不應該採納其意見 (B)為尊重多元文化與原住民族權利，故應採納其意見 (C)為落實保障個別原住民的權利，故應該採納其意見 (D)公有地開發應由全民公投決定，故不應採納其意見,xuece-civ-112-14
分科測驗,xuece-civ,112,公民 15,公民,媒體與 NCC 換照,D,E,S5,T2,C7,換照審查媒體的公共責任,題文中NCC 駁回換照申請的理由，與下列哪項主張最接近？ (A)大眾未必具有媒體識讀能力，需要政府適時介入以確保人民知的權利 (B)基於黨政軍退出媒體的理念，媒體對新聞事件的評論應保持中立立場 (C)媒體惡性競爭可能造成劣幣驅逐良幣，政府介入是保障新聞自由的必要之惡 (D)媒體的守門過程可能遭受不當干擾且違反專業倫理，新聞自由不應無限上綱,xuece-civ-112-15
分科測驗,xuece-civ,112,公民 16,公民,憲法法庭,C,K,S5,T2,C2,窮盡救濟途徑後才能聲請憲法法庭,在下列何種情況下，憲法法庭得依法受理本案？ (A)甲於行政訴願遭駁回後隨即聲請憲法法庭判決 (B)乙以個人的名義聲請憲法法庭對該案進行審查 (C)負責審理甲案件的法院聲請憲法法庭進行判決 (D)監察院主動向憲法法庭聲請審查法規是否違憲,xuece-civ-112-16
分科測驗,xuece-civ,112,公民 17,公民,中國政治的不可預測性,D,R,S5,T6,C8,權力集中、政策難預測,依據題文，跨國公司所指的中國當前之不可預測性，其根源最可能為下列何者？ (A)以黨領政導致政府效率不彰 (B)立法機關缺乏專業和自主權 (C)共產主義抗拒自由市場體制 (D)權力愈趨集中於個人與專斷,xuece-civ-112-17
分科測驗,xuece-civ,112,公民 18,公民,國際政治的佐證,D,E,S5,T2,C1,找能驗證國際政治變動的資料,依據題文資訊，若要探究國際政治變動是否如該學者所言，下列哪項資料最具有佐證力？ (A)聯合國大會以壓倒性票數通過譴責俄羅斯吞併烏克蘭領土，中國則棄權 註：聲索國是 (B)中國提出南海島礁主權爭議由其與各聲索國雙邊談判解決，美國則反對 指聲明索取某 地區領土主權 (C)美國嚴格管制對中國出口半導體技術及設備，以防止中國獲得先進技術 的國家。 (D)美國發布國家安全戰略，指出中國已有力量來實現重塑國際秩序的目標,xuece-civ-112-18
分科測驗,xuece-civ,112,公民 19,公民,勞動市場薪資,B,R,S5,T3,C4,企業撤出，勞動需求減少、薪資下降,依據題文推論，跨國公司的轉移計畫對於中國當年度勞動市場薪資的影響，最可能是下 列何者？ (A)工廠外移減緩景氣動能，降低求職者尋職誘因進而薪資下滑 (B)工廠外移減少跨國企業的工作職缺，不利於薪資上漲的態勢 (C)銷售轉移導致民眾增加購買國貨，推升勞動供給與薪資上漲 (D)銷售轉移帶動企業投資，釋放職缺並帶動勞動供給推升薪資,xuece-civ-112-19
分科測驗,xuece-civ,112,公民 20,公民,消費者保護（預售屋）,B,E,S5,T2,C4,不實廣告違反消費者保護,針對題文中建商的行為，下列論點何者合乎我國現行民法與相關法規範？ (A)若無脅迫他人買賣房屋，政府基於契約自由無法介入 (B)政府可透過消保法或公平交易法管制建商的泳池廣告 (C)刊登廣告係為勸說消費者購買，內容雖誇大並不違法 (D)泳池廣告不屬契約的一部分，依法不得拘束買賣雙方,xuece-civ-112-20
分科測驗,xuece-civ,112,公民 21,公民,預期與供需,B,R,S5,T3,C4,營造熱潮：影響預期、增加需求,題文中的建商，欲以不實廣告營造銷售熱潮來使預售屋價格上漲的作法，其涉及的經濟 學供需概念，與下列何者最相似？ (A)產糧大國發生戰爭無法出口，使得國際糧價大漲 (B)政府研擬調升菸酒稅率，紅標米酒價格應聲上漲 (C)提高基本工資帶動薪資上揚，廠商漲價反映成本 (D)數位相機銷售長紅，帶動相機記憶卡的價格上漲,xuece-civ-112-21
分科測驗,xuece-civ,112,公民 22,公民,預售屋政策影響,C,R,S5,T3,C4,禁止轉售，投機需求減少、價格下降,其他條件不變下，預售屋新規定實施後，對預售屋市場價格最可能造成下列哪項影響？ (A)健全預售屋市場吸引更多新建商，拉高預售屋價格 (B)紅單更為稀有反而吸引買家搶進，拉高預售屋價格 (C)炒作市場消失投資客卻步不進場，壓低預售屋價格 (D)打消建商推出預售屋案件的念頭，壓低預售屋價格,xuece-civ-112-22
分科測驗,xuece-civ,112,公民 23,公民,地方自治權限,A,R,S5,T2,C3,地方自治：各地許可不同,該國各地對於是否許可無人商店設置不一致的現象，與下列哪項政治制度因素最有關聯？ (A)憲法或法律明文保障地方政府自治權限 (B)中央政府制定法規須諮詢地方政府意見 (C)地方行政首長由地方人民直接選舉產生 (D)地方人民得對地方民意代表提出罷免案,xuece-civ-112-23
分科測驗,xuece-civ,112,公民 24,公民,成本與決策,B,R,S5,T2,C4,人力成本高，有利開設無人商店,關於可能影響開設無人商店與有人商店的因素，下列哪項因素最有利於促成該公司決 定在今年開設無人商店？ (A)關係企業協助降低店面裝修與進貨成本 (B)預期中央銀行下半年採取寬鬆貨幣政策 (C)基本工資的調升造成一年前員工人事成本大幅成長 (D)未來原物料成本漲幅和緩，降低科技設備投入成本,xuece-civ-112-24
分科測驗,xuece-civ,112,公民 25,公民,失業率與勞參率,A,R,S5,T2,C1,放棄求職者退出勞動力：勞參率下降,題文中經濟處境不利群體的困境對失業率與勞動參與率的影響，下列敘述何者正確？ (A)降低失業率，降低勞動參與率 (B)降低失業率，提高勞動參與率 (C)提高失業率，降低勞動參與率 (D)提高失業率，提高勞動參與率,xuece-civ-112-25
分科測驗,xuece-civ,112,公民 26,公民,社會安全制度,C,E,S5,T2,C1,社會保險、社會救助、福利服務的比較,若從不同社會安全制度的屬性或成效來分析甲、乙、丙三項方案，下列評論何者最適切？ (A)國家有責任解決低收入戶的急難困境，故甲方案經費必須增加 (B)乙方案可提升就業者競爭力，但屬教育支出而非社會安全預算 (C)丙方案雖非針對所有失業者，但社會變遷可能讓給付對象變多致經費須增加 (D)三方案皆為促進就業以解決大規模失業的有效政策，國家應考量成本而擇一,xuece-civ-112-26
分科測驗,xuece-civ,112,公民 27,公民,社會階層化（拆遷）,C,E,S5,T2,C1,拆遷弱勢住宅：社會階層化,該國際運動賽事辦理過程的社會住宅拆遷爭議，若以社會階層化的觀點而言，與下列哪 個情境最接近？ (A)某社區因人口外流與高齡化，商店街爆發倒閉潮，失業者發動集體抗議 (B)某老舊眷村面臨文資保存議題，市政府未取得住戶共識即強行拆除屋舍 (C)某捷運預定路線將行經貧民區，未先與該地的居民溝通便著手進行施作 (D)某地區因鄰近機場故承受起降噪音與其他限制，卻未獲政府發予回饋金,xuece-civ-112-27
分科測驗,xuece-civ,112,公民 28,公民,法治國原則,C,E,S5,T2,C2,強制遷出須有法律依據,當地市政府促使社會住宅居民遷出所採取的作為，從法治國原則的角度來看，下列敘述 何者正確？ (A)該作為屬於給付行政，因此只要未違反信賴保護即屬合法 (B)政府作為應追求公益，斷水措施是實現該公益的最佳手段 (C)該作為侵害個人權利屬干涉行政，因而違反法律保留原則 (D)興建主場館帶來公益大於人民損失，政府未違反比例原則,xuece-civ-112-28
分科測驗,xuece-civ,112,公民 29,公民,外部成本,B,R,S5,T2,C4,賽事造成的損失由第三者承擔：外部成本,題文所描述之該國際賽事引發的現象及其影響，何者最能以外部成本的概念來解釋？ (A)嚴重的預算赤字對政府的影響 (B)尖峰時間阻礙交通對通勤者的影響 (C)連鎖商店對傳統小店家的影響 (D)電視媒體高收視對國內廠商的影響,xuece-civ-112-29
分科測驗,xuece-civ,112,公民 30,公民,公民不服從,A,E,S5,T2,C1,公民不服從：是否公開、非暴力,依據題文，若要進一步探究該團體的抗議行動是否構成公民不服從，下列何者是最關鍵 的判斷要件？ (A)抗議手段無其他有效替代方案 (B)行動明顯反對政府的既定政策 (C)抗議者願意承擔相關法律責任 (D)行動獲得全國民眾支持的程度,xuece-civ-112-30
分科測驗,xuece-civ,112,公民 31,公民,集體勞動權,BD,K,S5,T2,C1,多選：團結權、協商權、爭議權,晚近，許多國家除落實勞工受基本勞動條件保障外，亦進一步保障勞工能積極與雇主討 論及商議勞動關係的權利。某國若亦欲推動後者，應立法落實下列哪些權利？ (A)確保獲得最低薪資 (B)得組織並加入工會 (C)確保勞動環境的安全 (D)得集體行動表達抗議 (E)不得要求連續超時工作,xuece-civ-112-31
分科測驗,xuece-civ,112,公民 32,公民,網路社會運動,ACD,E,S5,T2,C1,多選：網路動員的社會運動,某學者分析社會運動運用網路動員的情形，提出觀察如下： 甲、 原住民族運動在網路上並不活躍，少數存在的網站多由非原民夥伴建立及維護。 乙、 傳統婦運團體多形成實體社群，年輕婦運者則多以網路組織社群；這導致婦運內部 在某些議題上分裂。 丙、同志社運積極運用網路，更受惠於網路的匿名性，藉此提高找到倡議夥伴的可能性。 依據上述觀察，以下哪些推論正確？ (A)社運團體的世代差異會導致不同的動員策略 (B)歷史愈久的社運，內部對議題的歧見便愈大 (C)網路匿名性改善承受汙名群體的社運動員,xuece-civ-112-32
分科測驗,xuece-civ,112,公民 33,公民,選舉制度比較,AC,R,S5,T2,C3,多選：比較不同選舉制度,"甲、乙、丙三國的國會議員選舉採行不同選舉制度，這三種制度亦存在於我國中央與地 方民意代表選舉中。表2 是這三國最近一 表2 甲國 乙國 丙國 次國會選舉的資料，依據該表，關於這三國 全國應選名額 200 250 300 選舉制度的運作，下列哪些推論合理？ 全國參選人數 600 500 1,500 (A)甲國小黨候選人在選舉中當選的機會 選區數目 200 100 1 低於乙丙兩國 女性當選人數 100 125 150 (B)乙國候選人必須在選區中獲得最高票 無黨籍當選人數 8 ",xuece-civ-112-33
分科測驗,xuece-civ,112,公民 34,公民,公民會議研究,D,D,S1,T4,C8,綜合摘要判斷研究主題,綜合上述四段摘要內容，該研究報告的主題最可能為下列何者？ (A)性別化的爭議議題討論：以公民會議為例 (B)不同議題對於兩性在公民會議參與的影響 (C)公民會議參與歷程及影響意見發言的因素 (D)公民會議過程的言說互動及其不平等樣貌,xuece-civ-112-34
分科測驗,xuece-civ,112,公民 35,公民,非選：審議民主要件,非選,E,S5,T0,C3,非選：審議民主的要件,綜合上述四段摘要，最能凸顯哪兩項應該實踐或強化的審議民主要件？請依據題文歸納 出兩項要件，並在答題卷作答。（6 分；每項各10 字內） 應該實踐或強化的審議民主要件（各10字內） 要件一 要件二,xuece-civ-112-35
分科測驗,xuece-civ,112,公民 36,公民,繼承與特留分,D,D,S4,T5,C2,依民法判斷繼承與特留分,依據題文描述及現行民法規定，下列哪項分析正確？ 甲屋 (A)小華與小明並沒有任何其他親屬 乙屋 (B)小華取得之遺產侵害小明特留分 (C)小華與小明父親的配偶仍然在世 圖4 (D)小華與小明兩人的應繼分應相同,xuece-civ-112-36
分科測驗,xuece-civ,112,公民 37,公民,非選：法官判決原則,非選,E,S5,T0,C2,非選：法官判決的法律原則,依據題文資訊，法官判決小明勝訴，最可能是依據何種原理原則？理由為何？請在答題 卷表格左欄勾選一項，再於右欄依據此原則說明法官判決小明勝訴之理由。（5 分，30 字內；左欄未勾選或勾選錯誤，則本題不計分） 原理原則 說明該判決之理由（30 字內） 信賴保護 特別犧牲 禁止權利濫用 所有權絕對性,xuece-civ-112-37
分科測驗,xuece-civ,112,公民 38,公民,物價水準比較,C,D,S2,T5,C5,由物價指數比較區域物價,若僅根據圖5 資訊比較「歐洲及中亞」與「北美」整體物價水準的差異，結合供需架構 和物價相關知識，下列推論何者最合理？ (A)歐洲及中亞因較多人口刺激消費使物價水準高於北美 (B)歐洲及中亞因較高所得刺激消費使物價水準高於北美 (C)北美央行執行較多寬鬆貨幣政策而使物價水準高於歐洲及中亞 (D)北美央行出售較多債券或定期存單使物價水準高於歐洲及中亞,xuece-civ-112-38
分科測驗,xuece-civ,112,公民 39,公民,非選：資料選擇,非選,D,S2,T0,C5,非選：比較不同資料的依據,"依據圖5，該生與老師最可能分別依據哪些資料？與老師依據的資料相較，該生依據的 資料不適合之原因為何？請在答題卷表格中的左欄勾選該生所依據的資料，於中欄勾 選老師所依據的資料，最後在右欄說明該生所依據的資料較不適合之原因。（6 分；右 欄25 字內；左欄和中欄任一欄未勾選或勾選錯誤，則右欄不給分） 該生依據的 老師依據的 該生所依據資料較不適合的原因（25 字內） 資料 資料  Ⅰ, Ⅱ  Ⅰ, Ⅱ  Ⅰ, Ⅲ  Ⅰ, Ⅲ  Ⅱ, Ⅲ  Ⅱ, Ⅲ",xuece-civ-112-39
分科測驗,xuece-civ,112,公民 40,公民,國際公約國內法化,A,E,S5,T2,C2,國際公約經立法具國內法效力,依據CRPD 與我國法之關係來評論題文中主管機關之作為，下列何者最適當？ (A)因公約已經國內法化，主管機關作為符合依法行政 (B)未經國際專家審查，主管機關即做出決策故屬違法 (C)因公約具有命令位階，政府仍應遵守相關公約內容 (D)因公約內容未違反既有法規，政府可做為施政參考,xuece-civ-112-40
分科測驗,xuece-civ,112,公民 41,公民,成本效益,C,E,S2,T2,C5,比較增加身障座位的成本與效益,若僅根據表格中的正反意見，對於是否增加身障座位的評估，應針對下列哪組成本效益 進行比較？ (A)「身障座位門票收入」與「拆除原本座位成本」 (B)「身障座位門票收入」與「增建身障座位成本」 (C)「看不見的效益」與「施工成本加上門票損失」 (D)「看不見的效益加上門票收入」與「施工成本」,xuece-civ-112-41
分科測驗,xuece-civ,112,公民 42,公民,公共參與,D,E,S5,T2,C1,決策歷程納入利害關係人：公共參與,依據題文資訊及民主治理的核心概念，該音樂廳整修方案的決策歷程，與下列哪項公共 參與案例最相似？ (A)縣市政府與律師公會合作，提供身心障礙者免費法律諮詢服務 (B)縣市長候選人徵詢民間團體意見，再提出無障礙福利政策政見 (C)立法院接受民間團體遊說，修法納入身心障礙者個人協助服務 (D)教育部召開公聽會，規劃全國校園整體無障礙環境的相關指引,xuece-civ-112-42
分科測驗,xuece-civ,112,公民 43,公民,非選：共融模式,非選,E,S5,T0,C2,非選：共融模式的做法,根據題文，市政府採用的方案應為何者？該方案的作法及其分別呼應的共融模式原則為 何？請在答題卷表格左欄先勾選一項方案；其次，依據題文於中欄寫出該方案的三項作 法，並在右欄勾選每項作法呼應的原則。（5 分；左欄未勾選或勾選錯誤，則本題不計分） 勾選一項方案 寫出該方案之三項作法（每項10 字內） 勾選作法呼應之原則 □ Ⅰ 或 □ Ⅱ □甲 作法一 □乙 □ Ⅰ 或 □ Ⅱ 作法二 □丙 □ Ⅰ 或 □ Ⅱ 作法三,xuece-civ-112-43
分科測驗,xuece-civ,113,公民 1,公民,障礙者參與,A,E,S5,T2,C1,學校規劃忽略障礙兒童：制度性排除,某國研究指出：障礙兒童就學期間鮮少參與畢業旅行，因為學校規劃畢旅時，常習慣性 略過討論障礙兒童需要的支持措施，而障礙兒童也少有參與意願。從社會規範之作用來 檢視此現象，下列敘述何者最適切？ (A)將障礙兒童的不願參與視為理所當然，將限縮其自我發展 (B)校方未能輔導障礙兒童提升人際互動之自信心，顯有失職 (C)若校方強迫障礙兒童須參加畢旅，反而未能尊重其自主性 (D)學校未提供畢業旅行替代選項，已構成對障礙兒童的歧視,xuece-civ-113-1
分科測驗,xuece-civ,113,公民 2,公民,疫情與社會不平等,D,E,S5,T4,C8,疫情對弱勢衝擊更大，加深不平等,對於疫情如何影響社會，有兩種不同觀點。甲觀點主張：疫情影響廣、且無人倖免，所以 是「公平」的；乙觀點則認為疫情的影響 II 程度，會因個人所處的社會、經濟地位而 60 I 有不同。圖1 是某國有關不同族群的疫情 40 數據。請問下列有關該資料的解釋敘述， 百 III 分 何者最正確？ 比 20 IV (A)支持甲觀點，因Ⅰ大於Ⅲ (B)支持乙觀點，因Ⅱ大於Ⅲ 0 優勢族群 邊緣族群 (C)支持甲觀點，因Ⅰ小於Ⅱ 族群 圖1 (D)支持乙觀點，因Ⅲ大於Ⅳ 占新冠肺炎確診數的百分,xuece-civ-113-2
分科測驗,xuece-civ,113,公民 3,公民,學生政治參與,D,E,S5,T2,C1,研究設計要能比較不同類型大學,有學者想了解就讀不同類型大學之學生政治參與度，並進一步分析其對高等教育政策 的啟示。表1 為該學者的調查結果，依據表1 資料，下列哪項分析最適切？ 表1 政治參與度（%） 就讀的大學類型 總和 低 中 高 公立一般大學 2.5 39.8 57.7 100 私立一般大學 4.7 41.1 54.2 100 公立技職大學 6.9 58.7 34.4 100 私立技職大學 8.1 67.3 24.6 100 (A)公立大學學生政治參與度較私立大學高，凸顯出高等教育並未能促進政治平等,xuece-civ-113-3
分科測驗,xuece-civ,113,公民 4,公民,身心障礙補助,B,E,S5,T2,C4,補助標準僵化，未考量個別需求,我國障礙者依法可向政府申請補助，僱用助理協助生活。小天提出申請，政府依據既有 預算額度及權限，核定部分而非足額補助。小天認為這違反身心障礙者權利公約，因該 公約要求政府應保障身心障礙者自立生活。依據我國法律體系，對本案政府作為的評論， 下列何者最適當？ (A)政府核定補助應依既有預算額度及權限，而非依國際人權公約 (B)依該公約施行法精神，政府應盡量補助讓小天能夠自立之費用 (C)須經國際專家建議，政府才應補助讓小天足以自立生活之費用 (D)基於個人自我負責理念，政府不應該補,xuece-civ-113-4
分科測驗,xuece-civ,113,公民 5,公民,勞動契約,D,E,S5,T2,C2,切結書限制勞工權益，違反勞動法規,某公司與甲簽訂業務員工作契約，並要求甲同意接受切結書約束。切結書要求，甲在工作 期間不得無故拒絕加班。針對該切結書的權利義務關係，下列敘述何者正確？ (A)切結書不屬甲與公司簽訂之勞動契約內容，不會發生法律效果 (B)為避免雇主欺壓勞工，勞動契約不應該限制勞工在職時的行為 (C)依據私法自治原則，甲須受到該切結書的拘束且不得表示反對 (D)甲如果認為切結書內容不當，可依據勞資爭議處理法請求調解,xuece-civ-113-5
分科測驗,xuece-civ,113,公民 6,公民,行政救濟,A,E,S5,T2,C2,不服中央部會裁罰：訴願、行政訴訟,有廠商因違反管制藥品管理條例之相關規定，遭衛生福利部裁罰。該廠商認為裁罰違法， 乃提起行政救濟。依據現行法律規定，下列何者是該廠商提出行政救濟的正確途徑？ (A)先向行政院提起訴願，被駁回後再向高等行政法院提起行政訴訟 (B)先向高等行政法院提起訴訟，如果敗訴再上訴最高法院或大法庭 (C)先向行政院提起訴願，如遭駁回再向最高行政法院提起行政訴訟 (D)先向高等法院提起訴訟，如敗訴後向高等行政法院提起行政訴訟,xuece-civ-113-6
分科測驗,xuece-civ,113,公民 7,公民,多元文化,C,E,S5,T2,C7,少數族群獲獎：肯認多元文化,某國一個少數族群音樂團體，經過激烈競爭，獲得該國政府頒發音樂界最高獎項，發表 以下感言：「感謝這個獎項支持多元族群文化；在這片多元、自由和民主的創作沃土， 不但讓許多的『我』，可以是不同的『我』，也讓許多的『我』，願意在這個國家成為 『我們』」。從國家政策及其影響的角度，該團體的感言與下列哪項論述最吻合？ (A)鼓勵多元文化自由競爭的國家政策，有利於文化創新發展 (B)肯認不同族群文化的國家政策，最能滋養多元創作的沃土 (C)文化的多元認同與國家政策關係密切，後者能夠促成前者,xuece-civ-113-7
分科測驗,xuece-civ,113,公民 8,公民,校園民主,B,E,S5,T2,C3,學生代表參與校務會議：校園民主,小艾擔任高中學生會會長，根據相關規定，她得以學生會會長身分，出席校務會議為學生 發聲，並擁有表決權。小艾認為這些規定和實踐，展現校園民主精神，因此從未缺席且 積極參與。前述校園民主的實踐，與下列哪項政府落實民主治理的理念最相近？ (A)政府機關應對公投案提出意見書，告知人民通過與否的法律效果 (B)政府計畫在某地興建焚化爐前，於該地舉辦公聽會聽取居民意見 (C)主管機關建置大專校院校務資訊公開平臺，公布各校新生註冊率 (D)地方行政首長須定期到議會作施政報告，並接受議員的監督,xuece-civ-113-8
分科測驗,xuece-civ,113,公民 9,公民,內閣制與總統制,B,R,S5,T2,C3,比較內閣制與總統制的運作,甲、乙兩國為兩黨制的民主國家，其政治體制一為內閣制，另一為總統制；且兩國歷次 國會大選皆有一黨獲得過半數席次。在體制運作上，甲國政府經常遭批濫權，乙國則常 出現政府運作僵局。依據題文，下列何者最符合甲國或乙國的體制特徵？ (A)甲國總統得否決國會通過的法案 (B)甲國總統公布法令皆須閣揆副署 (C)乙國內閣閣員須由國會議員兼任 (D)乙國內閣閣員須至國會接受質詢,xuece-civ-113-9
分科測驗,xuece-civ,113,公民 10,公民,村里長選舉,C,D,S2,T5,C5,由候選人數與同額競選判斷競爭程度,"表2 是我國某年村里長選舉的統計資料，若根據此表推論該年村里長選舉的競爭情況， 下列何者最適當？ 表2 各參選人數的村里數（%）統計 各政黨的當選人數（%）統計 參選人數 村里數（%） 政黨名稱 當選人數（%） 一人 2,588（33.2） 中國國民黨 1,221（15.8） 二人 3,675（47.1） 民主進步黨 285（ 3.7） 三人 1,143（14.7） 其他政黨 8（ 0.1） 四人以上 389（ 5.0） 無黨籍 6,230（80.4） (A)各村里普遍競爭激",xuece-civ-113-10
分科測驗,xuece-civ,113,公民 11,公民,公平交易（油品聯合）,A,E,S5,T2,C1,協會公告一致油價：聯合行為,某國有數家油品供應商組成協會，該協會定期公告一致的汽柴油售價，被該國政府認定 為影響油品市場而依法開罰。下列何者亦可能因相同的理由被該國政府判定違法？ (A)水泥業者互設監視器查核出貨數量及地點，以控制產品供應 (B)疫情期間有廠商囤積口罩及酒精等防疫用品，試圖哄抬價格 (C)廠商於廣告謊稱產品獲得多國專利權的認證，擴大銷售市場 (D)地緣戰爭油價大漲，航空業者於旅遊旺季紛紛調漲機票價格,xuece-civ-113-11
分科測驗,xuece-civ,113,公民 12,公民,工會與生活水準,C,R,S5,T2,C1,工會影響力高，勞工生活水準較高,下列有關工會體制影響力的敘述，何者最能反映題文所描述的現象？ (A)工會越能爭取勞工權益，越能影響勞工的投票支持對象 (B)工會存在的目的，係為保障生產力較低落的弱勢勞動者 (C)工會參與度愈大愈有影響力，可提升個人與公眾的福祉 (D)工會提供反制與對抗的手段，有助政黨政治的蓬勃發展,xuece-civ-113-12
分科測驗,xuece-civ,113,公民 13,公民,工會政治參與,A,E,S5,T2,C1,工會透過政治參與影響政策,依據題文，該專家最可能支持工會採取下列哪個政治參與的立場？ (A)工會透過勞工運動影響政黨政策偏好，擴大勞工政治參與 (B)工會應致力舉辦遊行以彰顯自身自主性，並爭取勞方權益 (C)工會與政黨如果運動的目標一致時，即可接受政黨的領導 (D)工會是壓力團體，應自行提名候選人參與選舉來實現目標,xuece-civ-113-13
分科測驗,xuece-civ,113,公民 14,公民,GDP 計算,A,D,S4,T5,C4,只計算最終財貨的附加價值,"根據圖2，小華的行為增加該國當年多少GDP？ (A) 600元 (B) 1,400元 (C) 1,600元 (D) 3,000元",xuece-civ-113-14
分科測驗,xuece-civ,113,公民 15,公民,價格與誘因,D,R,S5,T3,C4,肉粽價格上升，自己包的誘因增加,若僅從肉粽市場價格變動如何影響小華自包粽子的誘因來思考，下列哪項政府政策 最可能減少小華包粽子的次數？ (A)加強肉粽店家稽查抽驗，以利追溯原料來源 (B)調高基本工資，使得肉粽攤販人力受到影響 (C)增加進口原料關稅，因而影響相關食材價格 (D)健全肉粽店家的自動化設備，增加生產效率,xuece-civ-113-15
分科測驗,xuece-civ,113,公民 16,公民,刑罰觀點,C,E,S5,T2,C2,刑罰觀點：應報或預防,題文中學者甲所依據之刑罰觀點，與下列哪項主張的觀點最可能一致？ (A)虐童致死應一律判處死刑，以提高刑罰的方式遏止犯罪 (B)廢止少年事件處理法，使少年與成年人負相同刑事責任 (C)修改刑法將吸毒除罪化，改透過教育等方式來解決問題 (D)高齡者行為時無識別能力，即使違反刑法亦應判處無罪,xuece-civ-113-16
分科測驗,xuece-civ,113,公民 17,公民,社會學派主張,D,E,S5,T2,C6,衝突論：弱勢群體受結構限制,下列何者最可能是學者乙引用之學派特別重視的主張？ (A)能力屬弱勢之群體，往往在社會競爭中落入不利處境 (B)市場競爭有助提升動機，將促使能力較佳者更有成就 (C)確保才能優異者獲得高報酬工作，始可促進社會發展 (D)看似合理的社會資源分配，常潛藏機會的壟斷與排除,xuece-civ-113-17
分科測驗,xuece-civ,113,公民 18,公民,社會運動,C,E,S5,T2,C1,社會運動透過動員影響政策,下列有關社會運動如何運作並產生作用的敘述，何者最能說明該公民團體的行動？ (A)社會運動強調由下而上，因而致力批判政府施政且避免與官方合作 (B)社會運動目標在於改變法規，故重視爭取輿論支持以取得執政權力 (C)社會運動無論能否立即改變政策，若能引發公眾討論即屬發揮成效 (D)社會運動重視減少社會成本，應盡量透過媒體推動以避免街頭衝突,xuece-civ-113-18
分科測驗,xuece-civ,113,公民 19,公民,信賴保護,C,E,S5,T2,C2,廢止授益處分要考量信賴保護,依據行政法原理原則，以下針對該廢止處分的法律評價，何者最適當？ (A)政府不應廢止該協會合法之權利，以免違反信賴保護原則 (B)協會受政府委託執行教師訓練，故廢止處分未侵害其權利 (C)經法律明確授權，政府始能依該命令合法廢止協會之資格 (D)政府逕依行政命令加以廢止，違反行政法的法律優位原則,xuece-civ-113-19
分科測驗,xuece-civ,113,公民 20,公民,原住民立委保障,B,E,S5,T2,C1,平地原住民保障名額：保障少數群體,我國平地原住民立委應選名額的規劃，最主要是植基於下列哪項人權理念？ (A)保障平地原住民的個人權利 (B)促進原漢族群間的實質平等 (C)維護平地原住民的自決權利 (D)實現不同族群的無差別對待,xuece-civ-113-20
分科測驗,xuece-civ,113,公民 21,公民,原住民身分救濟,D,E,S5,T2,C1,身分認定的救濟途徑,甲訴求之途徑，在下列哪一情況下才能得到實現？ (A)當主管機關拒絕甲登記，甲得以權利受損為由而立即聲請 (B)甲可以提出陳情，由原住民立法委員以個人名義代為聲請 (C)基於選舉制度保障原住民參政權，由甲所屬原住民族提出 (D)甲在進行訴訟時，負責審理之法院可以在必要時加以提出,xuece-civ-113-21
分科測驗,xuece-civ,113,公民 22,公民,比例原則（限水）,B,E,S5,T2,C1,限水措施要符合比例原則,對政府採取的限水措施，從行政法原理原則的觀點來看，下列評論何者最適當？ (A)限水只要能延長人民使用民生用水時間，即符合比例原則要求 (B)限水措施須能夠維護公益，且不得對人民權利造成過度的侵害 (C)民生用水為人民生存所必須，因此政府限水措施自屬最小侵害 (D)依平等原則，政府規劃限水應確保每位國民都擁有相等用水量,xuece-civ-113-22
分科測驗,xuece-civ,113,公民 23,公民,水資源配置,C,R,S5,T2,C4,以價格反映水資源稀少性,依據題文，該學者最可能提出下列何項建議以因應缺水問題？ (A)基於產業發展，政府宜按每個產業的產值決定供水配額 (B)維護民眾生活權益，政府宜限制水價並補貼自來水公司 (C)尊重使用者付費精神，政府應允許自來水公司調高水價 (D)確保民眾的公共利益，政府應投資海水淡化以擴大水源,xuece-civ-113-23
分科測驗,xuece-civ,113,公民 24,公民,中央與地方權限,B,K,S5,T2,C1,中央與地方的權限劃分,依照我國中央與地方政府的權力劃分，下列哪項論述最足以支持小雨的主張？ (A)水資源資訊蒐集和研究，是中央政府專屬職權 (B)水資源分配和調度的屬性，較適合由中央決定 (C)縣市首長係由民選，故易受民意壓力改變限水決定 (D)縣市政府之間易因執政政黨不同，而難以協調整合,xuece-civ-113-24
分科測驗,xuece-civ,113,公民 25,公民,全球化與國家治理,B,R,S5,T6,C8,全球化限制國家的政策自主,依據題文推論全球化對國家治理帶來的挑戰，下列哪項論述最合理？ (A)經濟衝突取代政治競爭，改變國家主權運作 (B)全球連動加深，影響政府控制環境變局能力 (C)非政府組織跨國運作，削弱國家的治理能力 (D)全球貿易更加互相依賴，改變國家治理疆界,xuece-civ-113-25
分科測驗,xuece-civ,113,公民 26,公民,WTO 與農業,C,R,S5,T2,C1,開放進口使小國農民受衝擊,依據題文，小國農民反對WTO 最可能的原因為何？ (A)為符合最惠國待遇原則，政府可能取消農地休耕補助 (B)加入WTO破壞糧食的自給自足，容易造成糧食短缺 (C)入會後供給增加將導致稻米價格滑落，影響農民生計 (D)為符合公平與互惠原則，政府將會提高進口肥料售價,xuece-civ-113-26
分科測驗,xuece-civ,113,公民 27,公民,損失補償,A,E,S5,T2,C1,政策造成特別犧牲：損失補償,題文所述農民權利受損情境若發生於我國，農民可依法主張下列何項措施？ (A)政府政策使農民蒙受特別犧牲，因此國家應該負責補償 (B)政府官員即使無故意過失，國家仍應負責賠償農民損失 (C)政府官員簽約行為屬違法執行職務，應該由其補償農民 (D)政府開放農產品進口侵害農民生存權，應該由國家賠償,xuece-civ-113-27
分科測驗,xuece-civ,113,公民 28,公民,失業類型,A,R,S5,T2,C1,產業萎縮造成的失業：結構性失業,題文所述之助產士行業，其所面臨之失業類型與下列何者最相似？ (A)八○年代臺灣紡織產業外移，造成國內工作機會減少 (B)新冠肺炎疫情導致景氣衰退，觀光產業因而裁減人力 (C)薑母鴨店家的旺季在冬季，一到夏季就有員工會失業 (D)學生畢業要找工作，不一定能夠立刻媒合到合適公司,xuece-civ-113-28
分科測驗,xuece-civ,113,公民 29,公民,立法程序與利益團體,B,E,S5,T2,C2,立法避免被利益團體主導,關於該國國會未來可能的作為，下列何者最符合甲學者的提醒？ (A)避免利益團體妨礙立法，程序應該秘密並防止外界干預 (B)為使法律內容更完善，立法程序應充分考慮反對者意見 (C)試辦計畫已證明結果良好，首要考量應為儘速完成立法 (D)為落實助產制度，立法程序應該主要考慮助產士之權利,xuece-civ-113-29
分科測驗,xuece-civ,113,公民 30,公民,專業與性別,B,E,S5,T2,C7,技術專業與性別刻板印象,依據題文，乙學者對於技術專業定位與性別密切相關的看法，最適合以何項論述表示？ (A)要判斷新舊技術的專業性高低，有必要衡量其對於不同性別的影響 (B)新舊技術的專業性高低判斷，會受到性別之社會階層化體制所影響 (C)傳統性別角色使女性僅能從事照顧工作，導致其薪資與職業聲望皆較低 (D)助產工作雖屬傳統技術，但並非專屬女性而是無論男女皆應能平等參與,xuece-civ-113-30
分科測驗,xuece-civ,113,公民 31,公民,政治參與途徑,D,E,S5,T2,C2,透過立委提案修法,若該事件發生在我國，該倡議團體欲實現其主張，應循下列哪項政治參與途徑最能對 政府產生拘束力？ (A)組織壓力團體並向立法機關進行遊說 (B)透過媒體發聲以影響公共意見的形成 (C)投票支持立場相同的立法委員候選人 (D)發起公民投票並達到公投通過的門檻,xuece-civ-113-31
分科測驗,xuece-civ,113,公民 32,公民,刑事訴訟（移工）,BC,E,S5,T2,C2,多選：刑事訴訟的權利保障,若此事件發生於我國，下列哪些評論符合刑事訴訟法之法理？ (A)甲在偵訊室內，原則上依法不得拒絕警察的詢問 (B)甲無須因警察要求而交出居留證，並可保持沉默 (C)警察拒絕甲要求的作為，可能損及甲的法律權利 (D)警察認定甲涉嫌有其依據，不違反無罪推定原則 (E)警察可依據職權行使自由心證，判決甲構成犯罪,xuece-civ-113-32
分科測驗,xuece-civ,113,公民 33,公民,交易成本,AC,R,S5,T2,C4,多選：移工轉換雇主的交易成本,若從投入勞動市場所需付出交易成本的角度分析，題文所述移工轉換雇主遭遇的問題， 與下列哪些情況較相似？ (A)進入該國工作須額外支付昂貴仲介費，移工深受其害且無法改善 (B)司法警政單位長期缺乏語言通譯人員，移工常遭遇人身安全問題 (C)移工在勞動契約期滿後，若想延長居留須向母國重辦海外工作證 (D)逃逸移工之勞動契約，不適用基本工資保障與特別休假天數規定 (E)移工長期處於高工時低薪資的高壓環境中，卻難以透過法律改善,xuece-civ-113-33
分科測驗,xuece-civ,113,公民 34,公民,移工權益,BE,E,S5,T2,C1,多選：解決移工權益問題,依據題文，下列哪些作法較能解決移工權益團體特別關切的問題？ (A)以移工來源國語言加強法治宣導，協助移工克服因語言面臨的困境 (B)打破國際移工與高犯罪率有所連結的迷思，或與治安問題劃上等號 (C)提供涉入司法案件移工協助措施，彌補其在司法程序中的不利處境 (D)重視移工因工作剝削致其逃逸的現象，並檢討移工更換雇主的權益 (E)全面檢討員警考核方式，避免員警為提高績效而不當盤查無證移工,xuece-civ-113-34
分科測驗,xuece-civ,113,公民 35,公民,審議民主,CE,E,S5,T2,C2,多選：審議民主的做法,若該國政府著手回應移工權益團體的關切，下列哪些作為較能彰顯審議民主的精神？ (A)邀集民意代表開會協商、共同審議歧視移工的罰則 (B)提出保障移工積極平權的措施，交由公民投票決定 (C)廣邀利害關係者開會，以研議相關的移工保障措施 (D)諮詢移工仲介機構的意見，強化移工增能訓練方案 (E)邀請移工參與協商對話，擬訂防止歧視性執法規範,xuece-civ-113-35
分科測驗,xuece-civ,113,公民 36,公民,消費者剩餘,A,R,S5,T2,C4,新鮮感消退，消費者剩餘減少,以消費者剩餘的角度思考，下列何者最能說明冰淇淋店後來排隊人潮的消散？ (A)產品價格不變，但消費者願付價格降低 (B)廠商利潤減少，使消費者願付價格降低 (C)消費者願付價格不變，且廠商生產成本降低 (D)消費者願付價格不變，但排隊時間成本增加,xuece-civ-113-36
分科測驗,xuece-civ,113,公民 37,公民,非選：權利特性,非選,E,S5,T0,C2,非選：權利的特性與法律依據,依據題文中店主之主張，其受損權利之特性為何？網友的主張，其背後所依據的法律 理由為何？請在答題卷左欄勾選一項特性，再於右欄說明網友依據的兩個法律理由。 （5 分；右欄作答字數為30 字內） 店主受損權利的特性 網友依據的兩個法律理由（30 字內） □原則上不能經由繼承取得 □基於特定身分關係而產生 □只能針對契約相對人主張 □受損後只可以主張慰撫金,xuece-civ-113-37
分科測驗,xuece-civ,113,公民 38,公民,共有資源悲劇,C,R,S5,T2,C1,過度使用海岸資源：共有資源悲劇,上述牽罟旅遊活動所引發的問題，最適合以下列何者來描述？ (A)因為收益下降，導致民眾生產誘因不足 (B)因外部成本致生產不足，有賴政府矯正 (C)政府補貼刺激供給，反而增加外部成本 (D)補貼造成活動價格上漲，導致過度捕撈,xuece-civ-113-38
分科測驗,xuece-civ,113,公民 39,公民,非選：國家體制,非選,E,S5,T0,C7,非選：牽罟文化替代的國家體制,依據題文，牽罟文化曾替代的現代國家體制最可能為何？符合該項體制的牽罟文化 特色為何？請在答題卷左欄勾選一項體制，再依據題文於右欄摘述符合該項體制的 文化特色。（5 分；左欄須勾選正確本題始計分；右欄作答字數為20 字內） 最可能替代的國家體制 符合該項體制的牽罟文化特色（20 字內） □社會保險體制 □慈善救濟網絡 □社會救助制度,xuece-civ-113-39
分科測驗,xuece-civ,113,公民 40,公民,貨幣政策,A,D,S2,T5,C5,由利率變化推論央行政策,若將圖3 市場利率視為央行的政策利率，在1954 至1956 年間，下列何者是央行最合理 的政策目標？ (A)預防經濟衰退，刺激廠商投資 (B)執行寬鬆貨幣政策，增加個人儲蓄 (C)控制通貨膨脹，刺激家庭消費 (D)執行緊縮貨幣政策，落實居住正義,xuece-civ-113-40
分科測驗,xuece-civ,113,公民 41,公民,非選：利率與景氣,非選,D,S2,T0,C5,非選：找出與理論不符的期間,依據圖3 的兩筆資料，哪段期間的趨勢無法從「景氣影響廠商投資，進而改變可貸資金 市場利率」的角度加以解釋？請在答題卷左欄勾選一段期間，再於中欄描述該期間景氣 與利率的趨勢，並於右欄說明因市場需求或供給的何種變動方向，以致無法解釋該期間 的利率趨勢。（6 分，左欄勾選錯誤，則本題不計分） 說明市場需求或供給的變動方向 描述該期間景氣與利率的趨勢 期間 （10 字內） （6 字內） 1950-1952 1952-1954 1956-1958,xuece-civ-113-41
分科測驗,xuece-civ,113,公民 42,公民,中美國力,D,D,S1,T4,C8,綜合三份資料的主題,下列哪項主題最能同時涵蓋題文的三份資料？ (A)中、美兩國國家實力和世界影響力比較 (B)中、美經濟對抗與國際政治結盟的關係 (C)中國威脅起源及對亞太地緣政治的影響 (D)中國經貿和外交關係與國際秩序的關連,xuece-civ-113-42
分科測驗,xuece-civ,113,公民 43,公民,非選：抗衡策略,非選,R,S1,T0,C8,非選：判斷哪國最可能抗衡中國,綜合題文三份資料，甲乙丙三國之中，何者最可能對中國採取抗衡策略？該國所處象限 為何？串連表3 哪兩項事證最足以判斷該國可能採取抗衡策略？請在答題卷左欄寫出 國家代號及其所處象限，再於右欄說明表3 最足以判斷的兩項串連事證。（6 分；左欄 須完全答對，本題始計分；右欄作答字數為27 字內，須寫出兩項，本欄始計分） 國家代號及所處象限 表3 最足以判斷的兩項串連事證（27 字內） 該國為 國，位於 象限。 該國,xuece-civ-113-43
分科測驗,xuece-civ,114,公民 1,公民,法律保留（街頭藝人）,D,E,S5,T2,C2,限制表演活動須有法律依據,我國各縣市政府對街頭藝人從事表演活動，各自制定相關管理辦法，規範街頭藝人若欲 在公共空間進行展演，須向縣市管理機關申請並獲許可後始得演出。上述政策作為涉及 的縣市政府職權運作，其屬性與下列哪項事例最接近？ (A)縣市輪流承辦國慶日煙火表演活動 (B)縣市辦理轄區內立法委員選舉事宜 (C)爭取於高鐵行經路線設立縣市車站 (D)建置縣市公共自行車事故處理流程,xuece-civ-114-1
分科測驗,xuece-civ,114,公民 2,公民,聯合國與人道干預,C,R,S5,T6,C3,聯合國介入內戰：人道干預的爭議,某聯合國正式會員國，長期因國內族群衝突及鄰近國家的介入，導致武裝衝突不斷， 甚至針對少數族群展開滅絕行動。對此，聯合國疾呼國際社會必須共同承擔並及時採取 行動。聯合國及國際社會採取下列哪項作法，最有助於解除上述危機？ (A)對鄰近介入國家實施經濟制裁 (B)提供該國救援物資及人道協助 (C)派遣聯合部隊至該國維護秩序 (D)對族群滅絕的首謀發出逮捕令 表1,xuece-civ-114-2
分科測驗,xuece-civ,114,公民 3,公民,障礙者處境,B,D,S2,T5,C5,障礙者勞參率與識字率較低,小亞為撰寫障礙者社會處境的探究學習 類別 勞動力參與率 識字率 報告，蒐集表1 的數據。依據表1，以下敘述 男性全體 67% 99% 何者最適合解釋女性障礙者的社會處境？ 女性全體 51% 97% (A)較易因識字程度而遭遇玻璃天花板限制 男性障礙者 25% 92% 女性障礙者 (B)更易因自身的教育資本而影響勞動參與 14% 73% (C)較難避免因教育程度差異而產生的職業隔離 (D)更難突破社會性別角色期待以提高勞動參與,xuece-civ-114-3
分科測驗,xuece-civ,114,公民 4,公民,社福公私協力,C,E,S5,T2,C1,社福公私協力：兼顧公平與彈性,過去社會福利僅由政府提供時，雖具公平性，但往往無法迅速因應各種變化，也可能 造成社會資源浪費。近年來，社會福利已逐漸改採政府與私部門協力提供的模式。此種 發展趨勢最可能是基於下列何種考量？ (A)納入私部門越多，越能透過競爭避免社會資源浪費並提高服務品質 (B)納入私部門提供社福服務，可以因私部門的多元差異而兼顧公平性 (C)委託私部門協力社福服務，較可能讓社會安全制度兼顧彈性和效率 (D)委託私部門協力能迅速因應變化，且可加強社會安全制度的課責性,xuece-civ-114-4
分科測驗,xuece-civ,114,公民 5,公民,契約與給付遲延,A,E,S5,T2,C2,遲延交付的違約責任,小齊向阿德訂製一輛露營車，並要求依照母親的需求改裝，準備做為母親的生日禮物。 兩人約定，改裝完成的車輛須在母親生日晚宴開始前，開到餐廳門口，否則阿德須支付 違約金；但阿德因路上塞車而遲到三分鐘。小齊表示，阿德無法準時到達，就應負起 違約賠償責任。阿德認為小齊的主張不合理，且經改裝後車輛難以賣給他人。下列哪項 論據最能支持阿德的主張？ (A)稍有延誤即認定違約須賠償，係過度濫用契約權利 (B)遲到行為既非故意亦未違法，不符合違約賠償要件 (C)依當日實際路況微調交車時間，未違反,xuece-civ-114-5
分科測驗,xuece-civ,114,公民 6,公民,緘默權,A,E,S5,T2,C1,被告有權保持緘默,甲涉嫌犯罪，檢察官乙以被告身分傳訊甲，甲委任律師在旁陪同。乙在訊問時，甲本來 想回答對自己不利的問題，經律師的指導，改而拒絕回答。乙無法取得甲的自白，但在 調查證據完畢後，仍認為甲極可能犯罪，於是將甲起訴。依據我國刑事訴訟之法理， 對於此一案件的評論，下列何者最適當？ (A)乙即使未取得甲之自白亦可以起訴甲 (B)乙可以因甲拒絕自白來認定甲有犯罪 (C)乙應禁止甲委任律師以取得甲之自白 (D)乙如能取得甲自白即可只據此起訴甲,xuece-civ-114-6
分科測驗,xuece-civ,114,公民 7,公民,量化寬鬆,B,R,S5,T3,C4,量化寬鬆可能造成通膨與資產泡沫,某國央行長期持續實施量化寬鬆政策，但有經濟學家提出警告，此政策可能造成通膨和 資產飆漲的副作用。若從可貸資金市場的角度分析此政策，下列推論何者最可能發生？ (A)市場資金利率高漲，景氣波動推升股價 (B)市場資金供給浮濫，帶動買氣提升房價 (C)市場資金供不應求，刺激消費推升通膨 (D)市場資金需求提高，促進投資提升物價,xuece-civ-114-7
分科測驗,xuece-civ,114,公民 8,公民,關稅保護,A,R,S5,T2,C4,提高關稅保護國內產業,某國政府為振興國內製造業並吸引外國投資，決定對特定進口品提高關稅。若該國政府 要為此貿易管制政策辯護，下列論述何者最合理？ (A)為國內廠商的盈餘創造有利環境，激勵國內產業與就業 (B)提升整體經濟福祉活絡市場，吸引外國企業到國內設廠 (C)強化消費者對本國產品的信任度，促成本國企業的振興 (D)提升國內製造業的國際競爭力，刺激出口縮減貿易赤字,xuece-civ-114-8
分科測驗,xuece-civ,114,公民 9,公民,少年刑事責任,C,E,S5,T2,C1,少年犯罪的刑事責任,依據題文及我國現行刑法判斷甲的行為，下列主張何者最可能成立？ (A)為免過度限制網路自由，法官應判處甲無罪只須負民事責任 (B)甲因未成年而不須負任何刑事責任，法官應判處甲行為無罪 (C)甲的行為涉嫌違反妨害電腦使用罪，法官應判處甲行為有罪 (D)必須使用他人設備並利用他人帳號，法官才應判甲行為有罪,xuece-civ-114-9
分科測驗,xuece-civ,114,公民 10,公民,少年判決不公開,A,E,S5,T2,C2,少年判決不公開：保護少年,依據題文及現行法律之規定，對於該記者的質疑，下列哪項評論最適當？ (A)為保護少年個資避免其被標籤化，故判決不應公開 (B)判決依法不應公開，以保障被害人不遭受二度傷害 (C)應公開判決書，以發揮警惕和教化社會大眾的功能 (D)法院應該依據法律規定，將判決書公開供社會查詢,xuece-civ-114-10
分科測驗,xuece-civ,114,公民 11,公民,需求法則（縮水包裝）,D,R,S5,T3,C4,縮水包裝：價格不變、數量減少,從需求法則角度分析廠商營收的變化，下列何者最能解釋題文中的廠商決策？ (A)主動吸收成本與消費者站在一起，承受營收下滑風險贏得商譽 (B)推出新包裝刺激買氣增加需求量，帶動營收上漲以度過不景氣 (C)社會質疑聲浪降低消費者的願付價格，只有凍漲價格才能保持營收水準 (D)凍漲每包售價讓消費者認為價格不變，期使需求量不變以維持營收水準,xuece-civ-114-11
分科測驗,xuece-civ,114,公民 12,公民,通膨衡量,B,R,S5,T3,C4,包裝縮水使實際通膨被低估,依據題文判斷新包裝商品對消費者與通膨的影響，下列哪項敘述最適當？ (A)公布的通膨資料若以每包計算單價，則將高估生活成本 (B)估算通膨數據時應以重量計算單價，才能反映真實情況 (C)新包裝可避免消費者過度購買，所以通膨可以忽略不計 (D)新包裝並沒有實際提高售價，因此不會影響通膨的計算,xuece-civ-114-12
分科測驗,xuece-civ,114,公民 13,公民,原住民族教育政策,B,E,S5,T2,C7,原住民族教育：保存文化,依據題文，該國政府採取的措施及所欲達成的目標，最適合以下列哪項論述加以闡釋？ (A)透過政策措施提升原住民族的經濟處境 (B)藉由修正制度設計以落實平等公民權利 (C)減少族群間的學歷落差以拉近族群隔閡 (D)強化原住民族教育以保障少數族群文化,xuece-civ-114-13
分科測驗,xuece-civ,114,公民 14,公民,積極平權,A,E,S5,T2,C1,升學加分：積極平權,學者對該項升學制度政策的評論，其所反映之價值理念與下列哪項主張最接近？ (A)提供身心障礙生個別化教育計畫與資源，降低障礙處境對其學習的影響 (B)求學生涯中經常獲得數理老師鼓勵的學生，未來更有機會選擇理工領域 (C)實施肯認多元身分以吸引優秀人才的政策，有助於提升國家整體競爭力 (D)為維護國民教育機會平等，可對任教偏鄉的老師提供較高薪資補貼誘因,xuece-civ-114-14
分科測驗,xuece-civ,114,公民 15,公民,審議民主,C,E,S5,T2,C2,審議會議讓公民改變看法,依據題文，部分公民參加會議後的改變，最能反映出此種會議模式與傳統民主制度運作 的哪項差異？ (A)以少數服從多數原則達成群體共識 (B)以多數尊重少數原則避免多數暴力 (C)以溝通和共識彌補單純的投票表決 (D)以符合程序正義方式作成民主決定,xuece-civ-114-15
分科測驗,xuece-civ,114,公民 16,公民,審議中的權力不對等,C,E,S5,T2,C1,主持方式造成發言權不對等,依據題文，該位公民不滿主持人的主持方式，最可能是基於以下哪項理由？ (A)以平等稱謂進行交流的形式和提醒，無法有效解決權力不對等問題 (B)參與者對議題的理解程度存在落差，有價值的意見需更多發言時間 (C)文化資本導致表達和論述能力不同，統一的發言規則難以顧及差異 (D)參與者的言論自由應獲得平等保障，應讓多元意見皆有表達的機會,xuece-civ-114-16
分科測驗,xuece-civ,114,公民 17,公民,使用者付費,B,E,S5,T2,C1,使用者付費原則,題文中提出質疑的住戶，若要引用政府政策支持其觀點，下列何者最適當？ (A)依民眾的所得水準而課徵不同的所得稅 (B)依行駛高速公路實際里程數收取通行費 (C)學齡兒童搭乘交通工具享票價折扣優惠 (D)不同城市的計程車起跳價格與費率不同,xuece-civ-114-17
分科測驗,xuece-civ,114,公民 18,公民,行政訴訟,B,K,S5,T2,C2,對行政機關的行政訴訟,若該國的司法和地方制度與我國相同，該大樓管委會最後提起的訴訟，其性質與功能 最符合下列哪項敘述？ (A)該訴訟制度具有保護憲法目的，可依據民意要求讓司法以職權廢止法律 (B)該訴訟制度可讓司法依據憲法審查法律是否合憲，藉此來保護人民權利 (C)該訴訟可讓司法審查政府罰鍰是否違憲，但不可以審查國會議決的法律 (D)該訴訟在人民窮盡救濟途徑後提起，讓司法判斷政府行為是否違反法律,xuece-civ-114-18
分科測驗,xuece-civ,114,公民 19,公民,再生產勞動,D,D,S4,T5,C4,女性承擔更多再生產勞動,題文與圖2 的資料，最能夠佐證下列哪項關於再生產勞動的論述？ (A)男性投入再生產勞動與頭胎小孩歲數有關 (B)生育前家庭總所得會影響再生產勞動分工 (C)再生產勞動與勞動市場的性別化密切相關 (D)女性常易因再生產勞動而付出較高的代價,xuece-civ-114-19
分科測驗,xuece-civ,114,公民 20,公民,生育機會成本,B,R,S5,T2,C4,所得越高，生育機會成本越高,依據題文探討所得變動與生育小孩機會成本的關聯，下列推論何者最合理？ (A)家庭總所得水準開始出現下滑現象，顯示生育的機會成本提高 (B)家庭總所得年成長率開始出現下滑，顯示生育的機會成本提高 (C)女性所得減少但家庭總所得並未減少，顯示生育的機會成本降低 (D)男性所得使家庭總所得年成長率增加，顯示生育的機會成本降低,xuece-civ-114-20
分科測驗,xuece-civ,114,公民 21,公民,媒體角色,D,E,S5,T2,C7,媒體影響選民判斷,依據題文，新聞媒體在甲競選過程所扮演的角色，最適合以下列哪項敘述來闡釋？ (A)媒體再現和資訊不對稱是新聞偏頗的根源 (B)媒體所有權者常使特定政治人物處境不利 (C)媒體近用機會是影響民意形成的重要因素 (D)媒體報導特定議題的強度會引導公共意見,xuece-civ-114-21
分科測驗,xuece-civ,114,公民 22,公民,國會與選舉,A,R,S5,T2,C3,由產生方式與職權判斷職位,依據題文推論甲失去競逐機會的職位，其產生方式或職權最可能為下列何者？ (A)能否當選視國會政治生態而定 (B)當選之後依法僅能再連任一次 (C)公布法律須有其他閣員的副署 (D)有權得以否決國會通過的法案,xuece-civ-114-22
分科測驗,xuece-civ,114,公民 23,公民,權利特性,D,E,S5,T2,C2,權利受損的特性,依據題文，甲摘錄詠嘆調歌詞表達其權利受損的心境，該項權利具有下列何種特性？ (A)涉及人性尊嚴此一最高價值，故其保障順位優先於其他權利 (B)權利主體死亡後，該權利原則上可由權利主體之繼承人繼承 (C)屬於與生俱來的權利，其內涵和保障範圍不受社會變遷影響 (D)是否構成侵害該權利的不法性，仍必須與公共利益相互衡量,xuece-civ-114-23
分科測驗,xuece-civ,114,公民 24,公民,課稅與市場,B,R,S5,T3,C4,課稅使供給減少、價格上升,若其他條件不變，該國政府對加工食品所採行的政策，最可能會對市場造成哪項影響？ (A)消費者會轉而購買該加工食品的互補品 (B)消費者會選擇其他可以替代的類似商品 (C)廠商會提高生產面互補品產量以彌補虧損 (D)廠商會對生產面替代品進行減產力求轉型,xuece-civ-114-24
分科測驗,xuece-civ,114,公民 25,公民,食物沙漠,A,D,S2,T5,C5,食物沙漠：社會環境影響飲食健康,根據表2 的數據，關於社會環境條件對不同地區飲食與疾病的影響，下列哪項推論最能 精確說明？ (A)食物沙漠地區居民受疾病的影響會因經濟資本高低而有差異 (B)食物沙漠地區經濟資本的弱勢人口較多而導致疾病偏多現象 (C)經濟資本的高低影響食物沙漠和非食物沙漠地區的飲食差異 (D)經濟資本低者相較於經濟資本高者更常居住在食物沙漠地區,xuece-civ-114-25
分科測驗,xuece-civ,114,公民 26,公民,國家角色,D,E,S5,T2,C1,國家的角色：保障人民福祉,下列關於國家與政府角色的論述，何者最能與該學者的主張相互呼應？ (A)政府應致力改善財政收支的條件以照顧國民健康 (B)政府應確保食品增稅政策可以有效提升國民健康 (C)國家健保政策應以提升國民健康水準為主要考量 (D)國家統治權的實踐意義應包括保障國民健康權利,xuece-civ-114-26
分科測驗,xuece-civ,114,公民 27,公民,數位民主,BCE,E,S5,T2,C3,多選：數位民主的參與,某民主國家一些城市政府，開發推動數位民主創新APP，讓市民可隨時透過APP， 在個資保障下，匿名針對市政府執行的政策進行滿意度評價，並可提出自己的想法， 在APP 平台上相互討論，作為市政府政策檢討與精進的依據。這些城市政府推動前述 數位服務，對公民參與可以發揮哪些助益？ (A)完整呈現城市轄區民眾的評價與想法 (B)有效提升民眾和城市政府的即時互動 (C)鼓勵民眾透過多元管道積極參與公共事務 (D)兼顧不同地區與社經背景民眾的參與權益 (E)降低民眾表達市政建言的顧慮及參與,xuece-civ-114-27
分科測驗,xuece-civ,114,公民 28,公民,國家賠償,ADE,K,S5,T2,C1,多選：國家賠償的要件,有高中生進行學習探究時，看到司法院裁判書查詢系統記載某一判決，內容表示有市政府 公務員侵害甲之權利，因而該市政府須對甲的損害負起賠償責任。下列哪些是甲獲得 此一賠償應具備的要件？ (A) 該市府之公務員有故意過失 (B)甲的行為本身並無故意過失 (C)該市府政策使甲權益遭受特別犧牲 (D)甲因市府公務員之行為而遭受損害 (E)該公務員係執行職務並行使公權力,xuece-civ-114-28
分科測驗,xuece-civ,114,公民 29,公民,教育不平等,BD,E,S5,T2,C1,多選：私校補助對教育不平等的影響,某國有倡議團體認為，由政府經費補助私立大學學費的政策，有助於減少社會不平等。 依據以下該國2024 年公私立大學的相關統計資料，該倡議團體應串連哪些資料，最能夠 支持其主張？ (A)在學的學生人數 (B)就學貸款學生比例 (C)休學的學生人數 % 人 萬人 12000 60 40 30 6000 20 0 0 0 公立 私立 公立私立 公立私立 (D)學生家庭年收入 (E)畢業初職的月薪 萬元 元 120 40000 60 20000 0 0 公立 私立 公立 私立,xuece-civ-114-29
分科測驗,xuece-civ,114,公民 30,公民,勞動供需（外送）,C,R,S5,T3,C4,外送報酬下降：勞動供給增加,依據題文並從勞動市場供需運作的角度判斷，外送服務報酬變化的「主因」與下列哪項 供需變動最相似？ (A)人工智慧快速發展，帶來新的工作機會 (B)廠商升級製程，以設備取代人力 (C)政府引進國際移工，投入營建工程產業 (D)少子化趨勢，降低青年勞動人口,xuece-civ-114-30
分科測驗,xuece-civ,114,公民 31,公民,勞動權益修法,D,E,S5,T2,C2,修法保障外送員勞動權益,依據題文，從相關法律理念來看，對於該國政府應否修法，下列評論何者最適切？ (A)修法會造成餐點漲價而導致消費者權益受影響，故政府不應修改法律 (B)修法會破壞私法自治的理念，政府應以輔導外送員成立工會取代修法 (C)修法不會影響先前勞動契約內容，只提高未來外送員薪資，故應修法 (D)修法能保障外送員權益，且外送員契約談判地位較為弱勢，故應修法,xuece-civ-114-31
分科測驗,xuece-civ,114,公民 32,公民,修法影響,C,R,S5,T3,C4,修法提高業者成本,若其他條件不變，當該國政府修法完成，對外送平台業者與外送人員的影響，下列推論 何者最合理？ (A)整體外送人員的總收益增加 (B)出現外送人員勞動短缺現象 (C)外送平台業者的總利潤減少 (D)增加平台業者的勞動需求量,xuece-civ-114-32
分科測驗,xuece-civ,114,公民 33,公民,非選：工會組織困難,非選,E,S5,T0,C8,非選：外送員難組工會的原因,該學者認為外送員較不易組織工會或形成集體抗爭，最主要的觀察重點及理由為何？ 請先在答題卷左欄勾選一項觀察重點，再歸納題文，於右欄說明不易組織工會或形成 集體抗爭的理由。（6 分；左欄須勾選正確，本題始計分） 歸納題文說明不易組織工會或 該學者的觀察重點 形成集體抗爭的理由（30 字內） □平台經濟與傳統模式的差異 □平台經濟對勞動控制的重塑 □平台經濟對外送員的剝削方式 □平台經濟受雇模式的利弊得失,xuece-civ-114-33
分科測驗,xuece-civ,114,公民 34,公民,性別分工,D,E,S5,T2,C7,性別分工使女性放棄工作,下列哪項論述，最能呼應阿恩母親對她放棄工作的感想？ (A)在父權文化的思考下，使居家照顧的工作與男性幾乎無關 (B)社會規範形塑理想媳婦形象，女性被迫承擔照顧長輩責任 (C)職場充斥性別不平等，女性常因遭受壓迫而選擇回歸家庭 (D)相較於男性，女性職涯發展更常受到無形社會規範的制約,xuece-civ-114-34
分科測驗,xuece-civ,114,公民 35,公民,夫妻財產,A,E,S5,T2,C1,婚後財產的分配,依據題文，關於小新訴請分配車輛一事，下列評論何者最符合我國民法的規定？ (A)小新雖提出分配財產主張，但依法阿恩無須將該車分給小新 (B)因兩人未約定夫妻財產制，依法小新無法要求剩餘財產分配 (C)因該車輛屬共同財產，故依法離婚後應該由小新取得該車輛 (D)為達剩餘財產分配之目的，應該將車分配給財產較少的小新,xuece-civ-114-35
分科測驗,xuece-civ,114,公民 36,公民,非選：失業率計算,非選,D,S2,T0,C5,非選：計入特定失業人口後的失業率,根據圖3的三條折線，若僅將小新這類型的失業人口計入，何者最可能是加入此類型後 的失業率？請在答題卷作答表格左欄，先寫出最能代表加入此類型失業後的失業率 折線代號，再從失業人數計算方式的角度，說明何以不是其他兩條折線的理由（擇一 說明）。（6分；左欄須正確，本題始計分） 從失業人數計算方式的角度，說明何以不是 寫出該失業率折線代號 其他兩條折線的理由（擇一說明，15字內） 不是 折線，因為此折線,xuece-civ-114-36
分科測驗,xuece-civ,114,公民 37,公民,全球化互賴,C,R,S1,T2,C1,全球化互賴：供應鏈受地緣政治影響,資料一的內容，最能支持下列哪項全球化的論述？ (A)全球經濟供應鏈易受俄國和中國的影響 (B)全球通訊網路有賴關鍵強權國家的保護 (C)全球關連使國家治理面對更複雜的挑戰 (D)全球化下更需國際合作以防止跨國攻擊,xuece-civ-114-37
分科測驗,xuece-civ,114,公民 38,公民,非選：國際衝突推論,非選,R,S1,T0,C8,非選：統整資料推論國際衝突,統整資料一和資料二的內容，下列何者是關於國際衝突的最佳推論？請在答題卷作答 表格，先勾選一項最佳推論，再綜合兩份題文資料，歸納可以佐證推論的兩項理由。 （6 分；左欄須勾選正確，本題始計分） 綜合兩份題文資料，歸納可以 勾選一項最佳推論 佐證推論的兩項理由 （30 字內） □資源爭奪常是導致國際衝突的重要因素 □國際經濟互賴常引發新型態的國際衝突 □核武強權及其盟友是國際衝突的製造者 □國際衝突是多重因素交織而非孤立現象,xuece-civ-114-38
分科測驗,xuece-civ,114,公民 39,公民,生產可能曲線,A,D,S2,T5,C5,由生產組合畫生產可能曲線,若以生產可能曲線說明甲、乙、丙三人的生產組合，並以縱軸為磯釣漁獲量，橫軸為 靜態垂釣漁獲量，下列圖示何者最符合題文的描述？ (A) (B) (C) (D) 乙 乙 甲 丙 丙 丙 丙 甲 甲 乙 乙 甲,xuece-civ-114-39
分科測驗,xuece-civ,114,公民 40,公民,社會運動意涵,C,E,S5,T2,C1,社會運動的意涵,針對該團體發起的行動及引發的衝突，下列評論何者最符合「社會運動」的意涵？ (A)採取體制外的作法且造成群眾失控，不符社會運動的精神 (B)係由相對剝奪感引發抗議活動，符合社會運動的產生要件 (C)該活動的組織方式與倡議理念主張，可以稱為新社會運動 (D)參與活動的人數規模及其規劃程度，不足以構成社會運動,xuece-civ-114-40
分科測驗,xuece-civ,114,公民 41,公民,公聽會與參與,B,E,S5,T2,C1,政策前舉辦公聽會,針對該公民團體的第一項質疑，該國政府事前應採取下列哪項作為最適當？ (A)鼓勵民眾提出公民投票案以決定政策方向 (B)召開公聽會讓各界民眾參與政策制訂過程 (C)委託專家研究並提出政策制訂的專業建議 (D)明文公告該政策相當期間後始予正式實施,xuece-civ-114-41
分科測驗,xuece-civ,114,公民 42,公民,非選：行政法原則,非選,E,S5,T0,C2,非選：告示牌違反的行政法原則,公民團體針對告示牌內容提出的質疑，係主張該禁止規定除比例原則外，亦可能違反 哪項行政法原則？違反此一行政法原則的理由為何？請在答題卷作答表格左欄，先寫 出違反的行政法原則名稱，再於右欄寫出違反的兩項法律理由。（6 分；左欄須正確， 本題始計分） 違反的行政法原則名稱 違反該行政法原則之兩項法律理由（20 字內）,xuece-civ-114-42
分科測驗,xuece-civ,115,公民 1,公民,媒體與性別,D,E,S5,T4,C7,媒體報導角度影響對性別的認知,數家媒體報導國際賽事女性運動員的性別認定爭議：甲媒體以某些運動員荷爾蒙數據 異於一般女性，質疑其性別並批評其外貌與嗓音不夠女性化；乙媒體則批判，以白人 女性的荷爾蒙數據作為普世基準來定義性別，是對非白人不公平的排擠；丙媒體則強調 弱勢國家運動員被迫面臨身體檢查。這些報導雖然切入點不同，但都顯示出某項媒體 產製過程的特性，這項特性最可能為下列何者？ (A)為求點閱率刻意激化閱聽人情緒 (B)因二元性別霸權暗藏歧視和壓迫 (C)建構性別分類框架引導大眾認知 (D)透過議題設定試圖,xuece-civ-115-1
分科測驗,xuece-civ,115,公民 2,公民,媒體再現,C,E,S5,T2,C7,少數族裔在電影中被刻板再現,少數族裔在早年的主流電影中，向來隱而不見；即便出現，其樣貌或角色也常符合主流 文化群體對該群體的刻板印象。但近年多部主流電影開始以少數族裔作為劇中主角，其他 配角也更常聘用少數族裔演員，這不僅讓少數文化展現在大眾視野，更讓少數族裔觀眾 重拾驕傲與自信。下列情境何者與前述早年主流電影的問題性質最接近？ (A)戲劇中，女性常是依賴者角色且等待真命天子出現以扭轉命運 (B)廣告短片中，持續透過特寫女性的局部特徵以作為行銷的手法 (C)新聞報導中，女性科學家的研究成果經常被歸功於其男,xuece-civ-115-2
分科測驗,xuece-civ,115,公民 3,公民,資訊不對稱（貸款）,B,R,S5,T2,C1,貸款公司利用資訊不對稱,坊間貸款公司宣稱借錢免審查、免擔保，利用經濟處境不利民眾急需用錢，卻無法獲得 銀行貸款的困境，提供隱藏不公平條款、高昂代辦手續費和高利率的貸款。這種「掠奪 式貸款」使弱勢者落入債務滾雪球的陷阱，而社會觀念也常將這類債務困境歸咎於個人 過度消費。有學者主張，現有放貸審查機制會讓掠奪式貸款更深化社會不平等。以社會 階層化角度思考經濟處境不利民眾面對的問題，下列哪項敘述最符合該學者的主張？ (A)透過借貸提前預支收入，因而陷入過度消費的貧窮惡性循環 (B)還款能力不足，無法透過一般,xuece-civ-115-3
分科測驗,xuece-civ,115,公民 4,公民,結社自由,B,E,S1,T2,C6,公民透過結社抗拒濫權：結社自由,民主政治的發展史上，公民常需透過組織團體才能抗拒政府的不當政策或濫權。前述 歷史事實最能支持哪項關於結社自由必要性的論述？ (A)公民有權採取集體行動推翻濫權的政府 (B)公民個人不易有效防止國家權力的侵犯 (C)保障個人權利要靠公民採取集體的行動 (D)透過公民結社始能彌補政府功能的不足,xuece-civ-115-4
分科測驗,xuece-civ,115,公民 5,公民,公民不服從態度,A,D,S2,T5,C5,由統計資料判斷對公民不服從的支持,小文在探究學習的過程中，蒐集到我國民眾對於公民不服從支持態度的統計資料（如 圖1；數值越高，越傾向支持）。依據這份資料及公民不服從的內涵，小文提出哪項推論 最適當？ 依照學歷區分 依照年齡區分 4.00 4.00 3.00 3.00 2.41 2.21 1.97 1.96 1.80 1.75 1.83 1.75 1.61 1.66 2.00 2.00 1.00 1.00 0.00 0.00 小學 國中 高中職 專科 大學以上 20-29 30-39 40-49 50-59 6,xuece-civ-115-5
分科測驗,xuece-civ,115,公民 6,公民,行政罰與正當程序,A,E,S5,T2,C2,行政罰須符合正當程序,某國國會為維護防制洗錢行為之重大公益，依其職權制定法律，明定「主管機關認定 交易行為有洗錢嫌疑，即應予調查並處以罰鍰」。若該國憲法原則與我國相同，針對 此一修法，下列評論何者最適當？ (A)授權處罰範圍不夠具體清楚，違反明確性原則故該法律違憲 (B)授權行政機關調查及處罰，違反權力分立原則故該法律違憲 (C)屬於維護重大公益所必要，合乎依法行政原則故該法律合憲 (D)係由國會依其職權所制定，合乎正當程序原則故該法律合憲,xuece-civ-115-6
分科測驗,xuece-civ,115,公民 7,公民,法人,C,K,S5,T2,C2,法人與合夥的差異,我國不少律師事務所的組成，是透過數個自然人共同訂定契約的方式建立；在律師法 修正後，律師事務所未來也能登記為法人。若律師事務所登記為法人，可獲得下列哪項 法律上的利益？ (A)取得公法人資格並行使權利 (B)取得律師事務所之集體權利 (C)即使成員改變仍可維持法人地位 (D)透過法人組織更有利於推展業務,xuece-civ-115-7
分科測驗,xuece-civ,115,公民 8,公民,共有資源,B,R,S5,T2,C1,交誼廳：可共享但難排他，共有資源,某社區設有交誼廳，供住戶免費使用。然而，部分住戶在使用後未妥善清理，留下大量 垃圾，導致環境髒亂，增加清潔成本，也影響其他住戶的使用品質。社區管委會為改善 此情況，採取下列哪項措施最符合外部成本內部化的概念？ (A)要求住戶每次使用交誼廳皆須付費，支應新增的清潔費用 (B)依據交誼廳使用紀錄，要求留下垃圾的住戶支付清潔費用 (C)付費委任律師修訂社區規約，明文禁止在交誼廳留下垃圾 (D)撥款在交誼廳裝設監視器，以便即時監督公共區域的整潔,xuece-civ-115-8
分科測驗,xuece-civ,115,公民 9,公民,物價與實質所得,B,D,S4,T5,C4,比較名目價格與實質所得,某論壇出現一則討論現在與數十年前速食套餐價格的貼文（圖2）： 小貝：1994 年的速食套餐價格是這樣耶！好想回到1994 年！ 套餐 95 元 1.2K+ 阿芬：那時候基本工資時薪58.5 元，要打工1.6 小時才能買一份。現在 同樣套餐價格140 元，打工1 小時就能買一份還有剩。然後你跟 我說好想回到那時候？ 1.5K+ 圖2 假設套餐份量與內容物的品質條件皆不變，下列關於物價或薪資變動的敘述，何者最能 反映阿芬的觀點？ (A)過去物價水準較低，反映當時民眾的生活品質優於,xuece-civ-115-9
分科測驗,xuece-civ,115,公民 10,公民,犯罪與社經地位,D,E,S5,T2,C1,犯罪與社經地位：改善結構,依據題文，下列何者最可能為學者甲對於犯罪治理的主張？ (A)當違反規範時，矯正高社經地位罪犯會比低社經罪犯更加有效 (B)高社經地位者犯罪多源自個人動機，故須從非結構性層面著手 (C)低社經地位群體因其不利處境更容易犯重罪，應及早加以預防 (D)制度性的不公常是低社經地位群體違法的原因，需要加以正視,xuece-civ-115-10
分科測驗,xuece-civ,115,公民 11,公民,修復式對話,A,E,S5,T2,C1,修復式對話促進共好,依據題文，學者乙主張的處理方式，最能對民主政治帶來哪項直接助益？ (A)促進共好對話 (B)釐清多數民意 (C)強化民主課責 (D)提升修法品質,xuece-civ-115-11
分科測驗,xuece-civ,115,公民 12,公民,社會運動,C,E,S5,T2,C1,集體持續發聲：社會運動,有論者將相關發聲視為社會運動，以社會運動定義而言，最可能是基於以下哪項原因？ (A)吸引社會各界高度關注 (B)促成數位論壇上的交鋒 (C)引發對不公現況的反思 (D)催化法律的修正與調整,xuece-civ-115-12
分科測驗,xuece-civ,115,公民 13,公民,罪刑法定,B,E,S5,T2,C2,沒有法律明文不能處罰：罪刑法定,關於該網路論壇的呼籲，下列評論何者最符合刑事法原理？ (A)要求對騷擾者處以刑罰，係違反無罪推定原則 (B)要求對修法前行為判刑，係違反罪刑法定主義 (C)為嚇阻犯罪，允許法院類推適用既有規定判決有罪 (D)基於刑法謙抑原則，法院僅能於必要範圍類推處罰,xuece-civ-115-13
分科測驗,xuece-civ,115,公民 14,公民,比例原則（高乘載）,B,E,S5,T2,C2,處罰過重違反比例原則,依據題文，該團體對現行高乘載處罰規定的批評，最可能基於下列哪個理由？ (A)該限制欠缺法律之授權，違反法律保留原則 (B)該限制因無法達成立法目的，違反比例原則 (C)立法未能考慮駕駛權益，違反信賴保護原則 (D)執法時未能處罰所有違規者，違反平等原則,xuece-civ-115-14
分科測驗,xuece-civ,115,公民 15,公民,效率與資源配置,C,R,S5,T2,C1,高乘載管制與道路使用效率,從高速公路管理效率的角度來看，下列哪一論述最能完整呈現該團體對高乘載車道的 看法？ (A)車內人數監測困難，無法抓到違規者 (B)尖峰時段車輛過多，讓塞車時間更長 (C)替代措施易於執行，更符合成本效益 (D)違規取締件數不多，執法成本難回收,xuece-civ-115-15
分科測驗,xuece-civ,115,公民 16,公民,消費者剩餘,A,R,S5,T2,C4,抽獎得到想要的商品：消費者剩餘,從消費者剩餘的變化來看，該買家感到滿足的原因，最接近下列何種情況？ (A)尾牙抽中優惠券，剛好拿來買原本想買的冰淇淋 (B)在葡萄便宜時大量購買，在價格昂貴時減少消費 (C)手沖咖啡市場價格上漲後，轉而購買沖泡咖啡包 (D)因自製蛋糕的成本較低，選擇自製蛋糕而不外購,xuece-civ-115-16
分科測驗,xuece-civ,115,公民 17,公民,網購消費者保護,D,E,S5,T2,C4,網購的消費者保護,本案的買家若發現貨品品質與圖片不符，下列何者為交易雙方權利義務的正確說明？ (A)基於誠信原則，買家應遵守已經成立之契約而不能退貨 (B)賣家可以基於契約，主張買家已收取貨品因而不能退貨 (C)買家透過定型化契約購買，為保護消費者權益故可退貨 (D)買家無法主張通訊交易七天猶豫期的保障，但仍可退貨,xuece-civ-115-17
分科測驗,xuece-civ,115,公民 18,公民,資料治理,D,E,S5,T2,C2,政府使用個資要依法且符合公益,依據題文，下列何者最能說明該國財稅主管機關採取該作法的理由？ (A)政府依法使用人民的個人資料，以促進公共利益 (B)政府有責健全財稅政策，民眾也應配合政府治理 (C)強化公權力的行使，善用國家資源達成政策目的 (D)結合民間力量，整合人力及資源以提高治理績效,xuece-civ-115-18
分科測驗,xuece-civ,115,公民 19,公民,個資同意,C,E,S5,T2,C1,同意使用個資可能不夠充分,依據題文，下列何者最能說明該專家對民眾同意使用個人資料的警告？ (A)民眾日常享受數位時代的便利性，卻忽略資訊安全議題 (B)數位生活常態化，讓一般人早已習慣分享大量個人資訊 (C)對資料授權風險與再利用的合理範圍，一般人不易察覺 (D)民眾信任公部門和大公司，而忽視隱私外洩的可能代價,xuece-civ-115-19
分科測驗,xuece-civ,115,公民 20,公民,個資修法,A,E,S5,T2,C2,修法保障個資自主,綜合題文，該國政府若要修改法律，下列哪一修法方向最符合該專家的看法？ (A)保留個人可以撤回政府機關利用其個資之權限，以維護個人自主 (B)明確禁止商業行銷行為，防止商業行銷誘導消費者同意使用個資 (C)規定學術界利用個人資料進行研究之前，須先取得當事人的同意 (D)規範企業只有基於改善消費者使用體驗的必要，始可使用其個資,xuece-civ-115-20
分科測驗,xuece-civ,115,公民 21,公民,國家賠償,B,K,S5,T2,C1,公共設施瑕疵：國家賠償,若我國出現同樣案例，受傷孩童家長依法得以下列哪一理由向市政府提起訴訟？ (A)市府政策執行疏失以致孩童受傷，要求市府給予補償 (B)市府維護設施不當造成孩童受傷，要求市府給予賠償 (C)市府管理不善且顯有過失，要求市府公務員給予賠償 (D)市府有保護人民之義務，要求市府應負適當補償責任,xuece-civ-115-21
分科測驗,xuece-civ,115,公民 22,公民,中央與地方爭議,C,K,S5,T2,C1,中央與地方的權限爭議處理,若該國政府體制及法律制度與我國相同，本案地方政府所遭遇的困難，可透過下列何種 途徑來解決？ (A)縣市長以窒礙難行之由向中央政府提出覆議 (B)縣市議會另訂自治條例取代不合需求的法規 (C)縣市選出的立法委員在立法院提出法條的修正案 (D)縣市民眾發動地方公投以否決未與時俱進的法條,xuece-civ-115-22
分科測驗,xuece-civ,115,公民 23,公民,供需變動,D,R,S5,T3,C4,檢驗規定改變使需求增加,該國法規修正實施後，對其遊具檢驗服務市場供需之影響，與下列哪一情境最相符？ (A)政府補助農民種植番茄，生產數量大增導致番茄市場售價下降 (B)網紅推薦藍莓健康功效，民眾跟風購買導致藍莓市場售價上升 (C)夏季冰品需求增加，但廠商大量進口便宜原料導致冰品市場售價下降 (D)咖啡生產成本降低，但咖啡文化刺激民眾消費導致咖啡市場售價上升,xuece-civ-115-23
分科測驗,xuece-civ,115,公民 24,公民,社會規範與障礙,C,E,S5,T2,C1,社會規範排除障礙兒童,從社會規範的特性來看，下列論述何者最能呼應該兒童權利團體對法規的批評？ (A)制定相關法規時，應針對障礙群體規劃及投注更多額外資源 (B)社會對障礙者仍存在隱形歧視，使立意良善的法規窒礙難行 (C)法規制訂者須能兼顧多元需求，避免障礙兒童被排除於社會參與 (D)公聽會須納入多數民眾意見，始能提高相關法規對障礙者的包容,xuece-civ-115-24
分科測驗,xuece-civ,115,公民 25,公民,可貸資金市場,B,R,S5,T3,C4,政策影響可貸資金的供給或需求,依據題文且不考慮其他因素，下列何者最可能是該政策對可貸資金市場產生的直接影響？ (A)為避免風險集中，銀行會減少放貸而導致可貸資金供給減少 (B)民眾購屋意願提升，資金需求增加而帶動整體市場利率上升 (C)利息補貼可以減少銀行資金成本，使銀行調降一般房貸的利率 (D)貸款額度提高會帶動民眾貸款意願，讓可貸資金市場供給增加,xuece-civ-115-25
分科測驗,xuece-civ,115,公民 26,公民,衝突論,C,E,S5,T2,C1,衝突論：政策維護優勢群體利益,依據題文，社會衝突論應會如何詮釋小佳的觀點？ (A)補助政策未必能減少低收入無住宅者引發的社會衝突 (B)差別式補助可以讓較高收入者買房來降低空屋率問題 (C)補助僅使收入較高者受惠且反而掩蓋居住問題的根源 (D)差別式補助會對收入較低民眾貼上污名化的階層標籤,xuece-civ-115-26
分科測驗,xuece-civ,115,公民 27,公民,重貼現率,A,R,S5,T3,C4,調高重貼現率抑制通膨,根據小汀的論述邏輯，他最可能對央行提出哪項建議及其對應的理由為何？ (A)調高重貼現率；因補貼可能吸引投機客購屋反而使房價推升 (B)調降存款準備率；因更多民眾選擇購屋將使其財務負擔加重 (C)買入公債；因原政策補貼帶動民眾消費將導致整體經濟過熱 (D)賣出政府債券；因更多民眾選擇購屋可能減少其他商品支出,xuece-civ-115-27
分科測驗,xuece-civ,115,公民 28,公民,民主與集會,DE,E,S5,T2,C3,多選：民主國家的集會自由與限制,某民主國家反穆斯林移民的激進人士，計畫至某城鎮的移民社區破壞其清真寺。消息 傳出後，該城鎮許多非穆斯林公民自動在清真寺外集會，挺身保護移民權利，最終使激進 人士知難而退，成功化解危機。下列哪些論述較能合理闡釋該城鎮公民參與的影響力？ (A)公民善用集會權利，較能解決民主政治遭遇的危機 (B)公民直接行動參與，始能彌補代議民主的緩不濟急 (C)公民自力救濟的行動，較能有效化解民主社會對立 (D)公民透過和平手段參與，可抑制暴力對民主的威脅 (E)公民信守民主價值的行動，是維護自,xuece-civ-115-28
分科測驗,xuece-civ,115,公民 29,公民,民主和平論,AE,R,S5,T2,C3,多選：民主和平論,某項研究主張：國家內部的政治競爭越強、具有決策權的政治菁英人數越多，越不易挑起 對外戰爭，因為若戰爭失敗，執政菁英難以贏得下次選舉；而且人民除非財產與自由遭受 嚴重威脅，通常不支持戰爭，故民意趨向也會抑制發動戰爭。若僅依據這項立論探究 中國發動對外戰爭的可能性，哪些中國的政治特性應列入評估的變項？ (A)權力高度集中的個人領導 (B)國家主席任期與選舉週期 (C)主流民意的民族主義趨向 (D)黨中央委員會的人數變動 (E)以黨領政的政府決策模式,xuece-civ-115-29
分科測驗,xuece-civ,115,公民 30,公民,證據排除法則,ADE,E,S5,T2,C2,多選：違法取得的證據應排除,某國警察無搜索票即在毒販家中進行搜索，獲得逮捕毒販之證據。審理時，被告律師強調 警察搜索違法，檢察官則主張毒品犯罪危害重大，要求法官依查得之證據判處被告有罪。 假設該國刑事訴訟法規及原理皆與我國相同，下列針對該案件的評論，哪些較適切？ (A)法官判斷證據之證據力時，不得違反論理法則以及經驗法則 (B)警察搜索行為屬於追查犯罪的必要手段，故其行為並不違法 (C)法官基於自由心證，可依其立場自由考慮是否判處毒販有罪 (D)販毒雖嚴重危害法益，如欠缺充分證據仍不可判處毒販有罪 (E,xuece-civ-115-30
分科測驗,xuece-civ,115,公民 31,公民,景氣與失業,AD,R,S5,T3,C8,多選：景氣衰退與失業,某年我國受到全球景氣影響，多家企業營運狀況不佳而選擇裁員或減少聘僱人數。根據 政府統計資料，該年度國民所得實質成長率由正轉負，且失業率上升。下列關於經濟 景氣與就業的敘述，有哪幾項較合乎該年度的狀況？ (A)經濟情況屬於景氣循環中的衰退階段 (B)失業率的變化顯示我國勞動人口減少 (C)失業類型與成因主要來自摩擦性失業 (D)民眾因應就業市場情況減少消費支出 (E)政府為刺激經濟景氣而縮減公共投資,xuece-civ-115-31
分科測驗,xuece-civ,115,公民 32,公民,著作權賠償,D,E,S5,T2,C1,侵害著作權的損害賠償,依據題文，著作權人若向法院提起訴訟，可以向小莫請求的損害賠償內容為何？ (A)給付罰金 (B)賠償非財產之損害 (C)登報道歉 (D)回復到侵權前狀態,xuece-civ-115-32
分科測驗,xuece-civ,115,公民 33,公民,非選：著作權侵權,非選,E,S5,T0,C2,非選：侵害著作權的行為,依據題文，小莫的行為有哪一項涉及侵害著作權？請在答題卷作答表格左欄寫出一項 涉及侵權的行為代號（甲、乙、丙、丁），並於右欄說明該行為構成侵害著作權之兩項 要件。（6 分，左欄寫出正確代號，本題始計分；右欄20 字內，摘述題文不計分） 涉及侵權的行為代號 該行為構成侵權之兩項要件（20 字內，摘述題文不計分）,xuece-civ-115-33
分科測驗,xuece-civ,115,公民 34,公民,長照價格,A,R,S5,T3,C4,價格管制影響非補助服務,根據市場供需與價格機制，該國實施長照價格新規定後，對於不屬於補助範圍的某項 服務，將導致下列何種情況？ (A)增加願意使用該項服務的總人數 (B)增加該項服務機構整體的總收益 (C)增加願意使用該項服務民眾的總利益 (D)增加該項服務市場供需雙方的總福祉,xuece-civ-115-34
分科測驗,xuece-civ,115,公民 35,公民,非選：社會福利功能,非選,E,S5,T0,C8,非選：社會福利的功能,關於長照政策的調整，政府官員與社福協會的看法，分別最符合何種社會福利制度功能 的預設？請從答題卷作答表格左欄提供的選項，在右欄先寫出分別對應的預設（代號）， 並依據題文歸納官員的政策偏好及協會對政策的提醒為何。（6 分；對應的預設代號 填答正確，該欄始計分；各15 字內） 官員最符合的預設與政策偏好，以及協會最符合 社會福利制度功能的預設 的預設與對政策的提醒（預設填入代號，偏好／ 提醒各15 字內） 官員的預設是_________；政策偏好是讓失能者的 家庭 甲、調和社會資,xuece-civ-115-35
分科測驗,xuece-civ,115,公民 36,公民,多元文化主義,C,E,S5,T2,C7,多元文化主義：消除本國勞工的疑慮,依據題文，若欲消除該國勞工對移工扶助政策的疑慮，以下哪項主張最符合多元文化 主義精神？ (A)移民勞工文化多元豐富，並非只能投身底層勞動 (B)本國勞工是文化衝突受害者，政府也應予以扶助 (C)移民勞工並非來自主流文化，需加倍努力始可能立足 (D)本國勞工的劣勢來自階級文化，未必與移民競爭有關,xuece-civ-115-36
分科測驗,xuece-civ,115,公民 37,公民,內閣制組閣,D,R,S5,T2,C3,內閣制：由國會多數組閣,依據題文及表1，該國國會重新改選後，最高行政首長如何產生最符合其制度精神？ (A)國家元首直接任命 (B)甲丙兩黨聯合決定 (C)乙黨領袖直接續任 (D)多數議員同意支持,xuece-civ-115-37
分科測驗,xuece-civ,115,公民 38,公民,非選：選舉制度改革,非選,D,S2,T0,C5,非選：選舉制度改革的建議,歸納題文，甲黨應連結表1 哪兩項資料來支持其控訴？該學者的改革建議方案最可能 為何？請先在答題卷作答表格左欄寫出兩項資料及其關聯，再於右欄勾選一項最可能 的改革建議。（6 分；左欄15 字內且須寫出兩項資料的關聯） 寫出兩項資料及其關聯（15 字內） 勾選一項最可能的改革建議 □ 提高婦女保障名額的當選人數 □ 增加小黨競選經費的補助比例 □ 規定政黨提名人數及當選上限 □ 依據政黨得票率換算應得席次,xuece-civ-115-38
分科測驗,xuece-civ,115,公民 39,公民,中美競爭,C,R,S5,T6,C8,中美在電動車產業的競爭,依據該官員的主張，下列哪一事項涉及的中美競爭，最可能是美國調整中國電動車關稅 的關鍵考量？ (A)中國抨擊美國包攬國際事務且對他國實施霸權單邊制裁 (B)中國持續在南海大規模填海造陸且不顧美國嚴正的譴責 (C)中國成為世界第二大經濟體且其名目GDP即將超越美國 (D)中國解放軍所屬的軍官駭客竊取美國某晶片公司的機密,xuece-civ-115-39
分科測驗,xuece-civ,115,公民 40,公民,產業保護,B,R,S5,T2,C1,保護本國產業與就業,依據題文，W 團體的主張最可能是基於下列何種經濟考量？ (A)降低電動車價格，提高電動車市占率促進環境永續 (B)扶植特定產業，精進該項產業製造過程並持續成長 (C)借助國際市場低成本零組件，降低電動車生產成本 (D)提高關稅以改善政府赤字，增進社會整體經濟效率,xuece-civ-115-40
分科測驗,xuece-civ,115,公民 41,公民,世界秩序,B,R,S5,T6,C8,各國政策受大國影響：多極化秩序,依據題文，加拿大改變中國電動車關稅政策，最適合當作哪項世界秩序特性的例證？ (A)推動區域經濟整合常比全球多邊自由貿易更容易達成 (B)經濟合作帶來的效益能突破傳統的國際政治結盟架構 (C)經濟全球化與經貿區域主義對於非強權國家更為不利 (D)建立高度互賴的國際貿易體系能有助於推動國際和平,xuece-civ-115-41
分科測驗,xuece-civ,115,公民 42,公民,非選：勞動市場供需,非選,R,S5,T0,C4,非選：提高關稅對勞動市場的影響,假設其他條件不變，且美國政府參考Y 團體的建議調整關稅措施，對其本國電動車產業 勞動市場均衡薪資與勞動數量有什麼影響？其勞動市場供需線會如何變動？請在答題卷 作答表格左欄先分別寫出對均衡薪資與勞動數量的影響，再於右欄以直線連接甲、乙、 丙、丁其中兩點，畫出一條關稅措施調整後的供需線。（6 分；左欄各5 字內） 寫出對勞動市場均衡薪資與勞動數量的影響 畫出一條關稅措施調整後的供需線 均衡薪資會 薪資 S 乙 丁 甲 均衡勞動數量會 D 丙 勞動數量 0,xuece-civ-115-42
